student_id,institution,country_home,country_host,gender,age,language_proficiency,gpa_prev,attendance_rate,socio_econ_status,marital_status,teaching_style_difference,dropout,cultural_distance,support_program,target_success,completion_status,weekly_engagement,subject_field,timestamp_created
SL000001,Slovak Tech,Sri Lanka,Slovakia,Male,25,B1,76.4,0.8,Medium,Married,0.1,0,0.6,BuddyProgram,0,Failed Exams,0.69|0.81|0.84|0.56|0.74|0.93|0.61|0.53|0.60|0.66|0.79|0.62|0.76|0.44|0.72|0.72|0.78|0.77|0.86|0.82|0.60|0.72|0.64|0.78|0.98|1.00|0.65|0.70|0.64|0.79|0.88|0.70,English Philology,2025-11-02T11:58:25Z
SL000002,Comenius University Bratislava,Sri Lanka,Slovakia,Female,23,B2,60.2,0.83,Medium,Other,0.14,0,0.6,None,1,Completed,0.70|0.76|0.55|0.61|0.57|0.84|0.70|0.65|0.63|0.62|0.70|0.64|0.72|0.83|0.84|0.54|0.69|0.97|0.66|0.73|0.68|0.89|0.84|0.63|0.81|0.70|0.87|0.74|0.72|0.86|0.86|0.35,Logistics,2025-11-02T11:58:25Z
SL000003,Comenius University Bratislava,Bangladesh,Slovakia,Male,20,A2,91.5,0.99,Medium,Other,0.09,1,0.6,LanguageMentor,0,Dropped Out,0.53|0.67|0.84|0.78|0.73|0.75|0.84|0.89|0.57|0.74|0.71|0.56|0.85|0.93|1.00|0.48|0.74|0.90|0.80|0.61|0.96|0.63|0.58|0.64|0.62|0.64|0.81|0.80|0.69|0.77|0.70|0.70,Psychology,2025-11-02T11:58:25Z
SL000004,Slovak Tech,Nigeria,Slovakia,Other,23,B1,74.1,0.84,Low,Married,0.1,1,0.7,Tutoring,0,Dropped Out,0.79|0.89|0.74|1.00|0.81|0.55|0.63|0.69|0.51|0.87|0.83|0.73|0.58|0.85|0.73|0.64|0.79|0.88|0.85|0.61|0.79|0.54|0.73|0.43|0.82|0.70|0.83|0.66|0.71|0.65|0.50|0.72,Engineering,2025-11-02T11:58:25Z
SL000005,Slovak Tech,Sri Lanka,Slovakia,Female,20,C2,55.2,0.89,High,Other,0.06,0,0.6,None,1,Completed,0.86|0.65|0.54|0.80|0.67|0.80|1.00|0.62|0.72|0.61|0.73|0.65|0.68|0.69|1.00|0.92|0.76|0.62|0.99|0.88|0.78|0.76|0.81|0.58|0.70|0.73|0.84|0.39|0.85|0.51|0.78|0.80,Logistics,2025-11-02T11:58:25Z
SL000006,Slovak Tech,Slovakia,Slovakia,Male,21,B1,82.2,0.79,Low,Other,0.21,1,0.1,Counseling,0,Left Country,0.71|0.70|0.82|0.67|0.87|0.76|0.85|0.72|0.81|0.77|0.79|0.84|0.84|0.70|0.60|0.61|0.47|0.91|0.62|0.70|0.94|0.59|0.73|0.59|0.86|0.87|0.53|0.54|0.66|0.70|0.69|0.48,Computer Science,2025-11-02T11:58:25Z
SL000007,Slovak Tech,USA,Slovakia,Male,26,B1,67.8,0.83,Low,Other,0.35,0,0.3,LanguageMentor,1,Completed,0.81|0.71|0.79|0.67|0.45|0.95|0.53|0.74|0.79|0.55|0.66|0.53|0.66|0.78|0.95|0.69|0.84|0.78|0.90|0.66|0.80|0.84|0.65|0.84|0.89|0.68|0.74|0.79|0.70|0.51|0.71|0.63,Computer Science,2025-11-02T11:58:25Z
SL000008,Comenius University Bratislava,India,Slovakia,Prefer not to say,25,C1,73.9,0.75,Low,Other,0.41,0,0.6,BuddyProgram,1,Completed,0.63|0.79|0.99|0.58|0.85|0.54|0.72|0.81|0.89|0.66|0.74|1.00|0.70|0.82|0.61|0.52|0.71|0.87|0.71|0.67|0.58|0.75|0.95|0.88|0.64|0.81|0.67|0.89|0.73|0.61|0.87|0.86,Computer Science,2025-11-02T11:58:25Z
SL000009,Comenius University Bratislava,Italy,Slovakia,Prefer not to say,22,A2,79.7,0.86,Medium,Married,0.45,0,0.1,BuddyProgram,1,Completed,0.65|0.71|0.66|0.94|0.61|0.73|0.73|0.74|1.00|0.64|0.72|0.98|0.78|0.62|0.59|0.47|0.90|0.78|0.58|0.75|0.86|0.55|0.91|0.80|0.78|0.92|0.72|0.69|0.49|0.87|0.65|0.78,Logistics,2025-11-02T11:58:25Z
SL000010,Comenius University Bratislava,Slovakia,Slovakia,Male,26,B1,67.0,0.94,High,Married,0.28,1,0.1,BuddyProgram,0,Dropped Out,0.85|0.75|0.69|0.93|0.60|0.61|0.57|0.86|0.47|0.85|0.80|0.93|0.74|0.84|0.90|0.51|0.95|0.54|0.65|0.75|0.97|0.62|0.76|0.76|0.73|0.79|0.63|0.58|0.59|0.59|0.94|0.76,Engineering,2025-11-02T11:58:25Z
SL000011,Slovak Tech,Vietnam,Slovakia,Female,27,C1,77.6,0.85,High,Married,0.29,0,0.6,None,1,Completed,0.74|0.60|0.79|0.84|0.84|0.59|0.38|0.69|0.84|0.69|0.75|0.91|0.69|0.61|0.61|0.67|0.75|0.82|0.44|0.82|0.59|0.51|0.73|0.82|0.70|0.59|0.57|0.79|0.62|0.75|0.75|0.77,Data Science,2025-11-02T11:58:25Z
SL000012,Slovak Tech,Slovakia,Slovakia,Male,22,C2,83.3,0.89,High,Other,0.44,0,0.1,LanguageMentor,1,Completed,0.81|0.60|0.78|0.86|0.81|0.82|0.73|0.92|0.61|0.60|0.80|0.77|0.79|0.81|0.53|0.70|0.57|0.71|0.70|0.66|0.83|0.77|0.81|0.52|0.81|0.77|0.73|0.53|0.57|0.68|0.82|0.82,Data Science,2025-11-02T11:58:25Z
SL000013,Comenius University Bratislava,Sri Lanka,Slovakia,Prefer not to say,27,B2,80.2,1.0,Low,Other,0.32,0,0.6,None,1,Completed,0.83|0.70|0.59|0.85|0.74|0.59|0.76|0.89|0.82|0.47|0.72|0.98|0.54|0.80|0.64|0.67|0.82|0.39|0.66|0.71|0.74|0.72|0.92|0.72|0.63|0.66|0.67|0.63|0.69|0.65|0.64|0.84,Economics,2025-11-02T11:58:25Z
SL000014,Comenius University Bratislava,Brazil,Slovakia,Female,24,A2,60.2,0.97,High,Married,0.33,0,0.5,LanguageMentor,0,Failed Exams,0.62|0.50|0.87|0.67|0.67|0.57|0.83|0.85|0.66|0.96|0.63|0.71|0.79|0.46|0.89|0.64|0.50|0.83|0.64|0.71|0.57|0.73|0.60|0.50|0.60|0.82|0.70|0.78|0.82|0.86|0.58|0.69,Business,2025-11-02T11:58:25Z
SL000015,Comenius University Bratislava,Latvia,Slovakia,Prefer not to say,25,C2,68.3,0.84,High,Other,0.27,0,0.1,Tutoring,1,Completed,0.62|0.91|0.70|0.83|0.61|0.63|0.63|0.54|0.52|0.42|0.97|0.69|0.74|0.76|0.92|0.80|0.74|0.57|0.85|0.63|0.62|0.84|0.88|0.89|1.00|0.93|0.77|0.80|0.82|0.82|0.89|0.59,Logistics,2025-11-02T11:58:25Z
SL000016,Slovak Tech,Latvia,Slovakia,Prefer not to say,27,C1,58.2,0.89,Medium,Single,0.54,0,0.1,None,1,Completed,0.59|0.94|0.54|0.73|0.62|0.72|0.59|0.61|0.75|0.78|0.85|0.48|0.44|0.71|0.76|0.88|0.49|0.80|0.71|0.62|0.57|0.73|0.76|0.75|0.81|0.64|0.87|0.99|0.93|0.71|0.74|0.79,Engineering,2025-11-02T11:58:25Z
SL000017,Slovak Tech,Pakistan,Slovakia,Male,24,B2,80.7,0.89,High,Other,0.05,0,0.6,None,1,Completed,0.64|0.90|0.77|0.85|0.93|0.69|0.55|0.43|0.73|0.74|1.00|0.83|0.78|0.72|0.66|0.70|0.83|0.67|0.65|0.60|0.68|0.54|0.80|0.82|0.88|0.59|0.65|0.94|0.77|0.79|0.87|0.55,English Philology,2025-11-02T11:58:25Z
SL000018,Comenius University Bratislava,Sri Lanka,Slovakia,Female,27,C1,67.2,0.71,Medium,Married,0.25,0,0.6,None,0,Failed Exams,0.59|0.84|0.69|0.62|0.92|0.60|0.54|0.61|0.67|0.72|0.69|0.95|0.73|0.78|0.57|0.87|0.89|0.67|0.68|0.92|0.89|0.83|0.74|0.83|1.00|0.61|0.59|0.66|0.85|0.78|0.71|0.42,Data Science,2025-11-02T11:58:25Z
SL000019,Comenius University Bratislava,Pakistan,Slovakia,Male,22,B2,65.4,0.93,High,Single,0.3,0,0.6,Tutoring,1,Completed,0.98|0.74|0.65|0.60|0.40|0.85|0.69|0.93|1.00|0.69|0.77|0.73|0.72|0.52|0.65|0.86|0.65|1.00|0.73|0.82|0.77|0.66|0.90|0.72|0.63|0.72|0.80|0.80|0.60|0.70|0.68|0.77,Psychology,2025-11-02T11:58:25Z
SL000020,Slovak Tech,Vietnam,Slovakia,Other,23,B1,67.2,0.8,High,Single,0.43,0,0.6,BuddyProgram,1,Completed,0.65|0.57|0.77|0.78|0.74|0.73|0.80|0.67|0.83|0.57|0.98|0.85|0.65|0.78|0.78|0.69|0.66|0.78|0.74|0.78|0.76|0.93|0.85|0.83|0.92|0.56|0.94|0.66|0.92|0.51|0.74|0.78,Engineering,2025-11-02T11:58:25Z
SL000021,Slovak Tech,Spain,Slovakia,Prefer not to say,24,C1,80.8,0.92,Low,Married,0.49,0,0.1,LanguageMentor,1,Completed,0.91|0.82|0.81|0.77|0.77|0.65|0.58|0.83|0.68|0.53|1.00|0.64|0.68|0.51|0.65|0.74|0.89|0.86|0.57|0.69|0.86|0.74|0.75|0.71|0.65|0.68|0.47|0.69|0.84|0.76|0.83|0.65,Computer Science,2025-11-02T11:58:25Z
SL000022,Slovak Tech,Bangladesh,Slovakia,Prefer not to say,24,A2,76.9,1.0,Medium,Other,0.3,0,0.6,None,1,Completed,0.53|0.61|0.60|0.71|0.81|0.34|0.79|0.79|0.59|0.75|0.93|0.87|0.75|0.56|0.83|0.96|0.68|0.64|0.66|0.65|0.82|0.58|0.66|0.67|0.61|0.72|0.77|0.82|0.91|0.82|0.84|0.68,Logistics,2025-11-02T11:58:25Z
SL000023,Comenius University Bratislava,Slovakia,Slovakia,Prefer not to say,20,B2,70.0,0.9,High,Single,0.1,0,0.1,None,1,Completed,0.81|0.62|0.81|0.81|0.84|0.70|0.70|0.90|0.71|0.74|0.60|0.86|0.75|0.85|0.79|0.72|0.68|0.98|0.79|0.78|0.95|0.74|0.87|0.80|0.43|1.00|0.90|0.63|0.53|0.77|0.65|0.67,Engineering,2025-11-02T11:58:25Z
SL000024,Slovak Tech,Pakistan,Slovakia,Female,19,B2,64.7,1.0,Medium,Other,0.19,0,0.6,LanguageMentor,1,Completed,0.66|0.96|0.94|0.80|0.91|0.68|1.00|0.69|0.76|0.45|0.65|0.78|0.72|0.58|0.80|0.82|0.75|0.70|0.67|0.79|0.50|0.69|0.71|0.54|0.68|0.93|0.86|0.64|0.64|0.91|0.83|0.89,Psychology,2025-11-02T11:58:25Z
SL000025,Slovak Tech,Latvia,Slovakia,Male,19,C2,72.8,0.91,Low,Other,0.06,0,0.1,None,1,Completed,0.72|0.87|0.64|0.47|0.74|0.68|0.71|0.77|0.52|0.63|0.77|0.89|0.67|0.66|0.89|0.71|0.85|0.57|0.63|0.74|0.72|0.77|0.67|0.83|0.79|0.95|0.53|0.85|0.80|0.68|0.59|0.83,Business,2025-11-02T11:58:25Z
SL000026,Comenius University Bratislava,Sri Lanka,Slovakia,Female,21,A2,66.8,1.0,Low,Single,0.5,0,0.6,LanguageMentor,0,Failed Exams,0.80|0.76|0.92|0.62|0.84|0.83|0.57|0.80|0.71|0.91|0.88|0.76|0.57|0.71|0.70|0.54|0.74|0.62|0.47|0.79|0.52|0.70|0.65|0.73|0.61|0.83|0.68|0.65|0.71|0.85|0.88|0.68,Computer Science,2025-11-02T11:58:25Z
SL000027,Comenius University Bratislava,Vietnam,Slovakia,Prefer not to say,26,B2,72.9,0.74,Low,Single,0.33,0,0.6,None,1,Completed,0.72|0.90|0.74|0.48|0.68|0.93|0.89|0.63|0.74|0.84|0.68|0.62|0.59|0.80|0.62|0.93|0.75|0.85|0.81|0.71|0.75|0.75|0.74|0.57|0.61|0.72|0.70|0.63|0.99|0.85|0.73|0.77,Business,2025-11-02T11:58:25Z
SL000028,Comenius University Bratislava,Brazil,Slovakia,Other,25,C1,63.4,1.0,High,Single,0.46,1,0.5,Tutoring,0,Dropped Out,0.83|0.71|0.65|0.68|0.86|0.59|0.88|0.79|0.84|0.75|0.75|0.63|0.80|0.72|0.74|0.65|0.81|0.82|0.63|0.90|0.71|0.73|0.89|0.87|0.84|0.80|0.77|0.62|0.63|0.85|0.79|0.69,Logistics,2025-11-02T11:58:25Z
SL000029,Comenius University Bratislava,Bangladesh,Slovakia,Other,19,A2,70.0,0.9,Low,Other,0.17,0,0.6,Tutoring,1,Completed,0.74|0.65|0.62|0.76|0.73|0.79|0.40|0.66|0.56|0.98|0.69|0.91|0.81|0.89|0.69|0.81|0.72|0.85|0.74|0.91|0.72|0.83|0.50|1.00|0.74|0.50|0.70|0.69|0.62|0.76|0.60|0.87,Logistics,2025-11-02T11:58:25Z
SL000030,Slovak Tech,Nigeria,Slovakia,Male,26,B2,64.4,0.91,High,Other,0.4,1,0.7,None,0,Left Country,0.55|0.81|0.63|0.83|0.81|0.50|0.73|0.67|0.81|0.79|0.48|0.67|0.89|0.43|0.78|0.66|0.69|0.70|0.84|0.59|0.79|0.62|0.98|0.72|0.66|0.79|0.55|0.70|0.89|0.52|0.80|0.72,Logistics,2025-11-02T11:58:25Z
SL000031,Comenius University Bratislava,Sri Lanka,Slovakia,Other,21,C2,71.2,0.92,High,Single,0.49,0,0.6,Counseling,0,Transferred,0.69|0.70|0.82|0.68|0.46|0.89|0.64|0.86|0.84|0.61|1.00|0.87|0.64|0.58|0.70|0.65|0.66|0.54|0.74|0.81|0.86|0.43|0.87|0.65|0.52|0.94|0.81|0.53|0.97|0.59|0.66|0.45,Computer Science,2025-11-02T11:58:25Z
SL000032,Comenius University Bratislava,Brazil,Slovakia,Other,26,C2,78.9,0.76,High,Single,0.02,0,0.5,None,1,Completed,0.51|0.77|0.61|0.77|0.76|0.58|0.78|0.64|0.65|0.75|0.71|0.56|0.74|0.84|0.70|0.88|0.56|0.72|0.69|0.74|0.71|0.90|0.56|0.78|0.90|0.86|0.43|0.67|0.78|0.95|0.76|0.78,English Philology,2025-11-02T11:58:25Z
SL000033,Slovak Tech,Bangladesh,Slovakia,Male,27,C2,67.6,0.87,High,Other,0.19,0,0.6,None,0,Transferred,0.59|1.00|0.40|0.69|0.73|0.77|0.83|0.53|0.76|0.77|1.00|0.69|0.67|0.80|0.72|0.67|0.89|0.61|0.62|0.64|0.86|0.73|0.50|0.63|0.85|0.89|0.98|0.63|0.78|0.96|0.89|0.97,Economics,2025-11-02T11:58:25Z
SL000034,Comenius University Bratislava,Latvia,Slovakia,Female,22,A2,63.5,0.74,Medium,Other,0.07,0,0.1,BuddyProgram,0,Failed Exams,0.69|0.91|0.85|0.80|0.68|0.71|0.69|0.71|0.80|0.91|0.53|0.76|0.46|0.82|0.61|0.82|0.59|0.88|0.64|0.75|0.56|0.74|0.82|0.85|0.77|0.56|0.66|0.78|0.64|0.78|0.49|0.79,Economics,2025-11-02T11:58:25Z
SL000035,Comenius University Bratislava,India,Slovakia,Prefer not to say,28,C2,72.1,0.95,High,Single,0.09,0,0.6,Counseling,1,Completed,0.52|0.79|0.72|0.58|0.71|0.41|0.82|0.69|0.97|0.90|0.80|0.72|0.83|0.82|0.65|0.67|0.78|0.78|0.70|0.76|0.61|0.91|0.75|0.77|0.62|0.89|0.77|0.77|0.61|0.75|0.97|0.69,Economics,2025-11-02T11:58:25Z
SL000036,Slovak Tech,Italy,Slovakia,Male,22,C1,77.6,0.86,Medium,Married,0.18,1,0.1,LanguageMentor,0,Dropped Out,0.65|0.68|0.69|0.84|0.79|0.46|0.60|0.79|0.72|0.87|0.81|0.90|0.63|0.49|0.68|0.82|0.86|0.73|0.67|0.69|0.72|0.56|0.84|0.95|0.72|1.00|0.82|0.53|0.52|0.69|0.58|0.54,Economics,2025-11-02T11:58:25Z
SL000037,Slovak Tech,Nigeria,Slovakia,Female,28,B1,68.5,0.89,Low,Single,0.32,1,0.7,Tutoring,0,Dropped Out,0.58|0.96|0.48|0.71|0.61|0.83|0.66|0.64|0.74|0.74|0.68|0.93|0.87|0.81|0.73|0.79|0.58|0.87|0.55|0.45|0.64|0.53|0.85|0.55|0.71|0.62|0.74|0.82|0.80|0.65|0.76|0.89,Economics,2025-11-02T11:58:25Z
SL000038,Comenius University Bratislava,Sri Lanka,Slovakia,Other,26,B2,69.6,0.9,Low,Married,0.18,0,0.6,LanguageMentor,1,Completed,0.66|0.82|0.80|0.62|1.00|0.80|0.48|0.76|0.53|0.79|0.59|0.72|0.49|0.63|1.00|0.96|0.88|0.48|0.84|0.90|0.61|0.78|0.73|0.80|0.86|0.64|0.75|0.70|0.59|0.67|0.88|0.71,English Philology,2025-11-02T11:58:25Z
SL000039,Comenius University Bratislava,India,Slovakia,Female,23,C1,64.5,0.76,High,Married,0.66,1,0.6,Counseling,0,Dropped Out,0.33|0.81|0.67|0.76|0.78|0.74|0.75|0.87|0.81|0.83|0.49|0.65|0.64|0.47|0.72|0.66|0.46|0.45|0.56|0.40|0.58|0.45|0.60|0.51|0.47|0.58|0.84|0.68|0.66|0.85|0.42|0.59,Business,2025-11-02T11:58:25Z
SL000040,Slovak Tech,Vietnam,Slovakia,Male,27,C2,79.4,0.77,Low,Other,0.46,0,0.6,BuddyProgram,0,Failed Exams,0.62|0.92|0.93|0.73|0.61|0.62|0.59|0.83|0.72|0.72|0.80|0.83|0.78|0.54|0.71|0.64|0.44|0.77|0.64|0.51|0.67|0.53|0.69|1.00|0.59|0.56|0.82|0.64|0.80|0.68|0.88|0.99,Engineering,2025-11-02T11:58:25Z
SL000041,Slovak Tech,Brazil,Slovakia,Female,31,B1,63.3,0.88,Medium,Single,0.26,1,0.5,LanguageMentor,0,Administrative Withdrawal,0.73|0.70|0.61|0.76|0.64|0.70|0.60|0.57|0.96|0.66|0.86|0.65|0.78|0.72|0.66|0.79|0.92|0.69|0.79|0.90|0.54|0.65|0.77|0.59|0.65|0.90|0.91|0.98|0.72|0.79|0.65|0.79,Business,2025-11-02T11:58:25Z
SL000042,Comenius University Bratislava,Sri Lanka,Slovakia,Other,28,B2,78.2,0.82,High,Single,0.26,0,0.6,None,1,Completed,0.77|0.74|0.91|0.54|0.49|0.67|0.70|0.67|0.72|0.68|0.54|0.70|0.70|0.76|0.78|0.75|0.63|0.81|0.74|0.83|0.91|1.00|0.62|0.75|0.55|0.68|0.51|0.71|0.66|0.54|0.84|0.81,Computer Science,2025-11-02T11:58:25Z
SL000043,Comenius University Bratislava,Brazil,Slovakia,Male,21,C2,68.2,0.87,High,Single,0.67,0,0.5,LanguageMentor,1,Completed,0.64|0.54|0.79|0.62|0.65|0.59|0.54|0.59|0.67|0.50|0.65|0.42|0.56|0.79|0.57|0.57|0.50|0.48|0.63|0.43|0.40|0.60|0.31|0.37|0.58|0.85|0.92|0.80|0.82|0.80|0.91|0.49,Logistics,2025-11-02T11:58:25Z
SL000044,Slovak Tech,Bangladesh,Slovakia,Prefer not to say,18,C1,82.1,0.95,Medium,Single,0.38,0,0.6,None,1,Ongoing,0.59|0.40|1.00|0.66|0.80|0.77|0.70|0.72|0.79|0.85|0.88|0.79|0.73|0.42|0.83|0.73|0.26|0.96|0.70|0.94|0.71|0.61|0.83|0.46|0.65|0.55|0.74|0.82|0.81|1.00|0.45|0.78,Psychology,2025-11-02T11:58:25Z
SL000045,Comenius University Bratislava,Pakistan,Slovakia,Female,20,B2,80.6,0.92,Low,Married,0.15,0,0.6,None,1,Completed,0.78|0.64|0.77|0.71|0.69|0.59|0.54|0.47|0.80|0.71|0.88|0.69|0.71|0.78|0.84|0.55|0.79|0.60|0.70|0.26|0.71|0.79|0.79|0.68|0.77|0.73|0.82|1.00|0.88|0.86|0.64|0.70,Engineering,2025-11-02T11:58:25Z
SL000046,Slovak Tech,Slovakia,Slovakia,Other,26,B1,87.1,0.81,Low,Single,0.49,0,0.1,None,1,Completed,0.84|0.74|0.58|0.85|0.45|0.54|0.94|0.77|0.61|0.76|0.57|0.53|0.70|0.75|1.00|0.78|0.73|0.74|0.79|0.58|0.75|0.72|0.77|0.94|0.83|0.80|0.53|1.00|0.74|0.60|0.64|0.63,English Philology,2025-11-02T11:58:25Z
SL000047,Slovak Tech,Slovakia,Slovakia,Male,20,B2,74.4,0.92,Low,Other,0.31,0,0.1,Counseling,1,Completed,0.65|1.00|0.80|0.66|0.72|0.88|0.64|0.75|0.79|0.82|0.50|0.85|0.75|0.70|0.87|0.86|0.72|0.71|0.54|0.76|0.73|0.84|0.79|0.59|0.55|0.72|0.48|0.72|0.78|0.75|0.71|0.71,Logistics,2025-11-02T11:58:25Z
SL000048,Slovak Tech,Ukraine,Slovakia,Male,28,B1,72.6,0.83,Medium,Married,0.12,1,0.1,BuddyProgram,0,Left Country,0.63|0.69|0.76|0.65|0.65|0.76|0.80|0.79|0.58|0.63|0.79|0.66|0.55|0.79|0.48|0.73|0.83|0.71|0.86|0.64|0.85|0.77|0.82|0.66|0.50|0.94|0.72|0.65|0.59|0.74|0.47|0.81,Computer Science,2025-11-02T11:58:25Z
SL000049,Slovak Tech,Brazil,Slovakia,Prefer not to say,23,A2,77.6,0.82,High,Single,0.69,1,0.5,None,0,Dropped Out,0.46|0.78|0.90|0.66|0.78|0.96|0.72|0.82|0.46|0.75|0.63|0.73|0.74|0.53|0.55|0.45|0.51|0.36|0.65|0.81|0.42|0.62|0.60|0.56|0.84|0.66|0.64|0.74|0.58|0.67|0.60|0.53,English Philology,2025-11-02T11:58:25Z
SL000050,Comenius University Bratislava,USA,Slovakia,Female,24,C2,72.5,0.91,High,Other,0.35,0,0.3,LanguageMentor,1,Completed,0.67|0.67|0.71|0.58|0.66|0.94|0.85|0.78|0.73|0.73|0.93|0.78|0.66|0.88|0.89|0.58|0.95|0.78|0.79|0.57|0.46|0.82|0.66|0.65|0.66|0.67|0.57|0.77|0.73|0.83|0.75|0.72,Psychology,2025-11-02T11:58:25Z
SL000051,Slovak Tech,Brazil,Slovakia,Female,19,C1,64.7,0.96,Medium,Single,0.19,0,0.5,None,1,Ongoing,0.55|0.76|0.67|0.77|0.93|0.88|0.52|0.76|0.89|0.74|0.63|0.85|0.88|0.76|0.62|0.69|0.72|0.72|0.53|0.67|0.72|0.79|0.74|0.62|0.65|0.66|0.83|0.99|0.73|0.42|0.77|0.86,Engineering,2025-11-02T11:58:25Z
SL000052,Slovak Tech,Ukraine,Slovakia,Male,26,B1,66.9,0.84,Medium,Single,0.36,0,0.1,Tutoring,1,Completed,0.52|0.63|0.82|0.71|0.72|0.91|0.50|0.48|0.69|0.96|0.81|0.61|0.87|0.64|0.83|0.76|0.80|0.75|0.79|0.81|0.89|0.73|0.55|0.93|0.80|0.74|0.68|0.63|0.74|0.80|0.71|1.00,Computer Science,2025-11-02T11:58:25Z
SL000053,Comenius University Bratislava,Nigeria,Slovakia,Prefer not to say,22,B1,66.0,0.69,High,Single,0.54,0,0.7,None,0,Transferred,0.64|0.55|0.74|0.72|0.74|0.61|0.62|0.89|0.79|0.89|0.58|0.73|0.66|0.66|0.84|0.75|0.78|0.66|0.82|0.90|0.73|0.75|0.75|0.77|0.69|1.00|0.64|0.83|0.80|0.73|0.66|0.97,English Philology,2025-11-02T11:58:25Z
SL000054,Comenius University Bratislava,Slovakia,Slovakia,Prefer not to say,22,A2,82.7,0.85,High,Married,0.33,0,0.1,Tutoring,1,Completed,0.62|0.84|0.80|0.76|0.85|0.78|0.78|0.77|0.73|0.69|0.67|0.81|0.62|0.63|0.88|0.74|0.87|0.56|0.92|0.79|0.86|0.72|0.71|0.72|0.91|1.00|0.65|0.75|0.77|0.50|0.70|0.54,Psychology,2025-11-02T11:58:25Z
SL000055,Slovak Tech,Nigeria,Slovakia,Female,23,C2,70.2,0.93,Low,Married,0.53,0,0.7,None,1,Completed,0.76|0.84|0.62|0.76|0.68|0.71|0.68|0.84|0.75|0.74|0.67|0.72|0.90|0.63|0.74|0.60|0.66|0.83|0.75|0.54|0.71|0.93|0.70|0.61|0.62|0.58|0.87|0.73|0.89|0.63|0.71|0.68,Computer Science,2025-11-02T11:58:25Z
SL000056,Comenius University Bratislava,India,Slovakia,Female,25,A2,80.3,0.87,Low,Married,0.48,1,0.6,None,0,Administrative Withdrawal,0.80|0.86|0.88|0.84|0.74|0.66|0.76|0.80|0.96|0.62|0.71|0.61|0.70|0.74|0.55|0.86|0.67|0.72|0.58|0.50|0.79|0.65|0.71|0.71|0.68|0.69|0.83|0.75|0.74|0.89|0.66|0.56,Logistics,2025-11-02T11:58:25Z
SL000057,Slovak Tech,USA,Slovakia,Other,28,B2,63.5,0.87,Medium,Married,0.14,0,0.3,Tutoring,1,Completed,0.57|0.71|0.76|0.77|0.74|0.92|0.94|0.72|0.78|0.69|1.00|0.79|0.78|0.53|0.56|0.66|0.47|0.90|0.55|0.89|0.96|0.72|0.75|1.00|0.54|0.56|0.92|0.58|0.89|0.40|0.76|0.79,Computer Science,2025-11-02T11:58:25Z
SL000058,Slovak Tech,India,Slovakia,Other,27,C1,54.7,0.89,Low,Married,0.34,1,0.6,BuddyProgram,0,Dropped Out,0.87|0.94|0.67|0.76|0.75|0.68|0.71|0.59|0.84|0.48|0.71|0.96|0.60|0.75|0.82|0.62|0.78|0.97|0.60|0.85|0.88|0.68|0.69|0.70|0.73|0.57|0.64|0.73|0.55|0.71|0.61|0.53,Data Science,2025-11-02T11:58:25Z
SL000059,Slovak Tech,Nigeria,Slovakia,Prefer not to say,27,B2,67.8,1.0,Medium,Single,0.3,0,0.7,None,1,Completed,0.43|0.55|0.73|0.85|0.75|1.00|0.85|0.70|0.86|0.67|0.98|0.76|0.85|0.81|0.80|0.73|0.63|0.73|0.74|0.66|0.79|0.72|0.58|0.81|0.59|0.59|0.82|0.60|0.50|0.57|0.88|0.66,Economics,2025-11-02T11:58:25Z
SL000060,Slovak Tech,Ukraine,Slovakia,Prefer not to say,21,B1,66.8,0.75,Medium,Other,0.11,1,0.1,LanguageMentor,0,Administrative Withdrawal,1.00|0.84|0.84|0.64|0.66|0.67|0.56|0.86|0.38|0.91|0.92|0.61|0.75|0.91|0.60|0.60|0.64|0.96|0.62|0.65|0.67|0.30|0.82|0.86|0.55|0.74|0.76|0.80|0.79|0.73|0.60|0.67,Economics,2025-11-02T11:58:25Z
SL000061,Slovak Tech,Pakistan,Slovakia,Female,29,B1,78.1,0.92,High,Married,0.33,1,0.6,None,0,Dropped Out,0.66|0.67|0.99|0.75|0.75|0.85|0.61|0.86|0.63|0.64|0.91|0.72|0.80|0.88|0.98|0.85|0.69|0.93|1.00|0.76|0.68|0.88|0.84|0.76|0.72|0.83|0.85|0.48|0.89|0.79|0.89|0.76,Engineering,2025-11-02T11:58:25Z
SL000062,Comenius University Bratislava,Nigeria,Slovakia,Male,20,C1,62.2,1.0,Medium,Other,0.3,0,0.7,LanguageMentor,1,Completed,0.83|0.68|0.98|1.00|0.72|0.78|0.83|0.88|0.64|0.80|0.69|1.00|0.81|0.71|0.78|0.53|0.75|0.81|0.96|0.70|0.81|0.67|0.84|0.68|0.75|0.84|0.76|0.81|0.55|0.64|1.00|0.72,Psychology,2025-11-02T11:58:25Z
SL000063,Slovak Tech,Bangladesh,Slovakia,Female,22,A2,76.0,0.77,Medium,Other,0.23,1,0.6,Tutoring,0,Left Country,0.85|0.59|0.92|1.00|1.00|0.95|0.58|0.85|0.82|0.91|0.71|0.73|0.80|0.85|0.71|0.57|0.66|0.72|0.75|0.66|0.87|0.68|0.65|0.52|0.80|0.63|0.61|0.59|0.73|0.82|0.64|0.75,Economics,2025-11-02T11:58:26Z
SL000064,Comenius University Bratislava,Sri Lanka,Slovakia,Male,21,B2,77.9,0.9,Low,Other,0.24,0,0.6,None,1,Completed,0.68|0.52|0.88|0.58|0.67|1.00|0.67|0.79|0.45|0.95|0.78|0.70|0.66|0.73|0.74|1.00|0.64|0.66|0.66|0.92|0.76|1.00|0.67|0.71|0.99|0.65|0.83|0.59|0.66|0.65|0.72|0.95,Computer Science,2025-11-02T11:58:26Z
SL000065,Comenius University Bratislava,Pakistan,Slovakia,Other,28,C2,72.6,0.81,Medium,Married,0.15,0,0.6,None,1,Completed,0.78|0.74|0.69|0.81|1.00|0.72|0.65|0.66|0.94|0.53|0.89|0.78|0.80|0.67|0.68|0.73|0.47|0.99|0.60|0.88|0.75|0.83|0.78|0.82|0.74|0.77|0.66|0.93|0.78|0.58|0.57|0.53,Engineering,2025-11-02T11:58:26Z
SL000066,Slovak Tech,Vietnam,Slovakia,Male,28,C1,75.8,0.92,Low,Single,0.31,0,0.6,Tutoring,1,Completed,0.64|0.60|0.56|0.78|0.59|0.80|0.79|0.55|1.00|0.70|0.71|0.73|0.38|0.64|0.82|0.68|0.58|0.72|0.98|0.68|0.75|0.69|0.74|0.66|0.57|0.91|0.80|0.81|0.61|0.49|0.91|0.82,Computer Science,2025-11-02T11:58:26Z
SL000067,Comenius University Bratislava,Italy,Slovakia,Female,23,C2,61.1,0.76,High,Married,0.05,0,0.1,None,0,Transferred,0.86|1.00|0.53|0.87|0.67|0.72|0.62|0.53|0.82|1.00|0.80|0.83|0.79|0.65|0.62|0.84|0.87|0.86|0.65|0.66|0.53|0.72|0.64|0.96|0.74|0.92|0.53|0.63|0.77|0.78|0.97|0.75,Computer Science,2025-11-02T11:58:26Z
SL000068,Comenius University Bratislava,Brazil,Slovakia,Female,24,A2,53.9,0.83,High,Married,0.63,0,0.5,None,1,Completed,0.67|0.90|0.86|0.74|0.76|0.94|0.72|0.90|0.78|0.62|0.67|0.59|0.58|0.64|0.72|0.47|0.60|0.34|0.28|0.63|0.50|0.60|0.59|0.48|0.68|0.68|0.48|0.74|0.66|0.77|0.75|0.46,Psychology,2025-11-02T11:58:26Z
SL000069,Slovak Tech,Ukraine,Slovakia,Male,26,A2,76.1,0.89,High,Single,0.44,0,0.1,Counseling,0,Failed Exams,0.91|0.61|0.82|0.84|0.84|0.44|0.75|0.76|0.73|0.77|0.76|0.81|0.91|0.80|0.55|0.59|0.79|0.65|0.84|0.83|0.87|0.77|0.99|0.61|0.81|0.71|0.76|0.67|0.60|0.83|0.64|0.79,Logistics,2025-11-02T11:58:26Z
SL000070,Slovak Tech,Bangladesh,Slovakia,Female,24,A2,75.1,0.94,Medium,Married,0.25,0,0.6,Tutoring,1,Completed,0.62|0.70|0.68|0.75|0.90|0.91|0.54|0.75|0.73|0.89|0.55|0.64|0.80|0.69|0.56|0.64|0.89|0.59|0.65|0.79|0.79|0.64|0.72|0.79|0.88|0.71|0.74|0.80|0.75|0.48|0.70|0.70,Psychology,2025-11-02T11:58:26Z
SL000071,Comenius University Bratislava,Brazil,Slovakia,Male,18,B2,67.8,0.88,High,Other,0.36,0,0.5,BuddyProgram,0,Transferred,0.78|0.78|0.79|0.67|0.60|0.85|0.75|0.81|0.57|0.79|0.57|0.79|0.70|0.74|0.79|0.44|0.84|0.85|0.75|0.58|0.82|0.66|0.65|0.60|0.71|0.85|0.81|0.95|0.68|0.71|0.91|0.72,Engineering,2025-11-02T11:58:26Z
SL000072,Slovak Tech,Nigeria,Slovakia,Other,21,B2,63.5,0.86,Low,Single,0.19,0,0.7,Tutoring,1,Completed,0.71|0.71|0.76|0.52|0.90|0.81|0.70|0.77|0.78|1.00|0.54|0.65|0.77|0.58|0.75|0.74|0.73|1.00|0.64|0.53|0.70|0.97|0.68|0.98|0.56|0.70|0.67|0.55|0.76|0.58|0.77|0.77,Data Science,2025-11-02T11:58:26Z
SL000073,Slovak Tech,Pakistan,Slovakia,Prefer not to say,25,C2,75.5,0.76,Low,Single,0.39,0,0.6,LanguageMentor,1,Completed,0.75|0.94|0.82|0.74|0.86|0.67|0.69|0.83|0.56|0.74|0.78|0.94|0.69|0.88|0.96|0.71|0.82|0.56|0.77|0.94|0.69|0.77|0.76|0.83|0.62|0.67|0.82|0.74|1.00|0.75|0.87|0.70,Economics,2025-11-02T11:58:26Z
SL000074,Comenius University Bratislava,Italy,Slovakia,Male,27,A2,77.5,0.86,Low,Other,0.06,1,0.1,None,0,Administrative Withdrawal,0.85|0.75|0.72|0.85|0.78|0.59|0.72|0.68|0.60|0.73|0.72|0.62|0.97|0.77|0.77|0.64|0.68|0.73|0.83|1.00|0.87|0.92|0.82|0.84|0.62|0.72|0.59|0.46|0.69|0.77|0.96|0.87,Data Science,2025-11-02T11:58:26Z
SL000075,Comenius University Bratislava,Slovakia,Slovakia,Other,24,C2,57.5,0.92,High,Single,0.48,0,0.1,None,0,Failed Exams,0.68|0.56|0.68|0.66|0.77|0.79|0.88|0.66|0.70|0.51|0.93|0.91|0.86|0.68|0.79|0.99|0.81|0.73|0.82|0.73|0.95|0.65|0.77|0.60|0.84|0.75|0.68|0.58|0.61|0.73|0.64|0.74,Data Science,2025-11-02T11:58:26Z
SL000076,Comenius University Bratislava,Italy,Slovakia,Other,23,C2,72.4,0.88,Low,Single,0.01,0,0.1,None,1,Completed,0.72|0.84|0.59|0.70|0.58|0.87|0.73|0.76|0.50|0.86|0.73|0.85|0.63|0.63|0.96|0.77|0.70|0.56|0.79|0.57|0.93|0.74|0.94|1.00|0.63|0.79|0.86|0.67|0.91|0.64|0.62|0.71,Engineering,2025-11-02T11:58:26Z
SL000077,Comenius University Bratislava,Pakistan,Slovakia,Prefer not to say,20,C1,64.7,0.91,Low,Married,0.25,0,0.6,BuddyProgram,1,Completed,0.86|0.57|0.73|0.68|0.84|0.70|1.00|0.77|0.79|0.81|0.60|0.89|0.92|0.81|0.87|0.76|0.73|0.68|0.69|0.81|0.78|0.71|0.78|0.69|0.64|0.79|0.59|0.60|0.76|0.75|0.58|0.56,Economics,2025-11-02T11:58:26Z
SL000078,Comenius University Bratislava,Italy,Slovakia,Male,20,B1,72.3,0.89,Low,Married,0.05,0,0.1,LanguageMentor,0,Failed Exams,0.84|0.70|0.79|0.75|0.71|0.79|0.67|0.64|0.84|0.57|0.50|0.69|0.94|0.67|0.71|0.96|0.65|0.41|0.65|0.84|0.75|0.38|1.00|0.65|0.63|0.72|0.87|0.87|0.71|0.57|0.71|0.75,Computer Science,2025-11-02T11:58:26Z
SL000079,Slovak Tech,Pakistan,Slovakia,Prefer not to say,22,C2,85.5,0.86,High,Married,0.48,0,0.6,Tutoring,1,Completed,0.74|0.69|0.68|0.65|0.71|0.86|0.68|0.82|0.75|0.78|0.77|0.55|0.64|0.47|0.70|0.58|0.94|0.88|0.54|1.00|1.00|0.82|0.51|0.88|0.91|0.72|0.91|0.81|0.71|0.87|0.79|0.74,Business,2025-11-02T11:58:26Z
SL000080,Comenius University Bratislava,Sri Lanka,Slovakia,Other,21,C1,73.2,0.88,High,Other,0.31,0,0.6,BuddyProgram,1,Completed,0.64|0.68|0.66|0.66|0.68|0.62|0.81|0.62|0.79|0.81|0.84|0.84|0.91|0.75|0.75|0.84|0.72|0.76|0.70|0.79|0.58|0.41|0.71|0.75|0.70|0.82|0.80|0.77|0.74|0.52|0.90|0.79,Engineering,2025-11-02T11:58:26Z
SL000081,Slovak Tech,Brazil,Slovakia,Other,22,C1,62.2,0.91,Low,Single,0.16,0,0.5,BuddyProgram,0,Failed Exams,0.96|0.84|1.00|0.85|0.71|0.65|0.62|0.67|0.95|0.89|0.79|0.76|0.75|0.48|0.72|0.91|0.67|0.76|0.68|0.87|0.68|0.92|0.81|0.61|0.78|0.65|0.76|0.69|0.87|0.68|0.82|0.64,Psychology,2025-11-02T11:58:26Z
SL000082,Slovak Tech,Latvia,Slovakia,Male,26,A2,64.7,0.83,High,Single,0.46,1,0.1,Tutoring,0,Administrative Withdrawal,0.61|0.68|0.89|0.69|0.67|0.82|0.86|0.61|0.56|0.70|0.85|0.37|0.91|0.91|0.73|0.73|0.79|0.60|0.72|0.76|0.63|0.43|0.68|0.55|0.70|0.85|0.85|0.49|0.74|0.57|0.91|0.63,Business,2025-11-02T11:58:26Z
SL000083,Slovak Tech,Spain,Slovakia,Other,25,B1,62.1,0.93,High,Married,0.16,0,0.1,None,1,Completed,0.73|0.70|0.55|0.88|0.90|0.55|0.87|0.52|0.83|0.80|0.71|0.98|0.87|0.71|0.92|0.81|0.42|0.81|0.86|0.97|0.54|0.70|0.84|0.61|0.73|0.84|0.83|0.68|0.95|0.81|0.82|0.84,Data Science,2025-11-02T11:58:26Z
SL000084,Slovak Tech,India,Slovakia,Other,25,C1,70.2,0.88,Low,Single,0.3,1,0.6,Tutoring,0,Dropped Out,0.68|0.72|0.58|0.64|0.49|0.67|0.69|0.78|0.68|0.74|0.72|0.77|0.77|0.74|0.73|0.57|0.92|0.99|0.73|0.89|0.87|0.73|0.92|0.55|0.71|0.74|0.81|0.49|0.71|0.60|0.58|0.84,Engineering,2025-11-02T11:58:26Z
SL000085,Comenius University Bratislava,India,Slovakia,Other,24,B2,65.3,0.93,Low,Married,0.53,0,0.6,Tutoring,1,Completed,0.70|0.83|0.73|0.88|0.86|0.74|0.57|0.74|0.66|0.73|0.77|0.66|0.50|0.59|0.74|0.60|0.66|0.73|0.62|0.90|0.68|0.74|0.72|0.53|0.70|0.60|0.83|0.74|0.80|0.65|0.80|0.76,Computer Science,2025-11-02T11:58:26Z
SL000086,Slovak Tech,Pakistan,Slovakia,Male,24,B2,79.3,1.0,Low,Other,0.46,0,0.6,BuddyProgram,1,Completed,0.80|0.77|0.57|0.77|0.81|0.69|0.61|0.61|0.95|0.64|0.47|0.87|0.58|0.69|0.85|0.81|0.78|0.70|0.72|0.79|0.87|0.83|0.89|0.61|0.78|0.42|0.91|0.87|0.93|0.70|0.78|0.59,Engineering,2025-11-02T11:58:26Z
SL000087,Slovak Tech,Sri Lanka,Slovakia,Female,25,C1,80.5,0.8,High,Other,0.42,0,0.6,Tutoring,1,Completed,0.85|1.00|0.84|0.68|0.78|0.71|0.74|0.72|0.76|0.94|0.83|0.85|0.63|0.91|0.82|0.54|0.55|0.67|0.67|0.59|0.81|0.53|0.95|0.88|0.60|0.90|0.85|0.73|0.63|0.41|0.76|0.80,Engineering,2025-11-02T11:58:26Z
SL000088,Slovak Tech,Ukraine,Slovakia,Male,25,C1,69.8,1.0,High,Single,0.15,0,0.1,Tutoring,1,Completed,0.68|0.77|0.70|0.78|0.93|0.70|0.90|0.83|0.95|0.57|0.72|0.67|0.78|0.93|0.95|0.93|0.62|1.00|0.74|0.61|0.63|0.76|0.77|0.77|0.67|0.85|0.54|0.67|0.78|0.80|0.99|0.85,English Philology,2025-11-02T11:58:26Z
SL000089,Slovak Tech,Bangladesh,Slovakia,Prefer not to say,20,A2,71.0,0.9,High,Married,0.6,0,0.6,Tutoring,0,Failed Exams,0.53|0.84|0.72|0.70|0.99|0.86|0.81|1.00|0.59|0.90|0.56|0.70|0.74|0.80|0.78|0.62|0.77|0.71|0.79|0.64|0.51|0.71|0.87|0.70|0.56|0.67|0.96|0.80|0.68|0.71|0.43|0.52,Engineering,2025-11-02T11:58:26Z
SL000090,Slovak Tech,Italy,Slovakia,Female,25,C1,73.7,0.9,Low,Married,0.24,1,0.1,Tutoring,0,Dropped Out,0.56|0.70|0.50|0.69|0.63|0.76|1.00|0.55|0.65|0.72|0.83|0.76|0.83|0.81|0.59|0.72|0.67|0.72|0.36|0.71|0.81|0.75|0.95|0.69|0.56|0.66|0.85|0.87|0.71|0.75|0.83|0.95,Business,2025-11-02T11:58:26Z
SL000091,Comenius University Bratislava,Nigeria,Slovakia,Female,22,C1,75.4,0.71,Low,Married,0.33,1,0.7,Tutoring,0,Left Country,0.63|0.50|0.96|0.92|0.78|0.70|0.64|0.86|0.78|0.55|0.84|0.72|0.57|0.82|0.57|0.63|0.63|0.93|0.58|0.87|0.74|0.86|0.80|0.89|1.00|0.62|0.52|0.86|0.78|1.00|0.79|0.81,Data Science,2025-11-02T11:58:26Z
SL000092,Slovak Tech,USA,Slovakia,Male,27,C2,75.3,0.82,Low,Single,0.08,0,0.3,None,0,Failed Exams,0.52|0.79|0.76|0.75|0.95|0.74|0.82|0.62|0.77|0.81|0.51|0.45|0.67|0.81|0.89|0.55|0.68|0.87|0.64|0.66|0.63|0.62|0.65|0.66|0.58|0.52|0.80|0.67|0.57|0.80|0.46|0.71,English Philology,2025-11-02T11:58:26Z
SL000093,Comenius University Bratislava,Pakistan,Slovakia,Female,20,C2,50.6,0.83,High,Other,0.21,0,0.6,LanguageMentor,0,Failed Exams,0.65|0.65|0.58|0.79|0.74|0.84|0.72|0.79|0.67|0.72|0.74|0.73|0.71|0.84|0.71|0.76|0.66|0.68|0.57|0.67|0.80|0.83|0.86|0.88|0.74|0.72|0.45|0.57|0.78|0.87|0.65|0.45,Business,2025-11-02T11:58:26Z
SL000094,Slovak Tech,India,Slovakia,Other,26,A2,64.5,0.85,Medium,Married,0.3,0,0.6,Tutoring,1,Completed,0.50|0.85|0.66|0.37|0.55|0.83|0.62|0.65|0.97|0.60|0.88|0.72|0.49|0.61|0.75|0.82|0.71|0.65|0.77|0.87|0.55|0.66|0.71|0.75|0.79|0.70|0.86|0.75|0.73|0.79|0.81|0.54,Engineering,2025-11-02T11:58:26Z
SL000095,Comenius University Bratislava,India,Slovakia,Male,23,B1,82.0,0.75,Medium,Married,0.47,0,0.6,Counseling,1,Completed,0.63|0.57|0.58|0.71|0.67|0.50|0.52|0.82|0.57|0.75|0.63|0.71|0.55|0.98|0.76|0.52|0.78|0.75|0.56|0.77|0.78|0.66|0.82|0.71|0.84|0.74|0.65|0.63|0.82|0.85|0.96|0.52,Computer Science,2025-11-02T11:58:26Z
SL000096,Slovak Tech,Pakistan,Slovakia,Prefer not to say,23,B1,81.4,0.79,Medium,Other,0.26,0,0.6,LanguageMentor,0,Transferred,0.43|1.00|0.77|0.79|0.78|1.00|0.71|0.66|0.71|0.66|0.66|0.94|0.84|1.00|0.70|0.63|0.63|0.75|0.49|0.64|0.79|0.57|0.74|0.61|0.72|0.82|0.76|0.44|0.54|0.76|0.71|0.66,English Philology,2025-11-02T11:58:26Z
SL000097,Slovak Tech,Nigeria,Slovakia,Other,24,B1,71.4,0.86,Low,Other,0.39,0,0.7,BuddyProgram,0,Failed Exams,0.58|0.76|0.78|0.90|0.71|0.90|0.88|0.73|0.86|0.58|0.82|0.83|0.84|0.84|0.88|0.92|0.73|0.73|0.82|0.72|0.91|0.63|0.57|0.76|0.48|0.91|0.76|0.71|0.76|0.80|0.53|0.70,English Philology,2025-11-02T11:58:26Z
SL000098,Comenius University Bratislava,Vietnam,Slovakia,Other,21,A2,83.5,0.87,High,Other,0.05,0,0.6,None,1,Completed,0.69|0.99|0.63|0.64|0.83|0.84|0.84|0.49|0.63|0.64|0.95|0.79|0.64|0.48|0.50|0.64|0.75|0.72|0.72|0.84|0.76|0.63|0.68|0.81|0.75|0.87|0.82|0.58|0.78|0.59|0.71|0.72,Data Science,2025-11-02T11:58:26Z
SL000099,Comenius University Bratislava,Brazil,Slovakia,Female,19,A2,61.7,0.79,High,Other,0.13,0,0.5,None,1,Completed,0.57|0.84|0.97|0.82|0.52|0.70|0.68|0.71|0.66|0.42|0.72|0.64|0.69|0.95|0.94|0.73|0.77|0.91|0.65|0.85|0.78|0.55|0.59|1.00|0.72|0.64|0.63|0.89|0.51|0.72|0.87|0.83,Data Science,2025-11-02T11:58:26Z
SL000100,Slovak Tech,Bangladesh,Slovakia,Male,25,C1,74.9,0.84,Medium,Single,0.1,1,0.6,BuddyProgram,0,Dropped Out,0.68|0.65|0.85|0.85|0.91|0.76|0.88|0.91|0.89|0.73|0.95|0.59|0.77|0.73|0.82|0.72|0.60|0.67|0.76|0.79|0.60|0.72|0.90|0.71|0.83|0.77|0.68|0.84|1.00|0.63|0.71|0.77,Psychology,2025-11-02T11:58:26Z
SL000101,Comenius University Bratislava,Vietnam,Slovakia,Male,25,B2,85.9,0.89,Medium,Married,0.39,0,0.6,LanguageMentor,1,Completed,0.90|0.74|0.81|0.62|0.67|0.71|0.73|0.61|0.73|0.61|0.73|0.86|0.72|0.61|0.80|0.66|0.74|0.89|0.88|0.94|0.52|0.83|0.81|0.81|0.81|0.73|0.92|0.80|0.91|0.62|0.85|0.75,Logistics,2025-11-02T11:58:26Z
SL000102,Slovak Tech,Spain,Slovakia,Other,23,B2,80.7,0.83,Low,Married,0.13,0,0.1,Tutoring,0,Failed Exams,0.58|0.67|0.92|0.56|0.58|0.77|0.65|0.81|0.78|0.85|0.63|0.67|0.66|0.90|0.80|0.62|0.72|0.69|0.95|0.67|0.96|0.69|0.68|0.89|0.60|0.81|0.47|0.70|0.67|0.71|0.79|0.68,Engineering,2025-11-02T11:58:26Z
SL000103,Comenius University Bratislava,Brazil,Slovakia,Male,24,A2,75.5,0.88,Medium,Single,0.23,1,0.5,LanguageMentor,0,Dropped Out,0.92|0.75|0.86|0.82|0.84|0.88|0.52|0.96|0.96|0.64|0.74|0.91|0.75|0.78|0.90|0.54|0.54|0.82|0.63|0.72|0.80|0.65|0.85|0.63|0.64|0.60|0.74|0.58|0.72|0.73|0.67|0.71,Psychology,2025-11-02T11:58:26Z
SL000104,Comenius University Bratislava,Ukraine,Slovakia,Other,20,C1,82.0,0.99,Medium,Single,0.19,0,0.1,BuddyProgram,1,Completed,0.86|0.63|0.53|0.91|1.00|0.71|0.95|0.48|0.74|0.70|0.67|0.98|0.72|0.63|0.77|0.61|0.89|0.84|0.78|0.50|0.85|0.53|0.66|0.79|0.83|0.74|0.72|0.88|0.94|0.60|0.92|0.76,Psychology,2025-11-02T11:58:26Z
SL000105,Comenius University Bratislava,USA,Slovakia,Other,26,B2,77.1,0.79,Low,Single,0.48,1,0.3,Tutoring,0,Dropped Out,0.61|0.68|0.63|0.59|1.00|0.82|0.87|0.70|0.62|0.65|0.69|0.71|0.54|0.98|0.74|0.59|0.82|0.65|0.95|0.86|0.59|0.66|0.58|0.38|0.74|0.66|0.56|0.52|0.81|0.89|0.87|0.64,Engineering,2025-11-02T11:58:26Z
SL000106,Comenius University Bratislava,Slovakia,Slovakia,Prefer not to say,23,B1,71.5,1.0,Medium,Other,0.29,1,0.1,BuddyProgram,0,Dropped Out,0.62|0.70|0.82|1.00|0.65|0.70|0.91|0.87|0.85|0.66|0.87|0.80|0.74|0.74|0.69|0.44|0.53|0.77|0.85|0.80|0.87|0.93|0.66|1.00|0.60|0.74|0.86|0.81|0.73|0.92|0.94|0.55,Computer Science,2025-11-02T11:58:26Z
SL000107,Comenius University Bratislava,Sri Lanka,Slovakia,Female,29,C1,60.9,0.83,Low,Other,0.17,0,0.6,Tutoring,1,Completed,0.64|0.67|0.64|0.80|0.95|0.92|0.69|0.74|0.62|0.78|0.39|0.86|0.73|1.00|0.68|0.71|0.65|0.77|0.67|0.86|0.51|0.73|0.83|0.74|0.76|0.61|0.83|0.71|0.75|0.82|0.73|0.88,English Philology,2025-11-02T11:58:26Z
SL000108,Slovak Tech,Latvia,Slovakia,Female,21,B1,84.1,0.89,High,Married,0.23,0,0.1,LanguageMentor,1,Completed,0.70|0.70|0.74|0.51|0.91|0.76|0.92|0.92|0.69|0.79|0.51|0.75|0.62|0.84|0.73|0.83|0.57|0.72|0.58|0.75|0.63|0.74|0.51|0.82|0.76|0.53|0.74|0.97|0.69|0.67|0.63|0.56,Business,2025-11-02T11:58:26Z
SL000109,Slovak Tech,Slovakia,Slovakia,Other,19,A2,63.8,0.94,Medium,Single,0.48,0,0.1,BuddyProgram,1,Completed,0.67|0.85|0.75|0.60|0.56|0.50|0.79|0.69|0.56|0.67|0.98|1.00|0.81|0.81|0.88|0.69|0.62|0.64|0.58|0.47|0.81|0.60|0.89|0.64|0.84|0.80|0.74|0.69|0.68|0.61|0.64|0.65,Logistics,2025-11-02T11:58:26Z
SL000110,Slovak Tech,India,Slovakia,Male,20,C2,64.1,1.0,Low,Married,0.14,0,0.6,None,1,Ongoing,0.73|0.66|0.64|0.78|0.70|0.69|0.62|0.77|0.79|0.90|0.57|0.53|0.59|0.63|0.41|0.77|0.67|0.74|0.67|0.88|0.76|0.76|0.97|0.55|0.83|0.97|0.86|0.84|0.73|0.84|0.75|0.87,Psychology,2025-11-02T11:58:26Z
SL000111,Comenius University Bratislava,Bangladesh,Slovakia,Other,23,A2,74.1,0.66,Low,Single,0.31,1,0.6,None,0,Dropped Out,0.67|0.63|0.77|0.62|0.68|0.74|0.82|0.82|0.54|0.72|0.61|1.00|0.84|0.80|0.99|0.64|0.91|0.70|0.81|0.92|0.92|0.81|0.92|0.39|0.85|0.74|0.59|0.99|0.63|0.85|0.87|0.83,Logistics,2025-11-02T11:58:26Z
SL000112,Comenius University Bratislava,Italy,Slovakia,Prefer not to say,24,A2,70.3,0.94,High,Married,0.34,1,0.1,Counseling,0,Dropped Out,0.69|0.78|0.57|0.88|0.67|0.60|0.51|0.79|0.68|0.74|0.62|0.77|0.85|0.78|0.65|0.94|0.55|0.55|0.71|0.76|0.72|0.63|0.58|0.61|0.87|0.80|0.66|0.77|0.75|0.67|0.91|0.86,English Philology,2025-11-02T11:58:26Z
SL000113,Slovak Tech,Vietnam,Slovakia,Female,31,C2,99.0,0.94,Medium,Single,0.39,0,0.6,None,1,Completed,0.98|0.58|0.68|0.71|0.85|0.77|0.72|0.66|0.77|0.66|0.72|0.79|0.42|0.84|0.97|0.86|0.78|0.71|0.60|0.61|0.62|0.70|0.72|0.73|0.65|0.57|0.83|0.74|0.73|0.77|0.63|0.73,Business,2025-11-02T11:58:26Z
SL000114,Slovak Tech,Latvia,Slovakia,Female,26,B2,82.0,0.93,High,Married,0.35,0,0.1,BuddyProgram,0,Failed Exams,0.51|0.53|0.77|0.74|0.58|0.80|1.00|0.80|0.75|0.78|0.58|0.79|0.87|0.58|1.00|0.85|0.57|0.97|0.62|0.81|0.52|0.65|0.85|0.81|0.64|0.89|0.77|0.55|0.66|0.65|0.89|0.85,Economics,2025-11-02T11:58:26Z
SL000115,Slovak Tech,Vietnam,Slovakia,Other,24,C1,77.2,0.83,High,Single,0.56,1,0.6,Tutoring,0,Dropped Out,0.71|0.77|0.71|0.70|0.52|0.79|0.89|0.84|0.91|0.67|0.66|0.79|0.70|0.85|0.92|0.64|0.65|0.80|0.60|0.77|0.81|0.93|0.60|0.92|0.63|0.92|0.80|0.52|0.75|0.74|0.61|0.65,Economics,2025-11-02T11:58:26Z
SL000116,Comenius University Bratislava,Bangladesh,Slovakia,Female,27,B2,78.1,0.73,Medium,Other,0.11,0,0.6,Tutoring,1,Completed,0.63|0.56|0.84|0.70|0.64|0.70|0.47|0.63|0.56|0.42|0.73|0.80|0.71|0.64|0.97|0.82|0.66|0.89|0.65|0.69|0.54|0.76|0.69|0.87|0.66|0.78|0.63|0.92|0.82|0.67|0.77|0.84,Economics,2025-11-02T11:58:26Z
SL000117,Comenius University Bratislava,Brazil,Slovakia,Male,26,C2,75.5,1.0,High,Other,0.32,0,0.5,Counseling,1,Completed,0.86|0.50|0.58|0.54|0.79|0.80|0.94|0.73|0.68|0.65|0.93|0.78|0.58|0.58|0.71|0.83|0.64|0.57|0.80|0.67|1.00|0.76|0.78|0.74|0.60|0.66|0.65|0.57|0.75|0.96|0.67|0.84,Computer Science,2025-11-02T11:58:26Z
SL000118,Comenius University Bratislava,Spain,Slovakia,Other,26,A2,74.1,0.96,Low,Married,0.48,0,0.1,None,1,Completed,0.87|0.81|0.72|0.78|0.98|0.79|0.77|0.54|0.53|0.53|0.80|0.81|0.70|0.78|0.67|0.60|0.64|0.82|0.80|0.68|0.88|0.90|0.77|0.80|0.78|0.58|0.57|0.63|0.52|0.77|0.73|0.60,Data Science,2025-11-02T11:58:26Z
SL000119,Comenius University Bratislava,Italy,Slovakia,Female,20,B1,62.9,0.87,Medium,Single,0.64,1,0.1,Tutoring,0,Administrative Withdrawal,0.58|0.77|0.79|0.68|0.77|0.52|0.59|0.89|0.49|0.89|0.95|0.67|0.76|0.78|0.71|0.38|0.58|0.44|0.60|0.46|0.62|0.60|0.54|0.45|0.66|0.63|0.80|0.53|1.00|0.68|0.74|0.90,Business,2025-11-02T11:58:26Z
SL000120,Slovak Tech,Pakistan,Slovakia,Prefer not to say,28,A2,69.2,0.76,Low,Other,0.45,1,0.6,None,0,Left Country,0.54|0.67|0.92|1.00|0.79|0.70|0.50|0.68|0.78|0.81|0.65|0.63|0.77|0.56|0.48|0.53|0.57|0.86|0.79|0.65|1.00|0.68|0.75|1.00|0.60|0.78|0.63|0.69|0.56|0.84|0.77|0.62,Logistics,2025-11-02T11:58:26Z
SL000121,Slovak Tech,Brazil,Slovakia,Male,26,A2,56.2,0.91,Low,Single,0.21,0,0.5,BuddyProgram,1,Completed,0.92|0.76|0.82|0.93|0.85|0.64|1.00|0.93|0.67|0.53|0.78|0.82|0.81|0.60|0.68|0.65|0.79|0.89|0.73|0.86|0.89|0.93|0.80|0.68|0.38|0.75|0.65|0.73|0.88|0.66|0.68|0.73,Logistics,2025-11-02T11:58:26Z
SL000122,Comenius University Bratislava,Brazil,Slovakia,Other,24,B2,73.8,0.92,Low,Single,0.67,0,0.5,Tutoring,1,Ongoing,0.68|0.48|0.66|0.72|0.75|0.88|0.96|0.56|0.70|0.66|0.49|0.74|0.62|0.53|0.69|0.55|0.67|0.70|0.59|0.58|0.56|0.40|0.69|0.40|0.53|0.67|0.93|0.87|0.80|0.78|0.65|0.83,Business,2025-11-02T11:58:26Z
SL000123,Comenius University Bratislava,Brazil,Slovakia,Female,31,C1,67.4,0.85,High,Single,0.03,0,0.5,BuddyProgram,1,Completed,0.69|0.65|0.73|0.92|0.82|0.47|0.65|0.55|0.78|0.77|0.68|0.64|0.75|0.73|0.89|0.47|0.47|0.75|0.67|0.91|0.88|0.87|0.83|0.45|0.62|0.85|0.72|0.62|0.83|0.57|0.35|0.65,Computer Science,2025-11-02T11:58:26Z
SL000124,Comenius University Bratislava,Brazil,Slovakia,Other,24,C2,77.9,0.84,Low,Other,0.26,0,0.5,BuddyProgram,1,Completed,0.75|0.80|0.45|0.59|0.78|0.72|0.68|0.75|0.62|0.80|0.70|0.70|0.62|0.54|1.00|0.75|0.87|0.65|0.45|0.64|0.73|0.86|0.81|0.81|0.64|1.00|0.66|0.65|0.67|0.77|0.81|0.66,Economics,2025-11-02T11:58:26Z
SL000125,Slovak Tech,Sri Lanka,Slovakia,Prefer not to say,20,A2,80.3,1.0,High,Other,0.3,0,0.6,BuddyProgram,0,Failed Exams,0.74|0.80|0.62|0.76|0.61|0.81|0.79|0.86|0.54|0.84|0.59|0.83|0.55|0.81|0.74|0.52|0.80|0.78|0.96|0.70|0.62|0.67|0.69|0.59|0.58|0.76|0.49|0.52|0.83|0.78|0.83|0.84,English Philology,2025-11-02T11:58:26Z
SL000126,Comenius University Bratislava,Bangladesh,Slovakia,Male,28,B2,79.7,0.98,Medium,Married,0.33,0,0.6,Tutoring,1,Completed,0.70|0.68|1.00|0.85|0.87|0.70|0.57|0.76|0.93|0.75|0.73|0.66|0.77|0.87|0.70|0.68|0.67|0.74|0.83|1.00|0.66|0.61|0.68|0.58|0.75|1.00|0.84|0.74|0.58|0.86|0.88|0.59,English Philology,2025-11-02T11:58:26Z
SL000127,Comenius University Bratislava,Pakistan,Slovakia,Female,25,B2,58.1,0.87,Low,Married,0.37,0,0.6,Counseling,1,Completed,0.85|0.81|0.88|0.89|0.73|0.87|0.65|0.71|0.52|0.66|0.75|0.72|0.64|0.64|0.91|0.70|0.81|1.00|0.74|0.83|0.77|0.66|0.80|0.68|0.77|0.93|0.85|0.76|0.82|0.57|0.63|0.65,Computer Science,2025-11-02T11:58:26Z
SL000128,Slovak Tech,Latvia,Slovakia,Female,21,B2,69.2,0.92,Medium,Married,0.37,0,0.1,BuddyProgram,1,Completed,0.94|0.81|0.55|0.93|0.69|0.86|0.90|0.57|0.82|0.95|1.00|0.73|0.70|0.91|0.86|0.64|0.85|0.45|0.69|0.64|0.61|0.70|0.75|0.70|0.87|0.63|0.71|0.78|0.58|0.83|0.76|0.71,Data Science,2025-11-02T11:58:26Z
SL000129,Comenius University Bratislava,Spain,Slovakia,Prefer not to say,24,C2,72.5,0.84,Medium,Married,0.5,0,0.1,LanguageMentor,1,Completed,0.81|0.72|0.71|0.64|0.67|0.70|0.72|0.76|0.64|0.76|0.61|0.88|0.60|0.61|0.63|0.73|0.70|0.73|0.59|0.82|0.77|0.58|0.60|0.85|0.85|0.82|0.68|0.80|0.86|0.79|0.67|0.78,Psychology,2025-11-02T11:58:26Z
SL000130,Slovak Tech,India,Slovakia,Male,25,C2,69.3,0.85,Medium,Other,0.23,0,0.6,None,1,Completed,0.56|0.84|0.84|0.80|0.83|0.83|0.91|0.95|0.50|0.79|0.92|0.82|0.92|0.80|0.52|0.77|0.63|0.64|0.63|0.65|0.62|1.00|0.78|1.00|0.46|0.60|0.72|0.88|0.72|0.67|0.72|0.47,Business,2025-11-02T11:58:26Z
SL000131,Slovak Tech,Ukraine,Slovakia,Prefer not to say,27,C1,47.8,0.88,High,Single,0.31,0,0.1,Tutoring,1,Completed,0.71|0.74|1.00|0.97|0.74|0.94|0.68|0.84|0.63|0.80|0.68|0.64|0.70|0.47|0.47|0.87|0.61|0.66|0.80|0.60|0.73|0.71|0.83|0.81|0.69|0.82|0.71|0.91|0.77|0.91|0.65|0.84,Data Science,2025-11-02T11:58:26Z
SL000132,Comenius University Bratislava,Brazil,Slovakia,Prefer not to say,23,B1,79.4,0.9,Low,Other,0.1,0,0.5,BuddyProgram,0,Failed Exams,0.73|0.73|0.80|0.67|0.64|0.91|0.64|0.81|0.94|0.78|0.65|0.66|0.91|0.67|0.61|0.63|0.82|0.66|0.88|0.78|0.80|0.57|0.73|0.92|0.53|0.75|0.82|0.84|0.75|0.73|0.66|0.71,Engineering,2025-11-02T11:58:26Z
SL000133,Slovak Tech,USA,Slovakia,Other,22,B1,76.5,0.82,Low,Other,0.18,0,0.3,LanguageMentor,0,Failed Exams,0.92|0.53|0.86|0.73|0.73|0.74|0.69|0.90|0.84|0.63|0.78|0.63|0.77|0.70|0.61|0.85|0.95|0.76|0.52|0.59|0.84|0.61|0.66|0.62|0.90|0.61|0.82|0.76|0.67|0.73|0.67|0.69,Data Science,2025-11-02T11:58:26Z
SL000134,Slovak Tech,Bangladesh,Slovakia,Prefer not to say,21,B2,84.3,0.77,Low,Married,0.33,1,0.6,Tutoring,0,Dropped Out,0.72|0.69|0.85|0.59|0.90|0.59|0.77|0.65|0.72|0.88|0.91|0.79|0.76|0.62|0.85|0.65|0.84|0.86|0.67|0.53|0.71|0.89|0.63|0.80|0.59|0.57|0.60|0.84|0.74|0.86|0.60|0.85,Logistics,2025-11-02T11:58:26Z
SL000135,Comenius University Bratislava,Vietnam,Slovakia,Female,24,B2,83.5,0.94,Medium,Other,0.43,0,0.6,Tutoring,1,Completed,0.71|0.69|0.95|0.58|0.62|0.75|0.81|0.73|0.76|0.70|0.75|0.68|0.53|0.68|0.70|0.62|0.76|0.61|0.82|0.70|0.59|0.73|0.68|0.79|0.64|0.91|0.58|0.54|0.64|0.78|0.89|0.66,Computer Science,2025-11-02T11:58:26Z
SL000136,Comenius University Bratislava,Vietnam,Slovakia,Prefer not to say,23,C1,68.8,0.8,High,Single,0.43,0,0.6,LanguageMentor,1,Completed,0.83|0.60|0.81|0.72|0.62|1.00|0.73|0.51|0.45|0.93|0.46|0.66|0.61|0.87|1.00|0.65|0.66|0.51|0.76|0.58|0.70|0.83|0.78|0.59|0.77|0.83|0.67|0.79|0.86|0.71|0.59|0.81,English Philology,2025-11-02T11:58:26Z
SL000137,Slovak Tech,Ukraine,Slovakia,Female,18,C2,86.5,0.91,High,Other,0.52,0,0.1,Tutoring,1,Completed,0.71|0.79|0.88|0.59|0.63|0.69|0.79|0.78|0.48|1.00|0.70|0.70|0.89|0.76|0.73|0.72|0.83|0.77|0.87|0.87|0.74|0.69|0.96|0.94|0.78|0.63|0.68|0.80|0.72|0.59|0.69|0.71,Data Science,2025-11-02T11:58:26Z
SL000138,Slovak Tech,Brazil,Slovakia,Prefer not to say,24,C2,68.2,0.97,Low,Married,0.1,0,0.5,Tutoring,1,Completed,0.64|0.95|0.57|0.99|0.89|0.63|0.34|0.71|0.83|0.79|0.77|0.56|0.99|0.70|0.68|0.63|0.89|0.78|0.75|0.78|0.94|0.78|0.67|0.75|0.85|0.70|0.59|0.65|0.57|0.58|1.00|0.58,Business,2025-11-02T11:58:26Z
SL000139,Comenius University Bratislava,Latvia,Slovakia,Male,27,B1,71.8,0.91,Low,Married,0.25,0,0.1,Tutoring,0,Failed Exams,0.84|0.46|0.66|0.48|0.47|0.75|0.69|0.80|0.76|0.76|0.66|0.76|0.80|0.73|0.87|0.55|0.70|0.69|0.79|0.77|0.74|0.85|0.59|0.74|0.90|0.70|0.90|0.73|0.55|0.76|0.84|0.75,Computer Science,2025-11-02T11:58:26Z
SL000140,Comenius University Bratislava,Spain,Slovakia,Male,26,C1,64.3,0.77,Medium,Other,0.2,1,0.1,LanguageMentor,0,Dropped Out,0.81|0.59|0.77|0.95|0.73|0.68|0.76|0.39|0.50|0.60|0.75|0.66|0.92|0.80|0.57|0.91|0.72|0.69|0.71|0.79|0.48|0.49|0.70|0.60|0.56|0.79|0.75|0.69|0.83|0.70|0.52|0.66,Economics,2025-11-02T11:58:26Z
SL000141,Comenius University Bratislava,Bangladesh,Slovakia,Female,21,B2,84.0,0.87,Medium,Other,0.19,0,0.6,BuddyProgram,1,Completed,0.88|0.78|0.63|0.75|0.92|0.56|0.74|0.69|0.86|0.83|0.88|0.58|0.74|0.97|0.62|0.85|0.68|0.68|0.56|0.59|0.61|0.75|0.72|0.82|0.78|0.82|0.76|0.78|0.73|0.79|0.55|0.99,Psychology,2025-11-02T11:58:26Z
SL000142,Slovak Tech,Vietnam,Slovakia,Male,25,B2,77.6,0.8,High,Single,0.38,0,0.6,LanguageMentor,1,Completed,0.62|0.73|0.69|0.77|0.71|0.74|0.81|0.79|0.65|0.56|0.54|0.92|0.71|0.92|0.94|0.75|0.59|0.69|0.68|0.85|0.75|0.90|0.59|0.66|0.66|0.60|0.70|0.68|0.78|0.56|0.84|0.59,Business,2025-11-02T11:58:26Z
SL000143,Slovak Tech,Italy,Slovakia,Other,23,C2,63.0,0.92,Low,Married,0.27,0,0.1,None,1,Completed,0.64|0.75|0.88|0.68|0.95|0.71|0.56|0.73|0.74|0.74|0.66|0.57|0.90|0.71|0.68|0.84|0.65|0.64|0.74|0.88|0.68|1.00|0.58|0.86|0.70|0.50|0.70|0.58|0.66|0.75|0.71|0.61,Business,2025-11-02T11:58:26Z
SL000144,Slovak Tech,Italy,Slovakia,Female,22,C1,70.6,0.96,Low,Other,0.42,0,0.1,None,1,Completed,0.62|0.90|0.49|0.64|0.71|0.91|0.47|0.68|0.64|1.00|0.52|0.65|0.98|0.74|0.76|0.89|0.78|0.69|0.59|0.84|0.81|0.78|0.81|0.75|0.81|0.72|0.67|0.78|0.81|0.67|0.68|0.63,Economics,2025-11-02T11:58:26Z
SL000145,Comenius University Bratislava,India,Slovakia,Other,28,B2,73.5,0.72,High,Single,0.18,0,0.6,None,1,Completed,0.70|0.78|0.69|0.57|0.68|0.78|0.70|0.49|0.98|0.61|0.72|0.80|0.83|0.90|0.78|0.77|0.51|0.76|0.72|0.69|0.90|0.92|0.82|0.87|0.46|0.73|0.72|0.79|0.68|0.62|0.80|0.73,English Philology,2025-11-02T11:58:26Z
SL000146,Slovak Tech,Nigeria,Slovakia,Female,25,C1,88.5,0.96,Low,Single,0.3,0,0.7,None,1,Completed,0.73|0.86|0.83|0.93|0.69|0.58|0.70|0.95|0.74|0.84|0.90|0.82|0.69|0.75|0.61|0.74|0.70|0.73|0.89|0.59|0.85|0.67|0.67|0.68|0.61|0.70|0.68|0.57|0.56|0.61|0.91|0.79,Business,2025-11-02T11:58:26Z
SL000147,Slovak Tech,India,Slovakia,Male,21,B1,69.0,0.86,Medium,Other,0.27,0,0.6,LanguageMentor,0,Failed Exams,0.64|0.86|0.67|0.74|0.86|0.51|0.87|0.54|0.68|0.81|0.69|0.70|0.46|0.88|0.59|0.92|0.65|0.75|0.55|0.73|0.37|0.67|0.90|0.75|0.84|0.66|0.74|0.62|0.69|0.62|0.64|0.72,Logistics,2025-11-02T11:58:26Z
SL000148,Comenius University Bratislava,Vietnam,Slovakia,Other,24,C1,66.6,0.83,Low,Married,0.57,0,0.6,BuddyProgram,1,Completed,0.61|0.62|0.63|0.78|0.88|0.52|0.75|0.78|0.71|0.93|1.00|0.68|0.99|0.85|0.87|0.54|0.61|0.67|0.74|0.71|0.90|0.83|0.74|0.81|0.56|0.49|0.99|0.60|0.63|0.67|0.43|0.61,Psychology,2025-11-02T11:58:26Z
SL000149,Slovak Tech,Nigeria,Slovakia,Male,22,B1,67.4,0.98,Low,Other,0.09,0,0.7,None,1,Completed,0.83|0.85|0.76|1.00|0.65|0.79|0.79|0.77|0.73|0.67|0.62|0.59|0.72|0.80|0.87|0.58|0.82|0.71|0.63|0.57|0.57|0.68|0.93|0.69|0.87|0.87|0.41|0.81|0.76|0.82|0.81|0.68,Engineering,2025-11-02T11:58:26Z
SL000150,Slovak Tech,Vietnam,Slovakia,Male,25,C1,68.3,0.93,Low,Single,0.13,0,0.6,LanguageMentor,1,Completed,0.76|0.92|0.61|0.72|0.79|0.91|0.75|0.95|0.49|0.87|0.75|0.76|0.84|0.97|0.79|0.57|0.85|0.65|0.52|0.71|0.84|0.62|0.81|0.87|0.62|0.67|0.91|0.59|0.60|0.68|0.63|0.71,Business,2025-11-02T11:58:26Z
SL000151,Comenius University Bratislava,Vietnam,Slovakia,Prefer not to say,24,C1,76.6,0.79,High,Single,0.24,1,0.6,None,0,Left Country,0.95|0.90|0.78|0.64|0.87|0.71|0.84|0.86|0.77|0.60|0.43|0.64|0.70|0.60|0.70|0.77|0.73|0.53|0.56|0.73|0.69|0.85|0.49|0.65|0.73|0.75|0.64|0.76|0.74|1.00|0.62|0.79,Economics,2025-11-02T11:58:26Z
SL000152,Comenius University Bratislava,India,Slovakia,Male,28,C2,66.6,0.88,Medium,Single,0.23,0,0.6,LanguageMentor,1,Completed,0.81|0.85|0.72|0.54|0.75|0.76|0.79|0.73|0.65|0.93|0.56|0.89|0.63|0.82|0.44|0.95|0.86|0.80|0.64|0.92|0.75|0.76|0.67|0.87|0.71|0.61|0.79|0.65|0.70|0.66|0.88|0.55,Psychology,2025-11-02T11:58:26Z
SL000153,Comenius University Bratislava,Vietnam,Slovakia,Female,22,B2,65.8,0.93,Medium,Married,0.13,0,0.6,LanguageMentor,0,Transferred,0.68|0.75|0.86|0.66|0.75|0.63|0.53|0.80|0.77|0.51|0.68|0.74|0.80|0.55|1.00|0.79|0.65|0.78|0.74|0.57|0.74|0.80|0.50|0.65|0.56|0.82|0.91|0.66|0.86|0.89|0.76|0.95,Computer Science,2025-11-02T11:58:26Z
SL000154,Comenius University Bratislava,Pakistan,Slovakia,Prefer not to say,20,C1,61.6,0.91,Low,Other,0.24,0,0.6,LanguageMentor,1,Completed,0.68|0.55|0.44|0.71|0.81|0.73|0.94|0.66|0.84|0.73|0.93|0.71|0.94|0.76|0.84|0.79|0.59|0.79|0.89|0.80|0.60|0.78|0.58|0.80|0.51|0.74|0.61|0.55|0.81|0.64|0.99|0.73,Logistics,2025-11-02T11:58:26Z
SL000155,Comenius University Bratislava,Sri Lanka,Slovakia,Other,24,C1,76.0,0.9,High,Married,0.22,1,0.6,None,0,Left Country,1.00|0.75|0.69|0.67|0.66|0.76|0.66|0.69|0.94|0.73|0.74|0.48|0.60|0.49|0.72|0.75|0.76|0.67|0.57|0.72|0.82|0.61|0.78|0.86|0.73|0.79|0.72|0.75|0.69|0.91|0.85|0.88,Data Science,2025-11-02T11:58:26Z
SL000156,Slovak Tech,Spain,Slovakia,Female,32,B1,73.7,0.97,High,Married,0.56,0,0.1,LanguageMentor,1,Completed,0.52|0.68|0.74|0.74|0.56|0.91|0.72|0.86|0.81|0.77|0.72|0.86|0.76|0.76|0.60|0.78|0.80|0.88|0.72|0.72|0.70|0.70|0.68|0.78|0.82|0.60|0.74|0.78|0.68|0.82|0.85|0.69,Economics,2025-11-02T11:58:26Z
SL000157,Slovak Tech,Latvia,Slovakia,Male,22,C2,67.5,1.0,Low,Married,0.58,0,0.1,Tutoring,1,Completed,0.70|0.94|0.72|0.86|0.76|0.76|0.70|0.64|0.74|0.78|0.77|0.64|0.79|0.73|0.91|0.49|0.81|0.71|0.79|0.85|0.71|0.71|0.64|0.61|0.62|0.81|0.51|0.71|0.76|0.90|0.79|0.94,Engineering,2025-11-02T11:58:26Z
SL000158,Comenius University Bratislava,Bangladesh,Slovakia,Prefer not to say,21,B2,72.0,1.0,Low,Other,0.68,0,0.6,None,1,Completed,0.66|0.81|0.95|0.64|0.67|0.81|0.87|0.76|0.56|0.71|0.62|0.51|0.56|0.62|0.69|0.57|0.58|0.64|0.43|0.44|0.42|0.56|0.45|0.27|0.52|0.74|0.68|0.69|0.59|0.51|0.67|0.71,English Philology,2025-11-02T11:58:26Z
SL000159,Slovak Tech,Ukraine,Slovakia,Female,20,C2,66.0,0.92,High,Other,0.23,1,0.1,None,0,Dropped Out,0.72|0.65|0.82|0.57|0.69|0.81|0.75|0.65|0.85|0.83|0.92|0.72|0.51|0.92|0.58|0.87|0.58|0.66|1.00|0.87|0.67|1.00|1.00|0.69|0.63|0.66|0.78|0.62|0.63|0.82|0.71|0.69,Logistics,2025-11-02T11:58:26Z
SL000160,Slovak Tech,Bangladesh,Slovakia,Male,20,B2,73.0,0.75,Low,Single,0.1,1,0.6,Tutoring,0,Left Country,0.73|0.81|0.77|0.76|0.76|0.72|0.92|0.83|0.59|0.75|0.92|0.71|0.62|0.68|0.53|0.80|0.80|0.48|0.62|0.63|0.84|0.67|0.84|0.60|0.71|0.51|0.76|0.61|0.70|0.59|0.75|0.64,Psychology,2025-11-02T11:58:26Z
SL000161,Slovak Tech,Bangladesh,Slovakia,Male,20,A2,84.4,0.88,High,Married,0.17,0,0.6,None,1,Completed,0.72|0.57|0.48|0.84|0.88|0.80|0.78|0.53|0.56|0.70|0.68|0.78|0.66|0.75|0.90|0.59|0.79|0.53|0.66|0.62|0.85|0.89|0.83|0.92|0.82|0.87|0.83|0.88|0.50|0.72|0.69|0.60,Data Science,2025-11-02T11:58:26Z
SL000162,Slovak Tech,Latvia,Slovakia,Male,21,C2,68.7,0.96,Medium,Married,0.08,0,0.1,None,1,Completed,0.81|1.00|0.83|0.45|0.72|0.89|0.79|0.64|0.76|0.80|0.83|0.64|0.77|0.74|0.96|0.80|0.60|0.57|0.71|0.86|0.47|0.66|0.70|0.78|0.45|0.62|0.61|0.83|0.72|0.74|0.86|0.86,Logistics,2025-11-02T11:58:26Z
SL000163,Slovak Tech,Brazil,Slovakia,Other,20,B1,73.9,0.77,Low,Married,0.24,0,0.5,Tutoring,1,Completed,0.62|0.52|0.68|0.79|0.81|0.53|0.56|1.00|0.84|0.68|0.82|0.75|0.58|0.63|0.63|0.76|0.81|0.74|0.84|0.88|0.71|0.66|0.69|0.64|0.94|0.76|0.68|0.70|0.63|0.88|0.76|0.78,Logistics,2025-11-02T11:58:26Z
SL000164,Slovak Tech,Slovakia,Slovakia,Other,28,B2,68.3,0.91,High,Single,0.26,0,0.1,LanguageMentor,1,Completed,0.89|0.74|0.76|0.69|0.81|0.82|0.75|0.69|0.84|0.76|0.68|1.00|0.74|0.80|0.76|0.56|0.62|0.72|0.47|0.57|0.60|0.66|0.80|0.65|0.63|0.63|0.81|0.85|0.76|0.57|0.87|0.55,English Philology,2025-11-02T11:58:26Z
SL000165,Slovak Tech,USA,Slovakia,Other,22,C2,82.7,0.73,High,Other,0.2,0,0.3,Tutoring,1,Completed,0.56|0.60|0.53|0.68|0.63|0.51|0.68|0.76|0.69|0.65|0.77|0.94|0.86|0.96|1.00|0.53|0.95|0.65|0.81|0.79|0.87|0.73|0.70|0.68|0.80|0.61|0.96|0.63|0.86|0.83|0.75|0.77,Business,2025-11-02T11:58:26Z
SL000166,Slovak Tech,Brazil,Slovakia,Prefer not to say,22,B1,68.3,0.93,Medium,Married,0.43,0,0.5,Counseling,1,Completed,0.70|0.65|0.53|0.68|0.66|0.95|0.94|0.81|0.57|0.45|0.75|0.55|0.65|0.83|0.72|0.74|0.63|0.89|0.75|0.42|0.73|0.68|0.63|0.76|0.52|0.82|0.57|0.57|0.56|0.79|0.65|0.71,Psychology,2025-11-02T11:58:26Z
SL000167,Slovak Tech,Pakistan,Slovakia,Male,23,B1,74.0,0.76,Low,Married,0.16,0,0.6,LanguageMentor,1,Completed,0.72|0.60|0.75|0.67|0.71|0.56|0.67|0.63|0.70|0.80|0.68|0.95|0.74|0.94|0.66|0.65|0.60|0.89|0.75|0.78|0.81|0.97|0.77|0.78|0.73|0.80|0.74|0.82|0.56|0.61|0.72|0.91,Business,2025-11-02T11:58:26Z
SL000168,Comenius University Bratislava,Vietnam,Slovakia,Male,26,C1,75.7,1.0,Low,Single,0.05,0,0.6,Tutoring,1,Completed,0.72|0.94|0.68|0.86|0.80|0.70|0.65|0.67|0.82|0.50|0.61|0.70|0.89|0.57|0.64|0.70|0.66|0.77|0.87|0.82|0.73|0.74|0.59|0.74|0.63|0.83|0.81|0.91|0.71|0.97|0.61|0.68,Data Science,2025-11-02T11:58:26Z
SL000169,Comenius University Bratislava,Slovakia,Slovakia,Other,24,B1,63.8,0.99,Medium,Other,0.22,0,0.1,None,1,Completed,0.83|0.75|0.89|0.60|0.51|0.88|0.52|0.57|0.95|0.69|0.69|0.50|0.84|0.75|0.58|0.73|0.63|0.75|0.69|0.66|0.88|0.48|0.64|0.80|0.82|0.64|0.70|0.83|0.91|0.82|0.79|0.88,Computer Science,2025-11-02T11:58:26Z
SL000170,Slovak Tech,Nigeria,Slovakia,Male,20,A2,84.3,0.96,High,Other,0.18,0,0.7,None,1,Completed,0.71|0.57|0.75|0.68|0.81|0.73|0.87|0.66|0.80|0.89|0.69|0.88|0.70|0.89|0.77|0.78|0.57|0.61|0.68|0.92|0.54|0.62|0.69|0.74|0.88|0.87|0.94|0.66|0.56|0.84|0.55|0.79,Data Science,2025-11-02T11:58:26Z
SL000171,Slovak Tech,Slovakia,Slovakia,Male,23,C1,86.4,0.85,Low,Married,0.36,0,0.1,LanguageMentor,1,Completed,0.85|0.81|0.97|0.61|0.73|0.66|0.94|0.93|0.73|0.62|0.59|0.58|0.66|0.58|0.59|0.47|0.68|0.75|0.76|0.59|0.84|0.89|0.82|0.74|0.55|0.54|0.81|0.64|0.81|0.83|0.73|0.70,Psychology,2025-11-02T11:58:26Z
SL000172,Comenius University Bratislava,Slovakia,Slovakia,Prefer not to say,21,B2,71.6,0.86,High,Single,0.33,1,0.1,BuddyProgram,0,Dropped Out,0.79|0.90|0.73|0.92|0.80|0.83|0.57|0.70|0.69|0.56|0.95|0.60|0.61|0.65|0.77|0.83|0.51|0.60|0.66|0.80|0.71|0.71|0.81|0.83|0.78|0.71|0.59|0.84|0.71|0.82|0.70|0.72,Logistics,2025-11-02T11:58:26Z
SL000173,Comenius University Bratislava,Bangladesh,Slovakia,Other,28,C2,91.6,0.95,Low,Other,0.16,0,0.6,LanguageMentor,1,Completed,0.80|0.69|0.93|0.94|0.70|0.70|0.81|0.75|0.95|0.51|0.51|0.84|0.87|0.89|0.70|0.74|0.75|0.56|0.66|0.71|0.72|0.48|0.63|0.83|0.87|0.87|0.62|0.92|0.70|0.71|0.82|0.66,Business,2025-11-02T11:58:26Z
SL000174,Comenius University Bratislava,Vietnam,Slovakia,Other,25,B2,78.3,0.85,Low,Single,0.24,1,0.6,Tutoring,0,Dropped Out,0.74|0.79|0.92|0.72|0.75|0.77|0.56|0.82|0.65|0.62|0.55|0.70|0.99|0.71|0.95|0.89|0.73|0.85|0.58|0.67|0.69|0.59|0.78|0.90|0.95|0.69|0.78|0.67|0.68|0.62|0.67|0.82,Business,2025-11-02T11:58:26Z
SL000175,Comenius University Bratislava,Spain,Slovakia,Male,26,A2,83.3,0.93,Low,Single,0.32,0,0.1,BuddyProgram,1,Completed,0.74|0.63|0.61|0.78|0.54|0.59|0.68|0.90|0.77|0.73|0.61|1.00|0.89|0.95|0.86|0.63|0.81|0.70|0.90|0.70|0.74|0.65|0.72|0.49|0.56|0.74|0.71|0.82|0.81|0.89|0.59|0.85,English Philology,2025-11-02T11:58:26Z
SL000176,Comenius University Bratislava,Sri Lanka,Slovakia,Prefer not to say,19,B2,82.2,0.87,Low,Married,0.09,0,0.6,None,1,Completed,0.65|0.91|0.75|0.71|0.72|0.75|0.46|0.67|0.89|1.00|0.76|0.99|0.84|0.62|0.58|0.74|0.68|0.70|0.64|0.88|0.84|0.90|0.63|0.67|0.82|0.65|0.61|0.77|0.88|0.77|0.88|0.98,Business,2025-11-02T11:58:26Z
SL000177,Comenius University Bratislava,Nigeria,Slovakia,Male,21,C1,68.5,0.84,High,Single,0.45,0,0.7,None,1,Completed,0.57|0.58|0.92|0.73|0.68|0.62|0.83|0.56|0.75|0.71|0.66|0.71|0.68|0.76|0.88|0.84|0.60|0.67|0.69|0.77|0.79|0.65|0.84|0.60|0.66|0.76|0.90|0.60|0.37|0.69|0.56|0.64,Psychology,2025-11-02T11:58:26Z
SL000178,Slovak Tech,Brazil,Slovakia,Prefer not to say,28,C2,89.7,0.84,Medium,Married,0.29,1,0.5,BuddyProgram,0,Dropped Out,0.51|0.69|0.62|0.51|0.73|0.86|0.60|0.88|0.80|0.61|0.67|0.79|0.77|0.97|0.64|0.99|0.66|0.51|0.72|0.84|0.86|0.70|0.89|0.73|0.89|0.97|0.83|0.65|0.78|0.69|0.80|0.63,Engineering,2025-11-02T11:58:26Z
SL000179,Slovak Tech,India,Slovakia,Other,19,B2,79.4,0.98,Low,Single,0.41,0,0.6,BuddyProgram,1,Completed,0.70|0.73|0.56|0.76|0.89|0.57|0.93|0.77|0.73|0.74|0.82|0.82|0.82|0.78|0.66|0.68|0.60|0.84|0.76|0.73|0.52|0.80|0.88|0.80|0.74|0.85|0.75|0.83|0.80|0.82|0.63|0.63,Logistics,2025-11-02T11:58:26Z
SL000180,Comenius University Bratislava,Vietnam,Slovakia,Other,23,C2,79.3,0.88,Medium,Other,0.15,0,0.6,None,1,Completed,0.61|0.74|0.66|0.98|1.00|0.83|0.67|0.70|0.63|0.69|0.98|0.54|0.67|0.74|0.53|0.80|0.81|0.83|0.71|0.79|0.69|0.67|0.64|0.88|0.79|0.29|0.47|0.62|0.75|0.74|0.54|0.75,Business,2025-11-02T11:58:26Z
SL000181,Slovak Tech,Pakistan,Slovakia,Other,23,C1,72.0,0.81,High,Other,0.17,0,0.6,None,1,Ongoing,0.69|0.58|0.73|0.69|0.87|0.83|0.87|0.43|0.68|0.82|0.81|0.69|0.38|0.66|0.65|0.99|0.93|0.67|0.69|0.81|0.53|0.60|0.77|0.60|0.69|0.68|0.59|0.65|0.59|0.56|0.86|0.80,Psychology,2025-11-02T11:58:26Z
SL000182,Comenius University Bratislava,Nigeria,Slovakia,Prefer not to say,21,C1,82.1,0.86,Low,Other,0.46,0,0.7,None,1,Completed,0.59|0.82|0.73|0.68|0.74|0.85|0.63|0.93|0.70|0.84|0.99|0.61|0.54|0.73|0.60|0.77|0.61|0.84|1.00|0.74|0.71|0.69|0.68|0.55|0.62|0.64|0.73|0.81|0.75|0.75|0.81|0.70,Business,2025-11-02T11:58:26Z
SL000183,Slovak Tech,Pakistan,Slovakia,Prefer not to say,21,C1,71.5,0.68,Low,Married,0.3,0,0.6,Tutoring,0,Transferred,0.64|0.68|0.57|1.00|0.68|0.85|0.84|0.59|0.70|0.62|0.52|0.71|0.61|0.65|0.79|0.82|0.45|1.00|0.77|1.00|0.67|0.87|0.64|0.78|0.84|0.61|0.85|0.89|0.61|0.81|0.83|1.00,Psychology,2025-11-02T11:58:26Z
SL000184,Comenius University Bratislava,Pakistan,Slovakia,Prefer not to say,29,C1,80.9,0.9,Medium,Other,0.26,0,0.6,BuddyProgram,1,Completed,0.94|0.52|0.54|0.64|0.77|0.62|0.79|0.74|0.60|0.71|0.44|0.62|0.82|0.64|0.57|0.95|0.79|0.85|0.62|0.69|0.72|0.50|0.65|0.84|0.75|0.83|0.52|0.67|0.58|0.59|0.67|0.65,Psychology,2025-11-02T11:58:26Z
SL000185,Slovak Tech,Latvia,Slovakia,Other,19,B1,72.7,1.0,Medium,Single,0.46,0,0.1,LanguageMentor,1,Completed,0.68|0.70|0.83|0.96|0.93|0.74|0.75|0.67|0.70|0.72|0.74|0.68|0.77|0.58|0.84|0.57|0.68|0.67|0.85|0.66|0.55|0.86|0.66|0.73|0.73|0.94|0.83|0.89|0.97|0.82|0.66|0.80,Computer Science,2025-11-02T11:58:26Z
SL000186,Comenius University Bratislava,Spain,Slovakia,Prefer not to say,21,C1,75.2,0.97,High,Married,0.2,1,0.1,Tutoring,0,Dropped Out,0.60|0.67|0.51|0.95|0.96|0.71|0.60|0.67|0.68|0.66|0.53|0.78|0.72|0.86|0.76|0.45|0.55|0.61|1.00|0.90|0.43|0.60|0.69|0.62|0.45|0.82|0.52|0.96|0.76|0.87|0.65|0.50,Economics,2025-11-02T11:58:26Z
SL000187,Slovak Tech,Sri Lanka,Slovakia,Other,24,B1,67.5,0.9,Medium,Single,0.12,0,0.6,BuddyProgram,0,Failed Exams,0.85|0.79|0.63|0.57|0.76|0.91|0.86|0.78|0.72|0.72|0.85|0.84|0.61|0.81|0.65|0.72|0.68|0.94|0.71|0.71|0.80|0.68|0.84|0.88|0.63|0.96|0.72|1.00|0.81|0.57|0.65|0.85,Economics,2025-11-02T11:58:26Z
SL000188,Slovak Tech,Nigeria,Slovakia,Female,20,A2,73.3,0.94,Low,Other,0.19,0,0.7,Tutoring,1,Completed,0.86|0.72|0.72|0.68|0.75|0.67|0.75|0.67|0.70|0.68|0.77|0.80|0.75|0.65|0.69|0.67|0.86|0.74|0.67|0.70|0.72|0.67|0.61|0.66|0.64|0.58|0.80|0.70|0.75|0.82|0.75|0.63,English Philology,2025-11-02T11:58:26Z
SL000189,Comenius University Bratislava,Nigeria,Slovakia,Other,22,B2,77.9,0.9,High,Married,0.16,0,0.7,BuddyProgram,1,Ongoing,0.76|0.72|0.59|0.49|0.80|0.73|0.73|0.60|0.67|0.80|0.56|0.82|0.72|0.63|0.58|1.00|1.00|0.90|0.57|0.68|0.67|0.95|0.55|0.61|0.59|0.65|0.45|0.78|0.72|0.87|0.65|0.55,Psychology,2025-11-02T11:58:26Z
SL000190,Comenius University Bratislava,Ukraine,Slovakia,Prefer not to say,26,B2,68.2,0.93,Medium,Single,0.17,0,0.1,BuddyProgram,1,Completed,0.74|0.67|0.70|0.89|0.56|0.59|0.71|0.62|0.63|0.62|0.52|0.49|0.77|0.79|0.89|0.99|0.56|0.82|0.64|0.54|0.53|0.92|0.76|0.86|0.87|0.77|0.88|0.67|0.53|0.74|0.67|0.75,Economics,2025-11-02T11:58:26Z
SL000191,Comenius University Bratislava,Slovakia,Slovakia,Other,24,C1,59.4,0.85,Medium,Other,0.23,0,0.1,Tutoring,1,Completed,0.54|0.77|0.71|0.64|0.76|0.70|0.89|0.80|0.65|0.99|0.62|0.66|0.60|0.66|1.00|0.80|0.71|0.80|0.70|0.78|0.40|0.79|0.60|0.82|0.65|0.78|0.77|0.99|0.74|0.50|0.87|0.73,Business,2025-11-02T11:58:26Z
SL000192,Comenius University Bratislava,Latvia,Slovakia,Female,19,B2,66.7,0.91,Low,Single,0.13,0,0.1,BuddyProgram,1,Ongoing,0.64|0.86|0.59|0.85|0.83|0.65|0.73|0.74|0.68|0.86|0.73|0.73|0.56|0.74|0.77|0.77|0.52|0.70|0.74|0.63|0.90|0.75|1.00|0.61|0.98|0.65|0.85|0.84|0.81|0.42|0.65|0.73,Economics,2025-11-02T11:58:26Z
SL000193,Slovak Tech,Nigeria,Slovakia,Male,24,B2,80.4,0.82,Low,Other,0.07,0,0.7,LanguageMentor,1,Completed,0.75|0.74|0.91|0.84|0.70|0.60|0.59|0.73|0.84|0.67|0.78|0.59|0.68|0.57|0.91|0.80|0.66|0.60|0.69|0.71|0.85|0.61|0.65|0.67|0.63|0.71|0.66|0.70|1.00|0.83|0.66|0.83,Logistics,2025-11-02T11:58:26Z
SL000194,Comenius University Bratislava,Slovakia,Slovakia,Male,28,B2,88.2,0.96,Low,Married,0.55,0,0.1,Tutoring,1,Completed,0.67|0.62|0.73|0.54|0.52|0.73|0.74|0.83|0.59|0.82|0.72|0.70|0.69|0.57|0.80|0.76|0.60|0.84|0.81|0.88|0.78|0.92|0.68|0.81|0.47|0.80|0.62|0.53|0.74|0.80|0.69|0.55,Psychology,2025-11-02T11:58:26Z
SL000195,Slovak Tech,India,Slovakia,Other,20,C2,73.0,0.87,Low,Other,0.11,0,0.6,Tutoring,1,Ongoing,0.62|0.65|0.68|0.55|0.67|0.73|0.66|0.44|0.70|0.81|0.74|0.63|0.62|0.73|0.81|0.76|0.90|0.76|0.88|0.84|0.57|0.87|0.62|0.82|0.72|0.73|0.80|0.84|0.82|0.81|0.91|0.67,Computer Science,2025-11-02T11:58:26Z
SL000196,Comenius University Bratislava,Ukraine,Slovakia,Female,27,C2,68.7,1.0,High,Single,0.64,0,0.1,None,1,Completed,0.86|0.82|0.38|0.68|0.71|1.00|0.70|0.94|0.88|0.70|0.77|0.74|0.77|0.71|0.56|0.78|0.39|0.60|0.39|0.77|0.57|0.72|0.77|0.63|0.80|0.67|0.55|0.60|0.81|0.49|0.74|0.82,Data Science,2025-11-02T11:58:26Z
SL000197,Comenius University Bratislava,Latvia,Slovakia,Male,23,C1,81.4,0.81,Low,Married,0.16,0,0.1,LanguageMentor,1,Completed,0.69|0.89|0.82|0.94|0.86|0.87|0.41|0.59|0.88|0.78|0.63|0.72|0.78|0.71|0.90|0.78|0.73|0.68|0.76|0.63|0.90|0.71|0.79|0.66|1.00|0.60|0.60|0.85|0.60|0.80|0.68|0.61,English Philology,2025-11-02T11:58:26Z
SL000198,Slovak Tech,Ukraine,Slovakia,Female,22,B1,52.4,0.9,Low,Married,0.26,0,0.1,BuddyProgram,1,Completed,0.67|0.67|0.72|0.72|0.55|0.72|0.75|0.58|0.73|0.70|0.71|0.77|0.85|0.49|0.76|0.81|0.98|0.55|0.67|0.44|0.87|0.49|0.86|0.83|0.88|0.86|0.89|0.85|0.65|0.56|0.91|0.84,Computer Science,2025-11-02T11:58:26Z
SL000199,Comenius University Bratislava,Vietnam,Slovakia,Female,18,A2,84.3,0.94,Medium,Single,0.07,0,0.6,LanguageMentor,1,Completed,0.65|1.00|0.85|0.73|0.73|0.70|0.80|0.62|0.81|0.76|0.79|0.84|0.56|0.90|0.61|0.73|0.65|0.56|0.61|0.71|0.63|0.75|0.60|0.72|0.71|0.66|0.71|0.64|0.74|0.79|0.75|0.70,Data Science,2025-11-02T11:58:26Z
SL000200,Comenius University Bratislava,Latvia,Slovakia,Male,18,B1,97.8,0.99,High,Married,0.15,0,0.1,Counseling,1,Completed,0.58|0.43|0.64|0.76|0.54|0.88|0.64|0.53|0.90|0.85|0.85|0.58|0.74|0.83|0.78|0.89|0.81|0.65|0.86|0.70|0.79|0.72|1.00|0.93|0.77|0.49|0.74|0.76|0.74|0.82|0.81|0.60,English Philology,2025-11-02T11:58:26Z
SL000201,Comenius University Bratislava,Sri Lanka,Slovakia,Male,27,C1,56.1,0.98,Low,Married,0.22,0,0.6,Tutoring,1,Completed,0.70|0.82|0.63|0.59|0.58|1.00|0.69|0.89|0.78|0.70|0.79|0.91|0.70|0.82|0.74|0.59|0.66|0.75|0.66|0.71|0.65|1.00|0.81|0.78|0.81|0.80|0.71|0.49|0.70|0.72|0.76|0.74,Data Science,2025-11-02T11:58:26Z
SL000202,Slovak Tech,Spain,Slovakia,Male,26,B1,76.9,0.91,High,Single,0.08,1,0.1,BuddyProgram,0,Administrative Withdrawal,0.70|0.63|0.70|0.68|0.66|0.70|0.83|0.59|0.77|0.82|0.75|0.65|0.58|0.83|0.66|0.55|0.75|0.73|0.53|0.85|0.68|0.73|0.68|0.98|0.87|0.79|0.73|0.63|0.78|0.66|0.51|0.50,Engineering,2025-11-02T11:58:26Z
SL000203,Slovak Tech,Latvia,Slovakia,Male,20,A2,54.0,0.95,Medium,Married,0.28,1,0.1,Tutoring,0,Dropped Out,0.81|0.85|0.60|0.62|0.68|0.80|1.00|0.71|0.75|0.74|0.56|0.83|0.84|0.75|0.60|0.95|0.81|0.69|0.73|0.80|0.81|0.70|0.62|0.99|0.77|0.63|0.84|0.66|0.37|0.85|0.62|0.57,English Philology,2025-11-02T11:58:26Z
SL000204,Comenius University Bratislava,USA,Slovakia,Female,25,C2,73.8,0.88,Low,Other,0.1,0,0.3,None,1,Completed,0.51|0.69|0.71|0.84|0.82|0.74|0.68|0.88|0.80|0.53|0.66|0.70|0.73|0.88|0.80|0.99|0.80|0.65|0.80|0.68|0.87|0.84|0.80|0.74|0.71|0.68|1.00|0.86|0.75|0.72|0.61|0.95,Economics,2025-11-02T11:58:26Z
SL000205,Slovak Tech,Spain,Slovakia,Male,25,A2,64.3,0.87,Low,Single,0.02,0,0.1,Tutoring,0,Failed Exams,0.71|0.81|0.78|0.87|0.48|0.67|0.73|0.77|0.73|0.85|0.84|0.88|0.89|0.90|0.50|0.70|0.51|0.70|0.79|0.45|0.66|0.80|0.79|0.81|0.93|0.80|0.55|0.74|0.86|0.88|0.86|0.94,English Philology,2025-11-02T11:58:26Z
SL000206,Comenius University Bratislava,USA,Slovakia,Prefer not to say,21,B1,63.6,0.96,Medium,Other,0.18,1,0.3,None,0,Dropped Out,0.87|0.67|0.66|0.79|0.60|0.64|0.81|0.77|0.57|0.70|0.85|0.67|0.76|0.78|0.80|0.35|0.69|0.66|0.60|0.46|0.75|0.94|0.54|0.55|0.82|0.55|0.72|0.64|0.70|0.72|0.83|0.55,Logistics,2025-11-02T11:58:26Z
SL000207,Comenius University Bratislava,Nigeria,Slovakia,Prefer not to say,26,C1,66.9,1.0,Medium,Married,0.23,1,0.7,None,0,Dropped Out,0.76|0.75|0.72|0.67|0.68|0.60|0.66|0.98|0.69|0.88|0.77|1.00|0.45|0.84|0.50|0.72|0.80|0.71|0.73|0.69|0.90|0.96|0.76|0.68|0.57|0.88|0.72|0.76|0.80|0.59|0.94|0.51,Business,2025-11-02T11:58:26Z
SL000208,Slovak Tech,Slovakia,Slovakia,Female,24,A2,78.7,0.93,High,Single,0.29,0,0.1,Tutoring,0,Failed Exams,0.77|0.73|1.00|0.75|0.71|0.71|0.56|0.73|0.75|0.49|1.00|0.56|0.91|0.79|0.71|0.70|0.69|0.67|0.84|0.57|0.70|0.71|0.65|0.77|0.56|0.61|0.56|0.75|0.58|0.89|0.72|0.65,Computer Science,2025-11-02T11:58:26Z
SL000209,Comenius University Bratislava,India,Slovakia,Prefer not to say,22,B1,82.0,0.9,Low,Married,0.43,0,0.6,Counseling,1,Completed,0.69|0.68|0.94|0.63|0.73|0.72|0.63|0.77|0.91|0.74|0.66|0.71|0.76|0.78|0.54|0.74|0.89|0.62|0.83|0.71|0.64|0.74|0.90|0.66|0.94|0.73|0.71|0.69|0.66|0.71|0.50|0.79,Computer Science,2025-11-02T11:58:26Z
SL000210,Comenius University Bratislava,Italy,Slovakia,Female,25,B2,79.9,0.95,High,Married,0.09,0,0.1,BuddyProgram,1,Completed,0.54|0.79|0.80|0.82|0.78|0.87|0.79|0.65|0.78|0.56|0.71|0.71|0.77|0.90|0.46|1.00|0.95|0.87|0.50|0.57|0.86|0.70|0.71|0.68|0.76|0.51|0.67|0.44|0.84|0.78|0.93|0.98,Engineering,2025-11-02T11:58:26Z
SL000211,Slovak Tech,Nigeria,Slovakia,Male,24,B1,84.8,0.68,Low,Married,0.09,0,0.7,LanguageMentor,1,Completed,0.80|0.53|0.51|0.56|0.64|0.82|0.76|0.69|0.63|0.69|0.82|0.77|0.56|0.82|0.83|0.96|0.70|0.61|0.59|0.81|0.56|0.50|0.85|0.90|0.76|0.70|0.62|0.76|0.87|0.57|0.96|0.64,Engineering,2025-11-02T11:58:26Z
SL000212,Comenius University Bratislava,Slovakia,Slovakia,Prefer not to say,22,B1,75.9,0.98,Medium,Other,0.26,1,0.1,BuddyProgram,0,Dropped Out,0.56|0.74|1.00|0.68|0.83|0.73|0.78|0.94|0.71|0.80|0.73|0.67|0.72|0.75|0.52|0.30|0.72|0.69|1.00|0.65|0.69|0.84|0.77|0.79|0.65|0.61|0.64|0.99|1.00|0.68|0.75|0.67,Engineering,2025-11-02T11:58:26Z
SL000213,Comenius University Bratislava,Italy,Slovakia,Other,22,C1,71.4,0.92,High,Single,0.36,0,0.1,LanguageMentor,1,Completed,0.78|0.51|0.46|0.55|0.69|0.91|0.60|0.46|0.90|0.65|0.71|0.77|0.92|0.58|0.84|0.72|0.57|0.67|0.61|0.81|0.46|0.72|0.89|0.51|0.76|0.88|0.69|0.78|0.75|0.70|0.74|0.62,Engineering,2025-11-02T11:58:26Z
SL000214,Comenius University Bratislava,Sri Lanka,Slovakia,Other,24,C2,56.2,1.0,High,Other,0.64,0,0.6,None,1,Completed,0.82|0.64|0.54|0.59|0.84|0.82|0.72|0.61|0.70|0.66|0.84|0.45|0.60|0.53|0.65|0.64|0.50|0.84|0.46|0.36|0.35|0.43|0.41|0.67|0.64|0.51|0.75|0.63|0.88|0.95|0.71|0.77,Computer Science,2025-11-02T11:58:26Z
SL000215,Slovak Tech,Pakistan,Slovakia,Male,23,B2,57.6,0.96,Low,Other,0.27,0,0.6,BuddyProgram,1,Completed,0.85|0.81|0.47|0.71|0.76|0.66|0.70|0.73|0.74|0.65|0.67|0.79|0.66|0.87|0.74|0.72|0.49|0.66|0.82|0.72|0.84|0.66|0.57|0.76|0.65|0.60|0.60|0.55|0.86|0.70|0.94|0.81,Psychology,2025-11-02T11:58:26Z
SL000216,Slovak Tech,Latvia,Slovakia,Prefer not to say,24,B1,80.8,0.81,High,Single,0.15,0,0.1,None,0,Failed Exams,0.67|0.71|0.91|0.58|0.82|0.72|0.76|0.67|0.53|0.80|0.89|0.64|0.69|0.75|0.91|0.74|0.79|0.80|0.94|0.67|0.69|0.67|0.59|0.70|0.78|0.79|0.91|0.75|0.71|0.66|0.55|1.00,Computer Science,2025-11-02T11:58:26Z
SL000217,Slovak Tech,Italy,Slovakia,Male,27,A2,59.2,0.88,Medium,Other,0.08,0,0.1,Tutoring,1,Completed,0.74|0.96|0.69|0.62|0.85|0.81|0.58|0.80|0.62|0.73|0.65|0.58|0.79|0.61|0.88|0.77|0.66|0.66|0.73|0.71|0.74|0.47|0.76|0.85|0.84|0.73|0.63|0.65|0.82|0.76|0.64|0.79,Psychology,2025-11-02T11:58:26Z
SL000218,Comenius University Bratislava,India,Slovakia,Male,28,B2,63.8,0.78,High,Married,0.27,0,0.6,None,1,Completed,0.72|0.69|0.67|0.74|0.63|0.48|0.76|0.81|0.64|0.71|0.68|0.89|0.89|0.84|0.93|0.64|0.80|0.59|0.72|0.76|0.55|0.76|0.70|0.76|0.71|0.92|0.88|0.89|0.67|0.64|0.76|0.75,Economics,2025-11-02T11:58:26Z
SL000219,Slovak Tech,Nigeria,Slovakia,Male,21,B2,83.3,0.81,High,Married,0.52,0,0.7,Tutoring,1,Completed,0.69|0.79|0.89|0.96|0.92|0.73|0.67|0.70|0.46|0.78|0.62|0.70|0.79|0.67|0.73|0.83|0.93|0.80|0.85|0.78|0.81|0.70|0.68|0.77|0.81|0.60|0.93|0.78|0.58|0.87|0.76|0.71,Computer Science,2025-11-02T11:58:26Z
SL000220,Comenius University Bratislava,Latvia,Slovakia,Female,22,C1,69.5,0.82,High,Single,0.52,0,0.1,BuddyProgram,0,Transferred,0.89|0.91|0.91|0.74|0.81|0.63|0.92|0.61|0.69|0.74|0.91|0.80|0.92|0.55|0.76|0.83|0.66|0.67|0.67|0.60|0.62|0.79|0.77|0.45|0.66|0.79|0.60|1.00|0.82|0.67|0.85|0.97,Economics,2025-11-02T11:58:26Z
SL000221,Comenius University Bratislava,USA,Slovakia,Prefer not to say,22,B1,67.2,0.98,Medium,Other,0.34,0,0.3,BuddyProgram,1,Completed,0.72|0.65|0.77|0.69|0.70|0.97|0.65|0.65|0.63|0.89|0.58|0.81|0.66|0.60|0.66|0.77|0.68|1.00|0.61|0.71|0.64|0.81|0.83|0.66|0.73|0.76|0.78|0.71|0.58|0.71|0.79|0.74,Economics,2025-11-02T11:58:26Z
SL000222,Comenius University Bratislava,Sri Lanka,Slovakia,Female,22,C2,72.8,0.94,Low,Married,0.14,0,0.6,Tutoring,1,Completed,0.81|0.83|0.65|0.52|0.67|0.66|0.80|0.70|0.65|0.83|0.43|0.75|0.77|0.88|0.65|0.56|0.84|0.64|0.76|0.62|0.69|0.80|0.60|0.55|0.55|0.78|0.93|0.83|0.61|0.56|0.89|0.69,Engineering,2025-11-02T11:58:26Z
SL000223,Slovak Tech,Pakistan,Slovakia,Other,21,C2,75.6,0.9,High,Married,0.17,0,0.6,Tutoring,1,Completed,0.59|0.86|0.63|0.76|0.82|1.00|0.67|0.89|0.55|0.69|0.85|0.75|0.56|0.72|0.60|0.75|0.71|0.53|0.72|0.63|0.80|0.81|0.63|0.76|0.78|0.61|0.65|0.88|0.65|0.77|0.70|0.97,Logistics,2025-11-02T11:58:26Z
SL000224,Comenius University Bratislava,Brazil,Slovakia,Female,26,A2,71.1,0.84,Medium,Married,0.42,1,0.5,LanguageMentor,0,Left Country,0.83|0.48|0.86|0.71|0.76|0.69|0.92|0.90|0.62|0.86|0.61|0.76|0.74|0.62|0.65|0.71|0.75|0.70|0.74|0.58|0.55|0.59|0.71|0.58|0.69|0.85|0.69|0.75|0.78|0.51|0.83|0.57,English Philology,2025-11-02T11:58:26Z
SL000225,Comenius University Bratislava,Slovakia,Slovakia,Male,28,C1,77.1,0.89,Medium,Other,0.13,0,0.1,LanguageMentor,1,Completed,0.77|0.66|0.81|0.60|0.58|0.57|0.49|0.91|0.92|0.77|0.73|0.50|0.84|0.76|0.53|0.75|0.51|0.63|0.90|0.76|0.68|0.70|0.78|0.65|0.78|0.87|0.68|0.64|0.79|0.75|0.59|1.00,Computer Science,2025-11-02T11:58:26Z
SL000226,Slovak Tech,Slovakia,Slovakia,Male,20,C1,80.3,1.0,High,Married,0.03,0,0.1,Tutoring,1,Completed,0.67|0.66|0.92|0.74|0.65|0.77|0.57|0.67|1.00|0.84|0.75|0.57|0.68|0.92|0.72|0.79|0.68|0.56|0.74|0.69|0.76|0.76|1.00|0.75|0.81|0.80|0.84|0.81|0.78|0.92|0.79|0.85,Economics,2025-11-02T11:58:26Z
SL000227,Slovak Tech,Vietnam,Slovakia,Prefer not to say,22,A2,74.6,0.83,Medium,Single,0.15,1,0.6,None,0,Left Country,0.80|0.83|0.90|0.62|0.67|0.68|0.90|0.65|0.55|0.52|0.50|0.84|0.81|0.79|0.69|0.57|0.82|0.69|0.71|0.64|0.82|0.88|0.89|0.84|0.68|0.92|0.77|0.63|0.55|0.76|0.93|0.72,Economics,2025-11-02T11:58:26Z
SL000228,Comenius University Bratislava,Ukraine,Slovakia,Other,23,C1,72.8,0.95,Low,Married,0.34,0,0.1,None,1,Completed,0.83|0.39|0.73|0.65|0.96|0.75|0.58|0.74|0.98|0.81|0.68|0.62|0.78|0.75|0.88|0.65|0.85|0.64|0.80|0.51|0.96|0.61|0.72|0.45|0.79|0.61|0.62|0.63|0.52|0.79|0.69|0.57,Engineering,2025-11-02T11:58:26Z
SL000229,Comenius University Bratislava,Pakistan,Slovakia,Prefer not to say,20,A2,65.7,0.99,Medium,Single,0.43,0,0.6,None,0,Failed Exams,0.84|0.46|0.94|0.73|0.65|0.77|0.85|0.90|0.77|0.64|0.79|0.78|0.71|0.57|0.66|0.61|0.53|0.90|0.37|0.78|0.61|0.65|0.85|0.76|0.69|0.75|0.73|0.72|0.82|0.83|0.70|0.83,Logistics,2025-11-02T11:58:26Z
SL000230,Comenius University Bratislava,Nigeria,Slovakia,Female,28,B2,74.7,0.96,Medium,Other,0.13,1,0.7,None,0,Dropped Out,0.85|0.56|0.80|0.89|0.59|0.99|0.73|0.87|0.64|0.44|0.77|0.80|0.58|0.65|0.58|0.90|0.82|0.56|0.96|0.58|0.80|0.95|0.54|0.51|0.62|0.66|0.70|0.97|0.85|1.00|0.59|0.76,Business,2025-11-02T11:58:26Z
SL000231,Comenius University Bratislava,Sri Lanka,Slovakia,Prefer not to say,20,B1,68.1,0.86,Medium,Other,0.14,0,0.6,LanguageMentor,0,Transferred,0.70|0.80|0.75|0.64|0.79|0.80|0.57|0.71|0.78|0.72|0.97|0.67|0.66|0.75|0.72|0.79|0.73|0.72|0.63|0.52|0.48|0.90|0.78|0.65|0.65|0.59|0.91|0.77|0.97|0.79|0.75|0.74,Logistics,2025-11-02T11:58:26Z
SL000232,Slovak Tech,Latvia,Slovakia,Prefer not to say,21,C1,68.5,0.82,Medium,Other,0.25,0,0.1,Tutoring,1,Completed,0.76|0.84|0.92|0.60|0.73|0.73|0.88|0.82|0.83|0.88|0.79|1.00|0.96|0.58|0.81|0.56|0.74|0.83|0.93|0.65|0.83|0.65|0.48|0.50|0.80|0.84|0.72|0.74|0.81|0.67|0.71|0.74,Psychology,2025-11-02T11:58:26Z
SL000233,Slovak Tech,Italy,Slovakia,Other,23,B2,74.8,0.78,High,Other,0.23,0,0.1,Tutoring,0,Transferred,0.86|0.50|0.80|0.57|0.73|0.64|0.29|0.79|0.79|0.69|0.98|0.83|0.68|0.44|0.44|0.73|0.72|0.82|0.90|0.64|0.67|0.68|0.59|0.74|0.93|0.66|0.88|0.82|0.81|0.77|0.74|0.66,Engineering,2025-11-02T11:58:26Z
SL000234,Slovak Tech,Slovakia,Slovakia,Male,26,C2,61.3,0.78,Medium,Married,0.26,0,0.1,None,0,Failed Exams,0.66|0.81|0.72|0.76|0.64|0.79|0.78|0.69|0.83|0.74|0.52|0.69|0.91|0.89|0.79|0.58|0.81|0.85|0.77|0.68|0.67|0.58|0.64|0.67|0.67|0.71|0.75|0.74|1.00|0.69|1.00|0.63,Logistics,2025-11-02T11:58:26Z
SL000235,Slovak Tech,Vietnam,Slovakia,Prefer not to say,23,B2,73.6,0.78,Medium,Other,0.09,1,0.6,Tutoring,0,Dropped Out,0.76|0.48|0.79|0.89|1.00|0.61|0.70|0.75|0.49|0.45|0.68|0.60|0.97|0.83|0.59|0.54|0.72|0.85|0.79|0.76|0.51|0.69|0.93|0.91|1.00|0.55|0.52|0.60|0.74|0.84|0.61|0.85,Engineering,2025-11-02T11:58:26Z
SL000236,Comenius University Bratislava,Ukraine,Slovakia,Prefer not to say,20,C2,60.9,0.88,Medium,Other,0.34,0,0.1,Tutoring,0,Transferred,0.76|0.75|0.31|0.59|0.65|0.90|0.75|0.79|0.81|0.83|0.74|0.54|0.79|0.78|0.83|0.96|0.89|0.73|0.81|0.70|0.66|0.71|0.56|0.84|0.78|0.91|0.76|0.72|0.82|0.61|0.70|0.69,Data Science,2025-11-02T11:58:26Z
SL000237,Slovak Tech,Slovakia,Slovakia,Male,21,C2,92.6,0.76,High,Other,0.05,0,0.1,Tutoring,1,Completed,0.76|0.83|0.92|0.94|0.60|0.59|0.70|0.63|0.75|0.78|0.77|0.80|0.81|0.79|0.81|0.82|0.55|0.72|0.84|0.71|0.82|0.76|0.69|0.51|0.65|0.57|0.83|0.78|0.90|0.77|0.77|0.81,Engineering,2025-11-02T11:58:26Z
SL000238,Slovak Tech,Slovakia,Slovakia,Prefer not to say,20,C2,81.5,0.87,Low,Married,0.3,1,0.1,Tutoring,0,Dropped Out,0.69|0.59|0.83|0.55|0.70|0.72|0.49|0.98|0.69|0.87|0.82|0.81|0.60|0.74|0.61|0.60|0.57|0.69|0.71|0.67|0.71|0.83|0.83|0.67|0.64|0.77|0.63|0.87|0.66|0.94|0.63|0.82,Business,2025-11-02T11:58:26Z
SL000239,Comenius University Bratislava,Latvia,Slovakia,Prefer not to say,23,B2,75.1,0.88,Medium,Single,0.34,0,0.1,Tutoring,1,Completed,0.59|0.73|0.91|0.72|0.86|0.59|0.58|0.89|0.80|0.49|0.97|0.83|0.66|0.90|0.77|0.46|0.90|0.79|0.89|0.74|0.85|0.77|0.70|0.80|0.67|0.64|0.76|0.87|0.60|0.69|0.81|0.73,English Philology,2025-11-02T11:58:26Z
SL000240,Comenius University Bratislava,Bangladesh,Slovakia,Male,33,C1,68.5,0.93,Medium,Other,0.38,0,0.6,BuddyProgram,1,Ongoing,0.66|0.76|0.78|0.68|0.47|0.77|0.57|0.69|0.73|0.62|0.80|0.75|0.84|0.91|0.84|0.99|0.77|0.80|0.84|0.78|0.90|0.73|0.81|0.93|0.90|0.67|0.74|0.90|0.71|1.00|0.64|0.85,Engineering,2025-11-02T11:58:26Z
SL000241,Slovak Tech,Sri Lanka,Slovakia,Prefer not to say,24,A2,56.0,0.95,High,Other,0.49,1,0.6,BuddyProgram,0,Dropped Out,0.79|0.56|0.88|0.71|0.78|0.66|0.54|0.89|0.56|0.67|0.69|0.65|0.58|0.72|0.78|0.72|0.74|0.85|0.75|1.00|0.91|0.65|0.70|0.46|0.73|0.85|0.74|0.69|0.67|0.69|0.53|0.78,Logistics,2025-11-02T11:58:26Z
SL000242,Comenius University Bratislava,Sri Lanka,Slovakia,Male,23,B2,82.1,0.8,Low,Single,0.26,0,0.6,Tutoring,0,Failed Exams,0.76|0.85|0.56|0.64|0.70|0.76|0.84|0.61|0.66|0.87|0.47|0.67|0.63|0.72|0.71|0.73|0.77|0.86|0.63|0.55|0.43|0.81|0.89|0.60|0.71|0.72|0.85|0.72|0.71|0.57|0.68|0.72,Computer Science,2025-11-02T11:58:26Z
SL000243,Comenius University Bratislava,Latvia,Slovakia,Prefer not to say,21,C2,75.5,0.83,High,Married,0.08,0,0.1,None,1,Completed,0.42|0.81|0.79|0.72|0.77|0.62|0.62|0.96|0.50|0.83|0.84|0.88|0.61|0.80|0.65|0.74|0.52|0.56|0.65|0.43|0.86|0.99|0.66|0.93|0.74|0.88|0.71|0.69|0.71|0.72|0.78|0.51,English Philology,2025-11-02T11:58:26Z
SL000244,Comenius University Bratislava,Slovakia,Slovakia,Prefer not to say,24,C1,66.3,0.86,Low,Married,0.45,0,0.1,Tutoring,1,Completed,0.53|0.80|1.00|0.94|0.74|0.67|0.74|0.60|0.86|0.72|0.91|0.64|0.69|0.76|0.45|0.72|0.55|0.71|0.82|0.75|0.85|0.88|0.50|0.56|0.60|1.00|0.82|0.69|0.80|0.86|0.88|0.64,Engineering,2025-11-02T11:58:26Z
SL000245,Slovak Tech,Brazil,Slovakia,Other,21,B2,68.2,0.81,Medium,Married,0.13,1,0.5,None,0,Dropped Out,0.60|0.48|0.68|0.67|0.64|0.81|0.80|0.83|0.73|0.88|0.94|0.50|0.83|0.65|0.77|1.00|0.68|0.72|0.58|0.74|0.63|0.63|0.74|0.59|0.78|0.82|0.85|0.87|0.69|0.80|0.71|0.67,Economics,2025-11-02T11:58:26Z
SL000246,Comenius University Bratislava,Ukraine,Slovakia,Male,21,C2,57.8,0.81,Low,Single,0.52,0,0.1,None,1,Ongoing,0.61|0.63|0.94|0.62|0.90|0.69|0.68|0.76|0.80|0.82|0.91|0.61|0.57|0.59|0.59|0.78|0.45|0.78|0.68|0.66|0.85|0.94|0.68|0.78|0.82|0.69|0.82|0.75|0.57|0.80|0.46|0.68,Engineering,2025-11-02T11:58:26Z
SL000247,Slovak Tech,USA,Slovakia,Male,26,B2,58.0,1.0,High,Married,0.31,0,0.3,LanguageMentor,1,Completed,0.63|0.73|0.70|0.63|0.79|0.72|0.66|0.77|0.82|0.72|0.67|0.88|0.61|0.66|0.82|0.32|0.78|0.70|0.80|0.74|0.74|0.72|0.53|0.62|0.71|0.72|0.75|0.66|0.74|0.73|0.98|0.63,Psychology,2025-11-02T11:58:26Z
SL000248,Comenius University Bratislava,Sri Lanka,Slovakia,Other,27,B1,78.1,0.92,High,Single,0.32,0,0.6,BuddyProgram,1,Ongoing,0.74|0.67|0.73|0.69|0.74|0.86|0.65|0.81|0.64|0.57|0.87|0.66|0.63|1.00|0.62|0.48|0.93|0.76|0.92|0.76|0.78|0.61|0.91|0.85|0.67|0.83|0.84|0.68|0.75|0.73|0.72|0.66,Engineering,2025-11-02T11:58:26Z
SL000249,Comenius University Bratislava,Slovakia,Slovakia,Prefer not to say,26,C1,84.5,0.91,High,Married,0.11,0,0.1,None,1,Completed,0.79|0.81|0.69|0.97|0.67|0.72|0.75|0.64|0.85|0.56|0.65|1.00|0.80|0.67|0.72|0.86|0.84|0.86|0.64|0.71|0.71|0.64|0.69|0.81|0.79|0.68|0.69|0.73|0.66|0.72|0.70|0.60,Psychology,2025-11-02T11:58:26Z
SL000250,Comenius University Bratislava,Sri Lanka,Slovakia,Male,20,C1,80.3,0.75,High,Single,0.15,0,0.6,LanguageMentor,1,Completed,0.89|0.47|0.85|0.76|0.80|0.89|0.77|0.49|0.87|0.89|0.75|0.76|0.97|0.41|0.76|0.90|0.71|0.55|0.77|0.75|0.58|0.58|0.59|0.61|0.72|0.81|0.89|0.82|0.78|0.62|0.77|0.88,English Philology,2025-11-02T11:58:26Z
SL000251,Comenius University Bratislava,Vietnam,Slovakia,Prefer not to say,25,C2,76.5,0.87,Low,Other,0.09,1,0.6,BuddyProgram,0,Dropped Out,0.85|0.66|0.62|0.71|0.86|0.78|0.61|0.74|0.77|0.66|0.65|0.72|0.98|0.65|0.70|0.61|0.75|0.47|0.80|0.70|0.71|0.72|0.69|0.84|0.85|0.56|0.86|0.79|0.67|0.82|0.64|0.68,Business,2025-11-02T11:58:26Z
SL000252,Slovak Tech,Bangladesh,Slovakia,Female,23,C2,79.3,0.94,Medium,Single,0.06,0,0.6,LanguageMentor,1,Completed,0.79|0.55|0.66|1.00|0.76|0.91|0.97|0.83|0.87|0.67|0.59|0.64|0.68|0.87|0.77|0.56|0.81|0.66|0.53|0.94|0.79|0.69|0.62|0.83|0.61|0.50|0.56|0.58|0.75|0.84|0.97|0.79,Economics,2025-11-02T11:58:26Z
SL000253,Slovak Tech,Nigeria,Slovakia,Other,30,B2,73.2,1.0,Medium,Other,0.2,0,0.7,None,1,Completed,0.78|0.74|0.51|0.72|0.92|0.73|0.68|0.72|0.81|0.52|0.56|0.83|0.66|0.32|0.73|0.93|0.66|0.72|0.72|0.67|0.69|0.75|0.67|0.70|0.64|0.54|0.59|0.53|0.63|0.79|0.76|0.62,Computer Science,2025-11-02T11:58:26Z
SL000254,Comenius University Bratislava,USA,Slovakia,Male,25,B2,58.7,1.0,High,Other,0.22,0,0.3,None,1,Completed,0.62|0.62|0.88|0.57|0.74|0.81|0.66|0.83|0.78|0.86|0.67|0.76|0.46|0.75|0.71|0.78|0.70|0.76|0.81|0.55|0.65|0.97|0.80|0.59|0.54|0.61|0.70|0.53|0.89|0.61|0.71|1.00,Psychology,2025-11-02T11:58:26Z
SL000255,Slovak Tech,Vietnam,Slovakia,Female,30,C2,85.2,0.84,High,Single,0.19,1,0.6,Tutoring,0,Dropped Out,0.83|0.58|0.42|0.89|0.71|0.84|0.66|0.69|0.53|0.81|0.80|0.57|0.62|0.79|0.54|0.89|0.60|0.64|0.94|0.73|0.68|1.00|0.84|0.76|0.64|0.65|0.52|0.72|0.55|0.75|0.55|0.88,Engineering,2025-11-02T11:58:26Z
SL000256,Comenius University Bratislava,Pakistan,Slovakia,Male,23,B2,61.4,0.79,Low,Other,0.13,0,0.6,LanguageMentor,1,Completed,0.71|0.65|0.76|0.55|0.82|0.82|0.74|0.77|0.74|1.00|0.76|0.87|0.74|0.65|0.78|0.84|0.81|0.68|0.87|0.82|0.67|0.63|0.62|0.68|0.66|0.64|0.93|0.93|0.77|0.81|0.69|0.84,Psychology,2025-11-02T11:58:26Z
SL000257,Comenius University Bratislava,Ukraine,Slovakia,Male,22,B2,67.2,0.81,High,Other,0.28,1,0.1,Tutoring,0,Left Country,0.71|0.88|0.77|0.65|0.78|0.92|0.59|0.77|0.47|0.60|0.68|0.55|0.70|0.81|0.85|0.78|0.63|0.69|0.75|0.79|0.70|0.62|0.42|0.42|0.59|0.71|0.80|0.80|0.89|0.77|0.68|0.62,Data Science,2025-11-02T11:58:26Z
SL000258,Comenius University Bratislava,Pakistan,Slovakia,Female,21,C2,74.6,0.85,Medium,Single,0.3,0,0.6,Counseling,1,Completed,0.77|0.89|0.71|0.80|0.52|0.71|0.57|0.92|0.97|0.78|0.90|0.44|0.93|0.54|0.81|0.89|0.69|0.66|0.85|0.70|0.84|0.62|0.75|0.58|0.63|0.72|0.72|0.84|0.66|0.55|0.60|0.66,Psychology,2025-11-02T11:58:26Z
SL000259,Comenius University Bratislava,Sri Lanka,Slovakia,Other,20,C1,73.0,0.93,Medium,Married,0.46,0,0.6,Counseling,1,Completed,0.51|0.76|0.78|0.59|0.79|0.78|0.92|0.84|0.66|0.66|0.52|0.71|0.62|0.70|0.87|0.87|0.71|0.75|0.72|0.73|0.52|0.64|0.89|0.73|0.86|0.76|0.85|0.55|0.94|0.78|0.44|0.67,Engineering,2025-11-02T11:58:26Z
SL000260,Comenius University Bratislava,India,Slovakia,Prefer not to say,25,B2,63.6,0.96,Medium,Single,0.17,1,0.6,BuddyProgram,0,Dropped Out,0.89|0.62|0.79|0.61|0.82|0.93|0.78|0.74|0.90|0.65|0.70|0.48|0.66|0.70|0.62|0.82|0.77|0.81|0.91|0.81|0.74|0.79|0.80|0.78|0.60|1.00|0.66|0.96|0.67|0.73|0.59|0.63,Data Science,2025-11-02T11:58:26Z
SL000261,Slovak Tech,Pakistan,Slovakia,Male,21,C2,66.0,0.9,Low,Single,0.01,1,0.6,None,0,Left Country,0.83|0.69|0.62|0.79|0.66|0.78|0.53|0.76|0.48|1.00|0.77|0.65|0.89|0.61|0.66|0.89|0.92|0.62|0.93|0.75|0.38|0.60|0.81|0.63|0.97|0.45|0.66|0.65|0.65|0.40|0.68|0.92,English Philology,2025-11-02T11:58:26Z
SL000262,Slovak Tech,Slovakia,Slovakia,Female,20,B1,71.4,0.95,High,Other,0.48,0,0.1,None,1,Ongoing,0.82|0.62|0.64|0.85|0.69|0.81|0.63|0.79|0.79|0.62|0.84|0.61|0.71|0.93|0.95|0.74|0.93|0.72|0.62|0.84|0.61|0.50|0.58|0.95|0.55|0.85|0.66|0.75|0.70|0.52|0.76|0.84,Engineering,2025-11-02T11:58:26Z
SL000263,Comenius University Bratislava,Nigeria,Slovakia,Prefer not to say,25,B1,64.4,0.91,Low,Single,0.34,0,0.7,None,0,Transferred,0.58|0.84|0.46|0.53|0.71|0.69|0.85|0.80|0.49|0.85|0.79|0.77|0.85|0.63|0.64|0.64|0.47|0.70|0.69|0.78|0.63|0.78|0.70|0.47|0.65|0.57|0.75|0.77|0.65|0.54|0.76|0.78,Logistics,2025-11-02T11:58:26Z
SL000264,Slovak Tech,Nigeria,Slovakia,Other,27,C2,72.2,1.0,Low,Married,0.49,1,0.7,None,0,Dropped Out,0.68|0.74|0.64|0.78|0.76|0.87|0.53|0.85|0.75|0.69|0.73|1.00|0.81|0.93|0.67|0.71|0.77|0.55|0.66|0.54|0.67|0.76|0.86|0.83|0.70|0.67|1.00|0.83|0.82|0.78|0.67|0.64,Business,2025-11-02T11:58:26Z
SL000265,Slovak Tech,India,Slovakia,Other,25,C2,76.8,0.94,High,Single,0.4,0,0.6,None,1,Completed,0.60|0.66|0.91|0.71|0.85|0.74|1.00|0.53|0.52|0.68|0.70|0.65|0.53|0.78|0.60|0.57|0.69|0.77|0.63|0.51|0.73|0.57|0.74|0.70|0.66|0.79|0.70|1.00|0.66|0.73|0.87|0.80,English Philology,2025-11-02T11:58:26Z
SL000266,Comenius University Bratislava,USA,Slovakia,Male,27,C1,65.8,0.85,High,Married,0.5,0,0.3,None,1,Ongoing,0.87|0.61|0.53|0.56|0.79|0.55|0.55|0.80|0.79|0.67|0.87|0.69|0.87|0.90|0.89|0.75|0.80|0.55|0.77|0.86|0.68|0.53|0.86|0.71|0.92|0.65|0.71|0.66|0.78|0.92|0.47|0.84,English Philology,2025-11-02T11:58:26Z
SL000267,Slovak Tech,Italy,Slovakia,Other,27,B2,76.7,0.74,High,Other,0.24,1,0.1,LanguageMentor,0,Dropped Out,0.74|0.78|0.61|0.58|0.80|0.63|0.72|1.00|0.62|0.78|0.79|0.93|0.77|1.00|0.66|0.84|0.87|0.76|0.71|0.79|0.72|0.63|0.82|0.65|0.72|0.86|0.81|0.70|0.85|0.70|0.72|0.89,Psychology,2025-11-02T11:58:26Z
SL000268,Comenius University Bratislava,Bangladesh,Slovakia,Female,25,A2,79.7,0.92,Medium,Other,0.72,0,0.6,Counseling,1,Ongoing,0.67|0.71|0.64|0.72|0.61|0.72|0.69|0.74|0.66|0.89|0.79|0.48|0.70|0.30|0.70|0.77|0.50|0.47|0.67|0.49|0.55|0.45|0.50|0.43|0.75|1.00|0.61|0.68|0.83|0.78|0.58|0.57,Data Science,2025-11-02T11:58:26Z
SL000269,Slovak Tech,India,Slovakia,Prefer not to say,24,B2,91.4,0.99,Low,Other,0.17,0,0.6,Tutoring,1,Completed,0.76|0.70|0.95|0.65|0.40|0.72|0.68|0.71|0.76|0.86|0.78|0.67|0.94|0.51|0.73|0.75|0.66|0.59|0.82|0.87|0.81|0.64|0.91|0.79|0.74|0.77|0.55|0.86|0.75|0.51|0.73|0.73,Economics,2025-11-02T11:58:26Z
SL000270,Comenius University Bratislava,Sri Lanka,Slovakia,Female,27,C2,69.9,0.98,Low,Other,0.44,0,0.6,None,1,Completed,0.57|0.74|0.59|0.91|0.88|0.70|0.65|0.58|1.00|0.66|0.81|1.00|0.78|0.74|0.93|0.83|0.70|0.76|0.65|0.53|0.83|0.57|0.55|0.82|0.63|0.90|0.48|1.00|0.85|0.63|0.68|0.72,Business,2025-11-02T11:58:26Z
SL000271,Comenius University Bratislava,Italy,Slovakia,Male,18,B1,76.2,0.87,Medium,Other,0.22,0,0.1,BuddyProgram,1,Completed,0.71|0.79|0.71|0.57|0.67|0.72|0.87|0.72|0.81|0.80|0.99|0.91|0.79|0.78|0.77|0.68|0.84|0.68|0.75|0.83|0.81|0.82|0.68|0.60|0.81|0.70|0.71|0.83|0.74|0.67|0.58|0.72,Psychology,2025-11-02T11:58:26Z
SL000272,Slovak Tech,Vietnam,Slovakia,Other,24,A2,69.2,0.88,High,Other,0.12,1,0.6,BuddyProgram,0,Administrative Withdrawal,0.79|0.72|0.69|0.75|0.71|0.62|0.76|0.77|0.78|0.73|0.68|0.65|0.58|0.70|0.58|0.64|0.73|0.61|0.73|0.66|0.67|0.68|0.72|0.92|1.00|0.58|0.83|0.86|0.65|0.68|0.87|0.66,English Philology,2025-11-02T11:58:26Z
SL000273,Slovak Tech,Latvia,Slovakia,Prefer not to say,22,B1,65.5,0.79,High,Other,0.1,1,0.1,Tutoring,0,Administrative Withdrawal,0.83|0.78|0.72|0.83|0.92|0.88|0.56|0.99|0.53|0.62|0.53|0.75|0.83|0.73|0.64|0.76|0.72|0.81|0.71|0.99|0.75|0.81|0.84|0.62|0.68|0.62|0.98|0.75|0.83|0.88|0.84|0.69,Psychology,2025-11-02T11:58:26Z
SL000274,Slovak Tech,Ukraine,Slovakia,Prefer not to say,22,B1,74.2,0.91,Medium,Single,0.12,0,0.1,LanguageMentor,0,Failed Exams,0.84|0.78|0.72|0.53|0.78|0.88|0.83|0.56|0.67|0.83|0.67|0.85|0.75|0.82|0.84|0.76|0.94|0.67|0.81|0.76|0.66|0.73|0.91|0.68|0.42|0.84|0.75|0.67|0.80|0.75|0.56|0.76,Psychology,2025-11-02T11:58:26Z
SL000275,Comenius University Bratislava,Pakistan,Slovakia,Other,19,A2,51.4,0.82,Medium,Single,0.43,1,0.6,None,0,Left Country,0.52|0.60|0.72|0.80|0.75|0.78|0.85|0.71|0.92|0.60|0.61|0.89|0.74|0.99|1.00|0.68|0.54|0.77|0.75|0.78|0.67|0.71|0.83|0.67|0.84|0.74|0.51|0.88|0.66|0.85|0.64|0.80,Data Science,2025-11-02T11:58:26Z
SL000276,Comenius University Bratislava,Ukraine,Slovakia,Female,24,C2,64.2,0.92,Medium,Married,0.12,1,0.1,Tutoring,0,Dropped Out,0.65|0.76|0.52|0.87|0.62|0.69|0.58|0.63|0.95|0.87|0.98|0.71|0.60|0.57|0.94|0.68|0.56|0.44|0.42|0.67|0.94|0.65|0.75|0.69|0.78|0.83|0.81|0.50|0.67|0.74|0.87|0.73,Business,2025-11-02T11:58:26Z
SL000277,Slovak Tech,Slovakia,Slovakia,Male,20,C1,63.0,0.95,Medium,Married,0.21,0,0.1,Counseling,1,Completed,0.68|0.88|0.83|0.73|0.82|0.51|0.99|0.74|0.67|0.52|0.79|0.75|0.79|0.61|0.73|0.82|0.76|0.79|0.97|0.83|0.87|0.69|0.74|0.58|0.77|0.84|0.68|0.84|0.90|0.78|0.51|0.73,Computer Science,2025-11-02T11:58:26Z
SL000278,Comenius University Bratislava,USA,Slovakia,Male,26,B1,89.3,0.87,High,Single,0.2,0,0.3,LanguageMentor,0,Transferred,0.80|0.60|0.71|0.75|0.43|0.81|0.71|0.93|0.86|0.48|0.78|0.69|0.56|0.61|0.75|0.81|0.66|0.78|0.74|0.80|0.86|0.77|0.66|0.65|0.56|0.91|0.75|0.63|0.74|0.88|0.64|0.98,Data Science,2025-11-02T11:58:26Z
SL000279,Slovak Tech,Brazil,Slovakia,Female,23,B2,77.6,1.0,High,Single,0.51,0,0.5,Tutoring,1,Completed,0.69|0.84|0.89|0.73|0.80|0.72|0.89|0.62|0.76|0.69|0.63|0.82|0.65|0.93|0.57|0.65|0.80|0.74|0.76|0.57|0.83|0.89|0.72|0.53|0.68|1.00|0.65|0.69|0.81|0.74|0.79|0.77,Logistics,2025-11-02T11:58:26Z
SL000280,Comenius University Bratislava,Nigeria,Slovakia,Female,25,C1,86.5,0.92,High,Married,0.17,0,0.7,LanguageMentor,1,Completed,0.88|0.53|0.50|0.59|0.70|0.70|0.77|0.51|0.79|0.74|0.63|0.90|0.72|0.73|0.77|0.70|0.67|0.50|0.52|0.91|0.82|0.64|0.79|0.80|0.73|0.84|0.85|0.60|0.88|0.78|0.70|0.75,Data Science,2025-11-02T11:58:26Z
SL000281,Slovak Tech,Vietnam,Slovakia,Prefer not to say,23,C1,56.0,0.94,High,Married,0.1,0,0.6,BuddyProgram,1,Completed,0.67|0.59|0.69|0.71|0.83|0.72|0.89|0.83|0.75|0.77|0.84|0.60|0.91|0.81|0.57|0.79|0.58|0.69|0.63|0.78|0.55|1.00|0.76|0.72|0.68|0.86|0.54|0.91|0.88|0.63|0.86|0.58,Computer Science,2025-11-02T11:58:26Z
SL000282,Slovak Tech,Ukraine,Slovakia,Other,30,B1,71.7,0.8,Low,Single,0.16,1,0.1,BuddyProgram,0,Left Country,0.43|0.84|0.65|0.66|0.69|0.83|0.60|0.66|0.91|0.66|0.75|0.77|0.64|0.80|0.83|0.59|0.70|0.88|0.88|1.00|0.75|0.86|0.79|0.80|0.66|0.75|0.88|0.35|0.94|0.78|0.81|0.91,Logistics,2025-11-02T11:58:26Z
SL000283,Slovak Tech,Slovakia,Slovakia,Female,31,C1,65.8,0.88,Low,Other,0.46,0,0.1,None,1,Completed,0.56|0.83|0.82|0.65|0.86|0.95|0.68|0.68|0.77|0.88|0.78|0.84|0.96|0.52|0.58|0.79|0.45|0.78|0.62|0.67|0.63|0.79|0.86|0.65|0.81|0.82|0.74|0.78|0.70|0.65|0.78|0.79,Engineering,2025-11-02T11:58:26Z
SL000284,Slovak Tech,Slovakia,Slovakia,Male,21,C2,82.1,0.84,Low,Other,0.34,0,0.1,Counseling,0,Transferred,0.54|0.73|0.69|0.54|0.77|0.84|0.78|0.72|0.55|0.65|0.90|0.59|0.78|0.82|0.77|0.78|0.99|0.64|0.84|0.61|0.89|0.49|0.67|0.81|0.56|0.50|0.62|0.81|0.80|0.68|0.65|0.85,Engineering,2025-11-02T11:58:26Z
SL000285,Slovak Tech,Slovakia,Slovakia,Male,25,C1,61.0,0.79,Medium,Single,0.23,0,0.1,None,1,Completed,0.75|0.63|0.81|0.93|0.80|0.73|0.66|0.86|0.76|0.72|0.80|0.81|1.00|0.58|0.84|0.67|0.76|0.79|0.82|0.84|0.65|0.97|0.81|0.77|0.73|1.00|0.89|0.56|0.54|0.80|0.70|0.84,Logistics,2025-11-02T11:58:26Z
SL000286,Comenius University Bratislava,USA,Slovakia,Prefer not to say,25,C2,72.4,0.91,Medium,Other,0.32,0,0.3,Tutoring,1,Completed,0.46|0.87|0.78|0.69|0.81|0.65|0.54|0.83|0.71|0.63|0.59|0.81|0.71|0.65|0.73|0.64|0.72|0.91|0.84|0.83|1.00|0.81|0.88|0.67|0.84|0.69|0.85|0.74|0.94|0.81|0.56|0.64,Computer Science,2025-11-02T11:58:26Z
SL000287,Comenius University Bratislava,Spain,Slovakia,Other,28,B2,46.3,0.7,Low,Married,0.11,0,0.1,None,0,Transferred,0.75|0.87|0.72|0.76|1.00|0.88|0.75|0.87|0.88|0.77|0.76|0.43|0.66|0.65|0.89|0.87|0.62|0.67|0.61|0.82|0.70|0.76|0.55|0.59|0.64|0.84|0.91|0.77|0.90|0.61|0.77|0.50,English Philology,2025-11-02T11:58:26Z
SL000288,Slovak Tech,Pakistan,Slovakia,Other,22,B1,75.3,0.87,High,Other,0.61,0,0.6,LanguageMentor,1,Completed,0.72|0.46|0.83|0.78|0.94|0.77|0.47|0.75|0.62|0.66|0.80|0.80|0.73|0.76|0.59|0.68|0.69|0.41|0.56|0.69|0.61|0.51|0.46|0.49|0.73|0.70|0.77|0.74|0.58|0.63|0.71|0.73,Engineering,2025-11-02T11:58:26Z
SL000289,Slovak Tech,Italy,Slovakia,Male,25,C1,85.9,0.85,Medium,Single,0.23,0,0.1,None,1,Completed,0.94|0.71|0.88|0.70|0.65|0.72|0.67|0.72|0.99|0.72|1.00|0.79|0.74|0.73|0.67|0.75|0.96|0.73|0.83|0.69|0.66|0.78|0.63|0.69|0.83|0.95|0.60|0.98|0.90|0.48|0.92|0.74,Computer Science,2025-11-02T11:58:26Z
SL000290,Comenius University Bratislava,Sri Lanka,Slovakia,Other,25,C2,63.8,0.93,High,Other,0.55,0,0.6,None,1,Completed,0.82|0.71|0.94|0.97|0.64|0.68|0.73|0.72|0.99|0.65|0.53|0.82|0.65|0.86|0.81|0.76|0.92|0.69|0.70|0.84|0.65|0.72|0.69|0.70|0.62|1.00|0.98|0.80|0.90|0.51|0.40|0.84,Economics,2025-11-02T11:58:26Z
SL000291,Slovak Tech,Ukraine,Slovakia,Female,23,C2,74.3,0.82,Low,Other,0.51,0,0.1,LanguageMentor,0,Transferred,0.83|0.77|0.74|0.63|0.77|0.76|0.56|0.75|1.00|0.74|0.71|0.74|0.67|0.86|0.95|0.60|0.69|0.79|0.71|0.45|0.80|0.58|0.78|0.87|0.63|0.75|0.63|0.71|0.71|0.85|0.71|0.67,Data Science,2025-11-02T11:58:26Z
SL000292,Slovak Tech,Bangladesh,Slovakia,Male,24,C1,90.0,0.94,Medium,Single,0.29,0,0.6,Counseling,1,Completed,0.83|0.69|0.83|0.57|0.93|0.44|0.90|0.88|0.52|0.84|0.65|0.57|0.87|0.70|0.61|0.66|0.82|0.65|0.97|0.82|0.82|0.63|0.78|0.80|0.98|0.63|1.00|0.83|0.65|0.76|0.63|0.79,Logistics,2025-11-02T11:58:26Z
SL000293,Comenius University Bratislava,Brazil,Slovakia,Other,20,C2,77.3,0.89,High,Single,0.36,1,0.5,Tutoring,0,Dropped Out,0.64|0.66|0.70|0.64|0.74|0.82|0.75|0.84|0.78|0.81|0.52|0.93|0.87|0.72|0.70|0.83|0.85|0.77|0.67|0.44|0.68|0.77|0.80|0.88|0.85|0.63|0.49|0.87|0.83|0.81|1.00|0.66,Economics,2025-11-02T11:58:26Z
SL000294,Slovak Tech,Sri Lanka,Slovakia,Other,18,C2,70.2,0.77,Medium,Married,0.25,0,0.6,None,1,Completed,0.70|1.00|0.65|0.55|0.91|0.64|0.73|0.84|0.89|0.71|0.63|0.73|0.55|0.87|0.70|0.52|0.63|0.66|0.66|0.90|0.53|0.67|0.75|0.80|0.54|0.53|0.58|0.65|0.74|0.86|0.53|0.73,Engineering,2025-11-02T11:58:26Z
SL000295,Comenius University Bratislava,Latvia,Slovakia,Other,26,A2,70.0,0.77,Low,Married,0.1,0,0.1,LanguageMentor,0,Failed Exams,0.52|0.87|0.65|0.67|0.74|0.93|0.78|0.59|0.66|0.53|0.82|0.70|0.69|0.65|0.69|0.72|0.87|0.77|0.64|0.80|0.73|0.86|0.69|0.66|0.86|0.79|0.77|0.49|0.73|0.63|0.77|0.77,Logistics,2025-11-02T11:58:26Z
SL000296,Slovak Tech,Nigeria,Slovakia,Other,19,C1,84.0,0.89,Medium,Married,0.29,0,0.7,BuddyProgram,0,Failed Exams,0.67|0.75|0.66|0.70|0.82|0.72|0.59|0.67|0.62|0.59|0.81|0.61|0.70|0.50|0.86|0.88|0.61|0.75|0.80|0.77|0.75|0.87|0.79|0.76|0.73|0.88|0.74|0.59|0.74|0.86|0.42|0.55,Computer Science,2025-11-02T11:58:26Z
SL000297,Slovak Tech,Sri Lanka,Slovakia,Other,22,B1,59.4,0.96,Medium,Married,0.09,0,0.6,Tutoring,1,Completed,0.56|0.77|0.65|0.65|0.85|0.77|0.63|0.74|0.64|0.76|0.89|0.84|0.97|0.90|0.80|0.50|0.76|0.54|0.75|0.65|0.85|0.84|0.71|0.77|0.60|0.78|0.78|0.68|0.76|0.57|0.73|0.57,Business,2025-11-02T11:58:26Z
SL000298,Slovak Tech,Nigeria,Slovakia,Prefer not to say,23,B2,71.6,0.9,Low,Other,0.26,0,0.7,LanguageMentor,0,Transferred,0.67|0.82|0.76|0.83|0.84|0.80|0.55|0.58|0.93|0.61|0.86|0.65|0.52|0.69|1.00|0.45|0.65|1.00|0.91|0.91|0.53|0.61|0.64|0.87|0.51|0.83|0.84|0.77|1.00|0.68|0.68|0.61,Psychology,2025-11-02T11:58:26Z
SL000299,Comenius University Bratislava,Spain,Slovakia,Prefer not to say,24,C1,77.3,0.83,Medium,Married,0.25,0,0.1,LanguageMentor,0,Transferred,0.79|0.84|0.68|0.95|0.60|0.79|0.54|0.45|0.72|0.83|0.54|0.81|0.78|0.53|0.62|0.70|0.76|0.77|0.80|0.63|0.58|0.92|0.91|0.58|0.73|0.67|0.71|0.80|0.58|0.67|0.64|0.74,Economics,2025-11-02T11:58:26Z
SL000300,Slovak Tech,Nigeria,Slovakia,Other,21,C2,70.9,0.97,High,Single,0.23,0,0.7,LanguageMentor,1,Completed,0.85|0.81|0.85|0.60|0.75|0.90|0.90|0.57|1.00|0.63|0.63|0.78|0.58|0.62|0.82|0.79|0.77|0.79|0.97|0.72|0.61|0.79|0.80|1.00|0.62|0.87|0.73|0.63|0.56|0.77|0.69|0.71,Engineering,2025-11-02T11:58:26Z
SL000301,Slovak Tech,Ukraine,Slovakia,Other,26,A2,60.3,0.95,Medium,Married,0.32,1,0.1,Counseling,0,Dropped Out,0.76|1.00|0.75|0.49|0.90|0.72|0.69|0.79|0.69|0.77|0.76|0.91|0.69|0.50|0.67|0.91|0.43|0.91|0.66|0.68|0.55|0.56|0.68|0.53|1.00|0.57|0.40|0.65|0.90|0.74|0.77|0.73,Computer Science,2025-11-02T11:58:26Z
SL000302,Comenius University Bratislava,Pakistan,Slovakia,Prefer not to say,19,B1,57.4,0.82,High,Single,0.2,1,0.6,LanguageMentor,0,Dropped Out,0.63|0.78|0.78|0.67|0.85|1.00|0.70|0.80|0.85|0.59|0.80|0.85|0.67|0.80|0.68|0.82|0.81|0.53|0.57|0.59|0.53|0.64|0.92|0.65|0.83|0.57|0.68|0.81|0.69|0.68|0.80|0.79,Engineering,2025-11-02T11:58:26Z
SL000303,Comenius University Bratislava,Vietnam,Slovakia,Prefer not to say,23,B2,64.9,1.0,Low,Single,0.29,0,0.6,BuddyProgram,1,Completed,0.88|0.59|0.54|0.70|0.70|0.66|0.67|0.76|0.61|0.95|0.58|0.86|0.46|0.77|0.80|0.91|0.73|0.65|0.47|0.87|0.62|0.69|0.68|0.73|0.78|0.55|0.66|0.63|0.42|0.87|0.64|0.83,Economics,2025-11-02T11:58:26Z
SL000304,Slovak Tech,Brazil,Slovakia,Prefer not to say,25,A2,53.9,0.9,Medium,Other,0.5,0,0.5,BuddyProgram,1,Completed,1.00|0.59|0.54|0.56|0.64|0.85|0.85|0.77|0.45|0.65|0.82|0.78|0.60|0.81|0.64|0.61|0.91|1.00|0.74|0.61|0.54|0.88|0.76|0.70|1.00|0.72|0.84|0.87|0.62|0.92|0.78|0.63,Data Science,2025-11-02T11:58:26Z
SL000305,Comenius University Bratislava,USA,Slovakia,Female,24,B1,74.3,0.96,Low,Other,0.21,1,0.3,None,0,Dropped Out,0.80|0.57|0.72|0.67|0.69|0.78|0.60|0.80|0.90|0.67|0.86|0.89|0.75|0.92|0.82|0.71|0.58|0.55|0.83|0.60|0.59|0.69|0.72|0.82|0.65|0.50|0.80|0.73|0.83|0.74|0.59|0.64,Data Science,2025-11-02T11:58:26Z
SL000306,Comenius University Bratislava,Pakistan,Slovakia,Other,27,B1,75.5,0.71,Medium,Single,0.05,0,0.6,None,0,Failed Exams,1.00|0.54|0.65|0.93|0.90|0.64|0.75|0.52|0.67|0.58|0.63|0.61|0.93|0.57|0.87|0.65|0.94|0.82|0.74|0.81|0.77|0.88|0.62|0.88|0.82|0.73|0.79|0.85|0.67|0.59|0.59|0.83,Business,2025-11-02T11:58:26Z
SL000307,Comenius University Bratislava,Bangladesh,Slovakia,Male,24,C1,86.0,1.0,Medium,Married,0.07,0,0.6,None,1,Completed,0.51|0.88|0.91|0.62|0.94|0.97|0.48|0.50|0.93|0.68|0.77|0.71|0.82|0.71|0.83|0.92|0.63|0.65|0.88|0.76|0.56|0.51|0.55|0.65|0.78|0.75|0.89|0.69|0.75|0.59|0.79|0.72,English Philology,2025-11-02T11:58:26Z
SL000308,Slovak Tech,Pakistan,Slovakia,Male,22,A2,70.9,0.85,Low,Married,0.34,1,0.6,LanguageMentor,0,Dropped Out,0.71|0.53|0.84|0.78|0.92|0.70|0.56|0.83|0.69|0.53|0.47|0.76|0.81|0.84|0.64|1.00|0.84|0.56|0.46|0.55|0.75|0.66|0.95|0.69|0.57|0.75|0.68|0.76|0.81|0.64|0.80|0.68,Data Science,2025-11-02T11:58:26Z
SL000309,Comenius University Bratislava,Nigeria,Slovakia,Male,22,A2,86.8,1.0,Low,Other,0.35,1,0.7,None,0,Dropped Out,0.76|0.48|0.73|0.99|0.65|0.60|0.51|0.70|0.56|0.55|0.59|0.74|0.93|0.73|0.59|0.67|0.99|0.93|1.00|0.99|0.86|0.47|0.68|0.44|0.75|0.75|0.68|0.79|0.83|0.84|0.67|0.70,Data Science,2025-11-02T11:58:26Z
SL000310,Comenius University Bratislava,Slovakia,Slovakia,Female,22,B1,62.1,0.78,Medium,Single,0.37,0,0.1,LanguageMentor,0,Failed Exams,0.88|0.67|0.59|1.00|0.65|0.63|0.76|0.87|0.85|0.59|0.64|0.65|0.49|0.63|0.78|0.66|0.61|0.82|0.41|0.65|0.85|0.88|1.00|1.00|0.75|0.67|0.67|0.88|0.78|0.67|0.70|0.72,Engineering,2025-11-02T11:58:26Z
SL000311,Slovak Tech,Spain,Slovakia,Female,22,A2,74.9,0.86,Low,Other,0.4,0,0.1,Tutoring,0,Transferred,0.90|0.66|0.80|0.75|0.72|0.63|0.81|0.71|0.70|0.63|0.62|0.85|0.52|0.74|0.73|0.85|0.65|0.77|0.64|0.46|1.00|0.64|0.65|0.55|0.63|0.65|0.72|0.71|0.76|0.76|0.68|0.75,Engineering,2025-11-02T11:58:26Z
SL000312,Comenius University Bratislava,Vietnam,Slovakia,Other,30,B2,73.3,0.97,Medium,Other,0.72,0,0.6,BuddyProgram,1,Completed,0.71|0.67|0.70|0.69|0.78|0.61|0.64|0.78|0.77|0.68|0.67|0.73|0.47|0.51|0.74|0.61|0.52|0.64|0.53|0.41|0.40|0.47|0.74|0.35|0.77|1.00|0.71|0.50|0.75|0.53|0.82|0.80,Logistics,2025-11-02T11:58:26Z
SL000313,Comenius University Bratislava,Pakistan,Slovakia,Prefer not to say,27,B2,79.1,0.85,Low,Single,0.42,0,0.6,BuddyProgram,1,Completed,0.60|0.73|0.86|1.00|0.78|0.84|0.89|0.56|0.87|0.83|0.65|0.44|0.59|0.96|0.94|0.64|0.59|0.84|0.94|0.78|0.79|0.79|0.59|0.92|0.70|0.83|0.61|1.00|0.55|0.90|0.58|0.69,Business,2025-11-02T11:58:26Z
SL000314,Slovak Tech,Sri Lanka,Slovakia,Other,18,A2,75.7,0.79,High,Other,0.15,1,0.6,None,0,Dropped Out,0.73|0.44|0.85|0.78|1.00|0.71|0.74|0.85|0.97|0.96|0.77|0.75|0.76|0.61|0.80|0.69|0.76|0.70|0.57|0.67|0.54|0.97|0.73|0.76|0.64|0.50|0.46|0.67|0.50|1.00|0.80|0.72,Psychology,2025-11-02T11:58:26Z
SL000315,Slovak Tech,Sri Lanka,Slovakia,Other,24,A2,77.1,0.76,Low,Other,0.37,1,0.6,LanguageMentor,0,Administrative Withdrawal,0.68|0.60|0.80|0.62|0.73|0.91|0.83|0.67|0.84|0.64|0.85|0.42|0.78|0.56|0.68|0.77|0.81|0.67|0.63|0.73|0.71|0.79|0.72|0.72|0.96|0.67|0.76|0.72|0.69|0.74|0.69|0.82,Economics,2025-11-02T11:58:26Z
SL000316,Slovak Tech,Vietnam,Slovakia,Prefer not to say,22,C2,65.3,0.95,High,Other,0.27,1,0.6,Tutoring,0,Dropped Out,0.99|0.58|0.42|0.66|0.70|0.62|0.88|0.67|0.71|0.71|0.72|0.71|0.93|0.59|0.75|0.68|0.63|0.76|0.76|1.00|0.58|0.79|0.70|0.59|0.87|0.61|0.62|0.50|0.89|0.85|0.72|0.46,Computer Science,2025-11-02T11:58:26Z
SL000317,Comenius University Bratislava,Slovakia,Slovakia,Other,22,B2,71.9,0.79,Medium,Married,0.43,0,0.1,LanguageMentor,1,Completed,0.74|0.73|0.73|0.61|0.85|0.69|0.65|0.79|0.57|0.79|0.69|0.76|0.79|0.52|1.00|0.85|0.90|0.71|0.58|0.62|0.77|0.85|0.54|0.79|0.90|0.81|0.72|0.82|0.59|0.67|0.73|0.59,Economics,2025-11-02T11:58:26Z
SL000318,Comenius University Bratislava,Latvia,Slovakia,Other,24,C2,63.0,1.0,Low,Married,0.17,0,0.1,Tutoring,1,Completed,0.71|0.71|0.65|0.73|0.78|0.92|0.49|0.73|0.79|0.68|0.77|0.72|0.84|0.64|0.71|0.58|0.75|0.80|0.67|0.70|0.86|0.57|0.59|0.64|0.85|0.77|0.57|1.00|0.81|0.61|0.71|0.87,English Philology,2025-11-02T11:58:26Z
SL000319,Slovak Tech,USA,Slovakia,Prefer not to say,24,A2,72.1,0.93,Medium,Married,0.06,0,0.3,LanguageMentor,1,Completed,0.78|0.83|0.70|0.87|0.76|0.71|0.76|0.76|0.59|0.79|0.79|0.73|0.65|0.82|0.82|0.71|0.78|0.88|0.75|0.93|0.88|0.43|0.70|0.97|0.58|0.70|0.91|0.70|0.88|0.50|0.58|0.76,Economics,2025-11-02T11:58:26Z
SL000320,Comenius University Bratislava,Spain,Slovakia,Prefer not to say,24,A2,69.9,0.83,High,Married,0.33,0,0.1,Tutoring,0,Failed Exams,0.76|0.92|0.63|0.74|0.70|0.75|0.68|0.68|0.73|0.56|0.81|0.67|0.67|0.68|0.76|0.75|0.69|0.67|0.83|0.73|0.72|0.61|0.80|0.63|0.46|0.74|0.88|0.78|0.61|1.00|0.74|0.74,Business,2025-11-02T11:58:26Z
SL000321,Comenius University Bratislava,Pakistan,Slovakia,Other,21,A2,77.4,0.7,Low,Married,0.2,0,0.6,LanguageMentor,0,Failed Exams,0.67|0.75|0.80|0.67|0.84|0.68|0.48|0.56|0.80|0.67|0.84|0.85|0.69|0.68|0.92|0.63|0.42|0.57|0.73|0.41|0.89|0.67|0.79|0.66|0.67|0.73|0.72|0.75|0.83|0.60|0.64|0.60,Business,2025-11-02T11:58:26Z
SL000322,Slovak Tech,Spain,Slovakia,Prefer not to say,28,A2,73.8,0.93,Medium,Married,0.05,1,0.1,BuddyProgram,0,Dropped Out,0.75|0.57|0.95|0.75|0.77|0.65|0.59|0.69|0.76|0.78|0.76|0.69|0.81|0.72|0.94|0.82|0.64|0.96|0.89|0.82|0.55|0.66|0.83|0.63|0.73|0.60|0.54|0.87|0.79|0.79|0.37|0.96,Data Science,2025-11-02T11:58:26Z
SL000323,Slovak Tech,Sri Lanka,Slovakia,Male,21,C1,72.3,0.87,Low,Single,0.14,0,0.6,None,1,Completed,0.84|0.52|0.86|0.86|0.68|0.71|0.68|0.64|0.84|0.55|0.82|0.74|0.55|0.67|0.77|0.62|0.68|0.47|0.51|0.65|0.49|0.74|0.78|0.73|0.81|0.79|0.74|0.66|0.87|0.73|0.74|0.72,Computer Science,2025-11-02T11:58:26Z
SL000324,Slovak Tech,Spain,Slovakia,Female,20,C2,61.1,0.78,Medium,Single,0.18,0,0.1,None,1,Completed,0.53|0.62|0.52|0.82|0.43|0.73|0.61|0.78|0.97|0.76|0.77|0.60|0.70|0.67|0.89|0.88|0.80|0.88|0.77|0.77|0.74|0.81|0.77|0.77|0.79|0.58|0.60|0.69|0.68|0.66|0.96|0.64,Business,2025-11-02T11:58:26Z
SL000325,Comenius University Bratislava,USA,Slovakia,Prefer not to say,24,C1,63.3,0.91,Medium,Single,0.58,0,0.3,LanguageMentor,1,Completed,0.72|0.91|0.68|0.79|0.84|0.76|0.72|0.64|0.69|0.80|0.79|0.52|0.63|0.85|0.80|0.65|0.83|0.83|0.52|0.84|0.67|0.60|0.65|0.66|0.60|0.70|0.87|0.56|0.65|0.65|1.00|0.85,Economics,2025-11-02T11:58:26Z
SL000326,Comenius University Bratislava,USA,Slovakia,Other,23,C1,58.2,1.0,Medium,Single,0.56,1,0.3,None,0,Dropped Out,0.56|0.70|0.64|0.97|0.75|0.68|0.79|0.85|0.80|0.87|0.83|0.74|0.81|1.00|0.76|0.64|0.82|0.60|0.66|0.73|1.00|0.78|0.82|0.75|0.74|0.74|0.81|0.74|0.83|0.86|0.56|0.76,Computer Science,2025-11-02T11:58:26Z
SL000327,Slovak Tech,Brazil,Slovakia,Male,27,C1,61.8,1.0,High,Single,0.64,0,0.5,LanguageMentor,1,Completed,0.65|0.60|0.65|0.52|0.67|0.64|0.92|0.73|0.57|0.61|0.52|0.70|0.80|0.71|0.66|0.68|0.47|0.46|0.45|0.56|0.51|0.28|0.65|0.53|0.70|0.84|0.61|0.89|0.70|0.49|0.46|0.54,Business,2025-11-02T11:58:26Z
SL000328,Slovak Tech,India,Slovakia,Other,23,C1,67.0,0.8,High,Other,0.05,1,0.6,None,0,Dropped Out,0.70|0.54|0.88|0.92|0.86|0.76|0.66|0.75|0.69|0.90|0.50|0.80|0.78|0.88|0.69|0.64|0.74|0.68|0.89|0.68|0.83|0.94|0.76|0.53|0.70|0.93|0.48|0.88|0.77|0.86|0.50|0.71,Economics,2025-11-02T11:58:26Z
SL000329,Slovak Tech,Latvia,Slovakia,Female,28,C1,79.5,0.78,High,Single,0.4,0,0.1,Counseling,1,Completed,0.83|0.89|0.70|0.91|0.84|0.63|0.52|0.85|0.70|1.00|0.57|0.66|0.73|0.58|0.91|0.85|0.85|0.67|0.56|0.81|0.82|0.52|0.50|0.86|0.86|0.75|0.67|0.88|0.89|0.90|0.65|0.68,Computer Science,2025-11-02T11:58:26Z
SL000330,Slovak Tech,Ukraine,Slovakia,Prefer not to say,25,C2,85.8,0.81,High,Married,0.04,0,0.1,LanguageMentor,1,Completed,0.54|0.55|0.84|0.50|0.75|0.61|0.75|0.69|0.77|0.80|0.53|0.79|0.84|0.75|0.74|0.53|0.73|0.65|0.63|0.59|0.67|0.55|0.86|0.67|0.75|0.90|0.55|0.61|0.56|0.66|0.46|0.89,Data Science,2025-11-02T11:58:26Z
SL000331,Slovak Tech,Bangladesh,Slovakia,Prefer not to say,23,C1,83.6,0.85,Medium,Single,0.18,0,0.6,LanguageMentor,1,Ongoing,0.70|0.61|0.70|0.69|0.69|0.59|0.77|0.48|0.67|0.84|0.77|0.79|0.81|0.65|0.69|0.69|0.87|0.78|0.41|0.49|0.88|0.79|0.67|0.59|0.71|1.00|0.73|0.81|0.55|0.88|0.86|0.87,Economics,2025-11-02T11:58:26Z
SL000332,Comenius University Bratislava,USA,Slovakia,Other,24,C1,80.3,0.94,Low,Other,0.28,0,0.3,LanguageMentor,0,Failed Exams,0.74|0.79|0.76|0.86|0.95|0.60|0.92|0.70|0.88|0.83|0.79|0.94|0.53|0.93|0.94|0.67|0.90|1.00|0.89|0.83|0.87|0.71|0.70|0.67|0.79|1.00|0.81|0.83|0.74|0.68|0.82|0.67,Data Science,2025-11-02T11:58:26Z
SL000333,Comenius University Bratislava,USA,Slovakia,Male,29,B2,71.7,0.91,Low,Married,0.44,0,0.3,LanguageMentor,1,Completed,0.94|0.55|0.65|0.75|0.99|0.89|0.58|0.85|0.64|0.69|0.90|0.74|0.79|0.71|0.88|0.49|0.60|0.76|0.86|0.71|0.52|0.89|0.80|0.78|0.58|0.82|0.82|0.70|0.72|0.73|0.86|0.66,Economics,2025-11-02T11:58:26Z
SL000334,Comenius University Bratislava,Ukraine,Slovakia,Female,22,B2,73.1,0.84,Low,Single,0.09,0,0.1,Tutoring,1,Ongoing,0.75|0.74|0.68|0.78|0.80|0.71|0.86|0.71|0.66|0.48|0.81|1.00|0.77|0.78|0.64|0.77|0.68|0.75|0.55|0.81|0.82|0.67|0.79|0.77|0.85|0.64|0.67|0.84|0.71|0.83|0.88|0.76,English Philology,2025-11-02T11:58:26Z
SL000335,Comenius University Bratislava,Nigeria,Slovakia,Female,26,A2,86.2,0.82,Low,Single,0.31,0,0.7,Tutoring,1,Ongoing,0.61|0.84|0.87|0.64|0.90|0.61|0.85|0.73|0.81|1.00|0.74|0.80|0.86|0.57|0.58|0.85|0.61|0.78|0.73|0.66|0.60|0.65|0.74|0.77|0.73|0.77|0.56|0.84|0.85|0.69|0.60|1.00,Logistics,2025-11-02T11:58:26Z
SL000336,Slovak Tech,India,Slovakia,Prefer not to say,24,A2,73.9,0.79,Medium,Married,0.24,0,0.6,Tutoring,1,Completed,0.82|0.86|0.83|0.74|0.74|0.94|0.65|0.90|0.51|0.72|0.45|0.91|0.82|0.79|0.72|0.82|0.65|0.80|0.66|0.67|0.81|0.91|0.76|0.75|0.75|0.81|0.67|0.86|0.70|0.87|0.61|0.57,Psychology,2025-11-02T11:58:26Z
SL000337,Slovak Tech,Ukraine,Slovakia,Prefer not to say,25,B1,68.6,0.82,Medium,Single,0.29,0,0.1,None,0,Failed Exams,0.85|0.85|0.64|0.79|0.78|0.64|0.60|0.88|0.69|0.68|0.71|0.79|0.79|0.72|0.61|0.76|0.43|0.73|0.60|0.96|0.97|0.53|0.79|0.76|0.81|0.83|0.97|0.66|0.95|0.85|0.75|0.80,Economics,2025-11-02T11:58:26Z
SL000338,Slovak Tech,Latvia,Slovakia,Other,28,A2,68.8,0.73,Low,Single,0.13,0,0.1,BuddyProgram,1,Completed,0.61|0.66|0.71|0.71|0.81|0.82|0.64|0.82|0.73|0.75|0.64|0.86|0.88|0.54|0.90|0.27|0.90|0.87|0.60|0.88|0.86|0.61|0.58|0.62|0.85|0.51|0.84|0.79|0.75|0.56|0.70|1.00,Economics,2025-11-02T11:58:26Z
SL000339,Comenius University Bratislava,Pakistan,Slovakia,Female,26,C1,57.5,0.91,Medium,Other,0.62,0,0.6,None,1,Ongoing,0.66|0.89|0.53|0.73|0.91|1.00|0.70|0.76|0.82|0.78|0.58|0.62|0.73|0.74|0.47|0.65|0.51|0.64|0.73|0.33|0.43|0.62|0.39|0.27|0.54|0.85|0.73|0.90|0.80|1.00|0.38|0.85,Engineering,2025-11-02T11:58:26Z
SL000340,Slovak Tech,Ukraine,Slovakia,Prefer not to say,29,C1,64.4,0.91,Low,Single,0.31,0,0.1,LanguageMentor,0,Failed Exams,0.71|0.52|0.51|0.79|0.82|0.70|0.61|0.79|0.66|0.88|0.65|0.83|0.76|0.72|0.74|0.72|0.30|0.82|0.83|0.85|0.78|0.75|0.57|0.77|0.55|0.79|0.77|0.58|0.91|0.72|0.97|0.67,Psychology,2025-11-02T11:58:26Z
SL000341,Comenius University Bratislava,Latvia,Slovakia,Other,23,B2,67.8,0.89,Medium,Married,0.21,0,0.1,Tutoring,1,Ongoing,0.63|0.56|0.84|0.48|0.68|0.88|0.75|0.82|0.86|0.64|0.64|0.73|0.88|0.70|0.86|0.58|0.84|0.59|0.73|0.68|0.76|0.94|0.82|0.93|1.00|0.48|0.72|0.83|0.80|0.50|0.88|0.67,Computer Science,2025-11-02T11:58:26Z
SL000342,Slovak Tech,Nigeria,Slovakia,Male,27,B2,85.6,0.79,Medium,Other,0.42,0,0.7,None,0,Transferred,0.47|0.67|0.73|0.87|0.89|0.62|0.71|0.88|1.00|0.66|0.91|0.68|1.00|0.76|0.81|0.71|0.81|0.86|0.67|0.70|0.83|0.91|0.74|0.64|0.78|0.55|0.71|0.78|0.52|0.40|0.60|0.60,Computer Science,2025-11-02T11:58:26Z
SL000343,Comenius University Bratislava,Italy,Slovakia,Female,27,C1,44.4,0.94,Low,Other,0.43,0,0.1,LanguageMentor,1,Completed,0.73|0.67|0.92|0.76|0.75|0.64|0.80|0.85|0.57|0.59|0.74|0.89|0.82|0.70|0.73|0.93|0.87|0.63|0.78|0.87|0.75|0.55|0.76|0.75|0.64|0.75|0.86|0.90|0.57|0.68|0.69|0.90,Psychology,2025-11-02T11:58:26Z
SL000344,Comenius University Bratislava,Bangladesh,Slovakia,Male,27,B1,61.4,0.99,Medium,Single,0.19,0,0.6,None,1,Completed,0.79|0.56|0.78|1.00|0.92|0.56|0.68|0.67|0.47|0.68|0.76|0.67|0.68|0.74|0.88|0.86|0.59|0.72|0.65|0.84|0.72|0.58|0.81|0.92|0.96|0.77|0.87|0.52|0.73|0.62|0.86|0.72,Economics,2025-11-02T11:58:26Z
SL000345,Slovak Tech,Italy,Slovakia,Other,19,B2,71.7,0.97,High,Married,0.36,0,0.1,Tutoring,1,Completed,0.85|0.88|0.75|0.70|0.59|0.70|0.55|0.72|0.78|0.98|0.78|0.57|0.88|0.58|0.59|0.64|0.55|0.55|0.62|0.89|0.78|0.54|0.80|0.71|0.60|0.61|0.76|0.89|0.76|0.62|0.74|0.64,Data Science,2025-11-02T11:58:26Z
SL000346,Slovak Tech,Nigeria,Slovakia,Female,24,A2,91.0,0.99,Low,Single,0.63,0,0.7,LanguageMentor,0,Failed Exams,0.45|0.78|0.72|0.69|0.77|0.83|0.97|0.59|0.68|0.58|0.71|0.65|0.66|0.55|0.35|0.73|0.86|0.58|0.45|0.48|0.49|0.61|0.48|0.66|0.72|0.87|0.74|0.87|0.69|0.58|0.72|0.85,Computer Science,2025-11-02T11:58:26Z
SL000347,Slovak Tech,Slovakia,Slovakia,Male,20,B2,60.4,0.81,Medium,Married,0.32,0,0.1,LanguageMentor,1,Completed,0.46|0.68|0.80|0.50|0.72|0.65|0.67|0.80|0.71|1.00|0.73|0.84|0.69|0.74|0.76|0.67|0.88|0.62|0.72|0.53|0.59|0.54|0.90|0.52|0.84|0.49|0.54|0.69|0.67|0.63|0.76|0.75,Economics,2025-11-02T11:58:26Z
SL000348,Comenius University Bratislava,Vietnam,Slovakia,Other,27,B2,63.3,1.0,Medium,Single,0.11,0,0.6,None,1,Completed,0.52|0.81|0.67|0.64|0.90|0.70|1.00|1.00|0.79|0.75|0.41|0.86|0.82|0.52|0.78|0.79|0.62|0.61|0.85|0.67|0.60|0.86|0.47|0.72|0.73|0.68|0.58|0.66|0.73|0.65|0.79|0.66,Computer Science,2025-11-02T11:58:26Z
SL000349,Slovak Tech,Ukraine,Slovakia,Prefer not to say,24,C1,73.3,0.89,High,Other,0.29,0,0.1,LanguageMentor,1,Completed,0.59|0.73|0.68|0.87|0.85|0.53|0.70|0.70|0.82|0.71|0.74|0.82|0.78|0.72|0.83|0.62|0.95|0.61|0.70|0.64|0.83|0.78|0.48|0.83|0.63|0.78|0.65|0.75|0.76|0.62|0.83|0.84,Engineering,2025-11-02T11:58:26Z
SL000350,Slovak Tech,Sri Lanka,Slovakia,Prefer not to say,25,C2,69.3,0.77,Medium,Other,0.13,0,0.6,LanguageMentor,1,Ongoing,0.72|0.92|0.83|0.62|0.95|0.80|0.76|0.79|0.69|0.84|0.74|0.91|0.70|0.89|0.76|0.77|0.73|0.75|0.83|0.93|0.73|0.81|0.84|0.74|0.68|0.35|0.84|0.65|0.90|0.94|0.59|0.72,Data Science,2025-11-02T11:58:26Z
SL000351,Slovak Tech,India,Slovakia,Female,24,B2,83.8,0.8,Low,Married,0.34,0,0.6,None,1,Completed,0.70|0.80|0.80|0.81|0.89|0.67|0.49|0.87|0.93|0.60|0.94|0.66|0.87|0.70|0.71|0.73|0.85|0.44|0.91|0.57|0.52|1.00|0.78|0.93|1.00|0.65|0.73|0.74|0.47|0.59|0.63|0.66,Computer Science,2025-11-02T11:58:26Z
SL000352,Slovak Tech,Ukraine,Slovakia,Male,27,C2,77.7,0.81,High,Married,0.34,0,0.1,None,1,Completed,0.77|0.62|0.69|0.73|0.51|0.69|0.54|0.90|0.87|0.89|0.86|0.76|0.69|0.79|0.66|0.58|0.49|0.66|0.68|0.78|0.75|0.77|0.68|0.77|0.83|0.80|0.94|0.80|0.89|0.70|0.92|0.65,Business,2025-11-02T11:58:26Z
SL000353,Comenius University Bratislava,Sri Lanka,Slovakia,Prefer not to say,22,C2,84.4,0.9,Low,Single,0.26,0,0.6,Tutoring,1,Ongoing,0.85|0.43|0.65|0.71|0.52|0.76|0.69|0.85|0.69|0.63|0.92|0.62|0.44|0.77|0.48|0.65|0.70|0.87|0.69|0.64|0.76|0.87|0.65|0.61|0.78|0.80|0.95|0.72|0.58|0.91|0.59|0.70,English Philology,2025-11-02T11:58:26Z
SL000354,Comenius University Bratislava,Vietnam,Slovakia,Other,21,C1,72.9,0.85,High,Single,0.36,0,0.6,BuddyProgram,0,Failed Exams,0.79|0.73|0.50|0.79|0.66|0.54|0.67|0.73|0.68|1.00|0.77|0.53|0.64|0.68|0.85|0.94|0.64|0.75|0.59|0.92|0.74|0.59|0.59|0.69|0.62|0.96|0.84|0.82|0.68|0.74|0.74|0.60,Computer Science,2025-11-02T11:58:26Z
SL000355,Comenius University Bratislava,Vietnam,Slovakia,Prefer not to say,24,C1,67.8,0.86,Medium,Other,0.54,0,0.6,None,1,Completed,1.00|0.79|0.71|0.85|0.55|0.50|0.58|0.69|0.59|0.60|0.80|0.73|0.71|0.70|1.00|0.66|0.61|0.63|0.79|0.57|0.55|0.92|0.69|0.67|0.50|0.78|0.70|0.65|0.54|0.83|0.72|0.54,Engineering,2025-11-02T11:58:26Z
SL000356,Slovak Tech,Slovakia,Slovakia,Male,25,B2,81.6,0.82,High,Married,0.16,0,0.1,Tutoring,1,Completed,0.82|1.00|0.62|0.69|0.65|0.88|0.85|0.95|0.65|0.67|0.91|1.00|0.80|0.50|0.70|0.65|0.67|0.68|0.89|0.70|0.51|0.62|0.63|0.78|0.71|1.00|0.72|0.95|0.85|0.55|0.51|0.79,Business,2025-11-02T11:58:26Z
SL000357,Slovak Tech,Latvia,Slovakia,Female,25,B2,69.8,0.8,High,Other,0.25,0,0.1,Tutoring,0,Failed Exams,0.69|0.74|0.88|0.72|0.81|0.85|0.84|0.56|0.54|0.74|0.76|0.69|0.74|0.64|0.84|0.84|0.76|0.65|0.59|0.87|0.84|0.97|0.50|0.81|0.50|0.80|0.72|0.86|0.84|0.83|0.77|0.47,Computer Science,2025-11-02T11:58:26Z
SL000358,Comenius University Bratislava,India,Slovakia,Other,25,B1,78.3,0.94,Medium,Married,0.04,1,0.6,None,0,Dropped Out,0.57|0.69|0.52|0.75|0.73|0.58|0.96|0.88|0.84|1.00|0.90|0.86|0.77|1.00|0.94|0.98|0.80|0.96|0.70|0.88|0.60|0.80|0.75|0.84|0.65|0.84|0.46|0.59|0.87|0.64|0.79|0.54,Engineering,2025-11-02T11:58:26Z
SL000359,Comenius University Bratislava,Ukraine,Slovakia,Prefer not to say,18,A2,59.6,0.86,Medium,Other,0.12,0,0.1,Tutoring,1,Ongoing,0.74|0.81|0.74|0.78|0.60|0.89|0.82|0.74|0.76|0.59|0.64|0.93|0.59|0.67|0.74|0.69|0.47|0.69|0.76|0.85|0.72|0.80|0.80|0.75|0.77|0.73|0.65|0.78|0.81|0.64|0.79|0.66,Psychology,2025-11-02T11:58:26Z
SL000360,Comenius University Bratislava,Ukraine,Slovakia,Prefer not to say,24,C1,56.3,0.69,Medium,Married,0.08,0,0.1,Tutoring,1,Completed,0.89|0.72|0.85|0.80|0.67|0.91|0.61|0.97|0.85|0.71|1.00|0.41|0.69|0.61|0.88|0.76|0.67|0.69|0.68|0.51|0.66|0.76|0.74|0.67|0.81|0.75|0.97|0.82|0.74|0.84|0.71|0.55,Business,2025-11-02T11:58:26Z
SL000361,Comenius University Bratislava,Brazil,Slovakia,Male,21,B2,80.5,0.74,Low,Other,0.37,1,0.5,Counseling,0,Dropped Out,1.00|0.80|0.76|0.71|0.76|0.59|0.79|0.64|0.87|0.72|0.83|0.49|0.81|0.56|0.78|0.69|0.74|0.71|0.92|0.72|0.73|0.79|0.60|0.86|0.66|0.78|0.65|0.98|0.75|0.77|0.66|0.95,Engineering,2025-11-02T11:58:26Z
SL000362,Slovak Tech,USA,Slovakia,Prefer not to say,19,B2,79.0,0.92,High,Married,0.16,0,0.3,None,0,Transferred,0.73|0.80|0.74|0.81|0.77|0.68|0.96|0.84|0.84|0.76|0.58|0.98|0.63|0.61|0.79|0.77|0.91|0.80|0.66|0.67|0.87|0.80|0.55|0.82|0.49|0.64|0.63|0.65|0.65|0.72|0.45|0.65,Logistics,2025-11-02T11:58:26Z
SL000363,Comenius University Bratislava,Spain,Slovakia,Prefer not to say,25,C2,75.8,0.84,Low,Married,0.3,0,0.1,LanguageMentor,1,Completed,0.69|0.70|0.81|0.55|0.75|0.97|0.58|0.60|0.68|0.91|0.72|0.74|0.66|0.61|0.74|0.65|0.74|0.50|0.81|0.60|0.80|0.80|0.84|0.71|0.92|0.66|0.63|0.83|0.49|0.58|0.79|0.84,Business,2025-11-02T11:58:26Z
SL000364,Slovak Tech,Bangladesh,Slovakia,Male,22,A2,82.9,0.87,High,Single,0.19,0,0.6,BuddyProgram,1,Completed,0.75|0.61|0.71|0.64|0.89|0.81|0.65|0.75|0.89|0.64|0.94|0.63|0.77|0.88|0.83|0.89|0.94|0.77|0.74|0.77|0.79|0.71|0.76|0.67|0.70|0.91|0.76|0.93|0.71|0.68|0.42|0.86,English Philology,2025-11-02T11:58:26Z
SL000365,Comenius University Bratislava,Ukraine,Slovakia,Prefer not to say,20,A2,70.1,0.86,High,Married,0.42,0,0.1,BuddyProgram,0,Transferred,0.83|0.81|0.67|0.69|0.71|0.79|0.75|0.69|0.68|0.90|0.74|0.67|0.66|0.61|1.00|0.79|0.53|0.76|0.68|0.78|0.73|0.79|0.79|0.72|0.69|0.81|0.85|0.53|1.00|0.66|0.81|0.67,Engineering,2025-11-02T11:58:26Z
SL000366,Comenius University Bratislava,Ukraine,Slovakia,Other,21,B2,79.7,0.79,Medium,Single,0.23,0,0.1,LanguageMentor,1,Completed,0.77|0.77|0.79|0.85|0.84|0.82|0.75|0.85|0.68|0.66|0.66|0.71|0.74|0.62|0.95|0.91|0.69|0.92|0.76|0.69|0.55|0.84|0.72|0.71|0.74|0.63|0.87|0.53|1.00|0.97|0.75|0.82,Economics,2025-11-02T11:58:26Z
SL000367,Slovak Tech,Pakistan,Slovakia,Prefer not to say,26,A2,61.9,0.85,Low,Married,0.57,1,0.6,Tutoring,0,Left Country,0.82|0.43|0.79|0.56|0.79|0.46|0.82|0.75|0.80|1.00|0.61|0.75|0.79|0.78|0.81|0.74|0.85|0.74|0.60|0.74|0.80|0.82|0.86|0.52|0.67|0.65|0.65|0.67|0.62|0.81|0.78|0.79,Psychology,2025-11-02T11:58:26Z
SL000368,Comenius University Bratislava,Brazil,Slovakia,Female,27,C1,67.5,0.92,High,Married,0.16,0,0.5,LanguageMentor,1,Completed,0.93|0.83|0.64|0.77|0.77|0.85|0.55|1.00|0.64|0.45|0.61|0.51|0.75|0.62|0.78|0.80|0.79|0.66|0.66|0.64|0.75|0.81|0.90|0.73|0.90|0.71|0.84|0.61|0.60|0.50|0.93|0.56,Data Science,2025-11-02T11:58:26Z
SL000369,Slovak Tech,Brazil,Slovakia,Male,26,A2,54.7,0.81,Low,Married,0.23,1,0.5,LanguageMentor,0,Left Country,0.68|0.57|1.00|0.65|0.98|0.72|0.56|0.64|0.70|0.83|0.84|0.54|0.83|0.93|0.83|0.76|0.78|0.65|0.59|0.67|0.63|0.75|0.90|0.54|0.76|0.73|0.68|0.65|0.62|0.91|0.48|0.59,Data Science,2025-11-02T11:58:26Z
SL000370,Comenius University Bratislava,Bangladesh,Slovakia,Female,24,B2,65.8,0.92,Medium,Other,0.35,0,0.6,None,1,Completed,0.52|0.77|0.69|0.64|0.90|0.68|0.55|0.85|0.85|0.84|0.58|0.92|0.65|0.84|0.70|1.00|0.66|0.70|0.84|0.69|1.00|0.54|0.93|0.72|0.74|0.61|0.77|0.83|0.73|0.87|0.85|0.70,Business,2025-11-02T11:58:26Z
SL000371,Comenius University Bratislava,Pakistan,Slovakia,Male,25,A2,63.6,0.97,High,Married,0.26,1,0.6,LanguageMentor,0,Dropped Out,0.82|0.65|0.96|0.66|0.63|0.77|0.72|0.52|0.73|0.70|0.85|0.72|0.87|0.50|0.58|0.81|0.78|0.86|0.63|0.44|0.91|0.64|0.87|0.61|0.70|0.56|0.59|0.81|0.77|0.68|0.87|0.78,Business,2025-11-02T11:58:26Z
SL000372,Slovak Tech,Ukraine,Slovakia,Female,28,C1,72.1,0.89,High,Single,0.23,1,0.1,None,0,Administrative Withdrawal,0.69|0.78|0.79|0.75|0.65|0.72|0.70|0.72|0.45|0.61|0.61|0.64|0.72|0.77|0.60|0.79|0.67|0.96|0.72|0.54|0.67|0.81|0.64|0.75|0.75|0.79|0.77|0.58|0.61|0.55|0.65|0.70,Engineering,2025-11-02T11:58:26Z
SL000373,Slovak Tech,Nigeria,Slovakia,Female,20,B2,67.2,0.78,High,Married,0.41,1,0.7,BuddyProgram,0,Dropped Out,0.69|0.54|1.00|0.89|0.62|0.90|0.80|0.87|0.66|0.82|0.83|0.94|0.98|0.64|0.76|0.80|0.62|0.97|0.67|0.56|0.69|0.73|0.96|0.67|0.64|0.52|0.73|0.67|0.72|0.84|0.55|0.61,English Philology,2025-11-02T11:58:26Z
SL000374,Slovak Tech,Latvia,Slovakia,Female,26,C1,68.9,0.87,Medium,Married,0.67,0,0.1,LanguageMentor,0,Transferred,0.62|0.79|0.83|0.88|0.85|0.65|0.50|0.94|0.75|0.93|0.57|0.73|0.59|0.56|0.49|0.60|0.54|0.51|0.47|0.40|0.49|0.65|0.43|0.41|0.59|0.71|0.54|0.74|0.92|0.34|0.74|0.60,Business,2025-11-02T11:58:26Z
SL000375,Comenius University Bratislava,Latvia,Slovakia,Prefer not to say,20,C1,69.1,0.84,Medium,Single,0.62,1,0.1,BuddyProgram,0,Dropped Out,0.90|0.59|0.49|0.84|0.66|0.62|0.58|0.89|0.54|0.47|0.60|0.87|0.57|0.52|0.62|0.71|0.44|0.72|0.57|0.45|0.55|0.46|0.37|0.51|0.61|0.80|0.74|0.82|0.75|0.69|0.74|0.49,Economics,2025-11-02T11:58:26Z
SL000376,Comenius University Bratislava,Bangladesh,Slovakia,Prefer not to say,22,B1,79.6,0.84,Medium,Other,0.35,1,0.6,Tutoring,0,Dropped Out,1.00|0.75|0.54|0.67|0.55|0.73|0.81|0.58|0.46|0.79|0.81|0.77|0.51|0.82|0.61|0.68|0.57|0.83|0.84|0.78|0.80|0.82|0.78|0.83|0.50|0.86|0.78|0.69|0.62|0.73|0.75|0.87,Data Science,2025-11-02T11:58:26Z
SL000377,Comenius University Bratislava,Italy,Slovakia,Other,26,C1,68.3,0.88,Low,Married,0.08,0,0.1,LanguageMentor,1,Completed,0.72|0.74|0.61|0.71|0.64|0.97|0.91|0.63|0.67|0.80|0.65|0.84|0.65|0.79|0.65|0.60|1.00|0.68|0.74|0.70|0.70|0.82|0.74|0.53|0.66|0.66|0.82|0.79|0.74|0.61|0.77|0.64,Economics,2025-11-02T11:58:26Z
SL000378,Slovak Tech,USA,Slovakia,Prefer not to say,21,B1,99.1,0.85,Medium,Other,0.31,0,0.3,Tutoring,1,Completed,0.76|0.72|0.79|0.83|0.71|0.86|0.50|0.67|0.47|0.72|0.78|0.79|0.70|0.56|0.76|0.68|0.80|0.60|0.62|0.59|0.77|0.79|0.62|0.45|0.72|0.57|0.82|0.79|0.58|0.70|0.57|0.91,Business,2025-11-02T11:58:26Z
SL000379,Comenius University Bratislava,USA,Slovakia,Female,25,C1,76.6,0.99,Medium,Other,0.17,0,0.3,Tutoring,1,Completed,0.49|0.69|0.73|0.73|0.50|0.70|0.80|0.55|0.75|0.67|0.81|0.75|0.55|0.79|0.64|0.72|0.58|0.76|0.90|0.92|0.81|0.75|0.77|0.84|0.42|0.73|0.85|0.74|0.75|0.70|0.74|0.63,Computer Science,2025-11-02T11:58:26Z
SL000380,Slovak Tech,India,Slovakia,Other,25,B2,82.1,0.84,Low,Single,0.31,0,0.6,Tutoring,1,Completed,0.82|0.59|0.83|0.84|0.82|0.76|0.47|0.61|0.87|0.71|0.85|0.95|0.87|0.73|0.62|0.75|0.76|0.87|0.87|0.50|0.70|0.56|0.95|0.70|0.75|0.77|0.66|0.77|0.67|0.54|0.72|0.76,Computer Science,2025-11-02T11:58:26Z
SL000381,Slovak Tech,India,Slovakia,Male,26,A2,69.6,0.84,High,Single,0.38,1,0.6,None,0,Dropped Out,0.81|0.69|0.68|0.84|0.56|0.54|0.76|0.74|0.74|0.77|0.69|0.64|0.83|0.91|0.49|0.94|0.77|0.74|0.71|0.77|0.40|0.71|0.91|0.88|0.64|0.56|0.65|0.52|0.58|0.69|0.84|0.51,Engineering,2025-11-02T11:58:26Z
SL000382,Comenius University Bratislava,Slovakia,Slovakia,Prefer not to say,25,C1,67.0,0.97,High,Single,0.14,0,0.1,Tutoring,1,Completed,0.70|0.84|0.62|0.86|0.88|0.71|0.88|0.72|0.82|0.74|0.92|0.81|0.77|0.86|0.58|0.70|0.73|0.87|0.74|0.87|0.80|0.87|0.80|0.67|0.79|0.51|0.71|0.58|0.90|0.64|0.69|0.67,Data Science,2025-11-02T11:58:26Z
SL000383,Comenius University Bratislava,USA,Slovakia,Other,25,A2,76.8,0.86,Low,Other,0.05,1,0.3,LanguageMentor,0,Administrative Withdrawal,0.95|0.78|0.86|0.72|0.87|0.65|0.72|0.85|0.50|0.86|0.92|0.47|0.52|0.83|1.00|0.89|0.79|0.92|0.91|0.74|0.89|0.66|0.68|0.71|0.64|0.59|0.86|0.60|0.61|1.00|0.58|0.72,Engineering,2025-11-02T11:58:26Z
SL000384,Comenius University Bratislava,Latvia,Slovakia,Female,25,C2,73.8,0.95,Medium,Single,0.49,1,0.1,None,0,Dropped Out,0.73|0.82|0.98|0.95|0.82|0.62|0.84|0.81|0.51|0.42|0.98|0.74|1.00|0.88|0.80|0.82|0.83|0.71|0.58|0.82|0.93|0.80|0.85|0.72|0.70|0.70|0.90|0.55|0.67|0.82|0.91|0.95,Economics,2025-11-02T11:58:26Z
SL000385,Comenius University Bratislava,Nigeria,Slovakia,Female,21,C1,53.3,0.85,High,Other,0.24,0,0.7,Tutoring,1,Ongoing,0.62|0.73|0.57|0.66|0.84|0.72|0.96|0.79|0.96|0.62|0.81|0.99|0.63|0.82|0.68|0.66|0.79|0.60|0.87|0.62|0.84|0.84|0.84|0.99|0.55|0.67|0.64|0.55|0.85|0.83|0.61|0.71,Business,2025-11-02T11:58:26Z
SL000386,Slovak Tech,Spain,Slovakia,Female,29,B2,73.7,0.87,High,Other,0.29,1,0.1,BuddyProgram,0,Dropped Out,0.60|0.63|0.88|0.67|0.91|0.76|0.86|0.68|0.50|0.68|0.83|0.58|0.69|0.81|0.54|0.73|0.63|0.65|0.89|0.79|0.35|0.77|0.73|0.75|0.63|0.78|0.65|0.72|0.83|0.81|0.64|0.54,Economics,2025-11-02T11:58:26Z
SL000387,Comenius University Bratislava,India,Slovakia,Male,28,C2,62.9,1.0,High,Married,0.17,0,0.6,BuddyProgram,1,Completed,0.68|0.59|0.72|0.69|0.76|0.68|0.74|0.80|0.95|0.66|0.77|0.68|0.85|0.96|0.81|0.85|0.67|0.85|1.00|0.69|0.77|0.68|0.87|0.58|0.63|0.89|0.60|0.80|0.80|0.79|0.77|0.85,Computer Science,2025-11-02T11:58:26Z
SL000388,Slovak Tech,Latvia,Slovakia,Other,28,B2,75.7,0.88,Medium,Other,0.22,0,0.1,LanguageMentor,1,Completed,0.61|0.90|0.58|0.69|0.80|0.75|0.68|0.50|0.60|0.68|0.85|0.79|0.62|0.73|0.70|0.65|0.65|0.54|0.65|0.76|0.78|0.50|0.40|0.53|0.71|0.78|0.73|0.91|0.81|0.73|0.76|0.66,Computer Science,2025-11-02T11:58:26Z
SL000389,Slovak Tech,Italy,Slovakia,Female,26,B1,71.5,0.89,High,Married,0.41,1,0.1,LanguageMentor,0,Administrative Withdrawal,0.75|0.72|0.63|0.87|0.87|0.96|0.69|0.80|0.81|0.72|0.70|0.76|0.85|0.92|0.77|0.85|0.92|0.59|0.78|0.92|0.46|0.71|0.73|0.96|0.84|0.72|0.86|0.97|0.71|0.91|0.61|0.61,Data Science,2025-11-02T11:58:26Z
SL000390,Slovak Tech,Sri Lanka,Slovakia,Male,24,A2,65.8,0.91,High,Single,0.2,1,0.6,None,0,Dropped Out,0.63|0.80|0.86|0.73|0.81|0.60|0.79|0.78|0.80|0.63|0.62|0.75|0.89|0.67|0.69|0.66|0.68|0.72|0.94|0.73|0.70|0.66|0.49|0.80|0.60|0.50|0.73|0.43|0.78|0.89|0.66|0.60,English Philology,2025-11-02T11:58:26Z
SL000391,Comenius University Bratislava,India,Slovakia,Male,20,B1,81.4,0.8,Low,Other,0.24,1,0.6,Tutoring,0,Left Country,0.79|0.61|0.56|0.76|0.92|0.53|0.83|0.69|0.90|0.73|1.00|0.87|0.64|0.66|0.57|0.83|0.77|0.71|0.70|0.84|0.63|1.00|0.99|0.75|0.81|0.57|0.73|0.72|0.78|0.62|0.72|0.70,Data Science,2025-11-02T11:58:26Z
SL000392,Comenius University Bratislava,Nigeria,Slovakia,Male,20,C2,73.1,0.85,Medium,Other,0.28,0,0.7,None,1,Completed,0.44|0.69|0.70|0.74|0.70|0.55|0.81|0.55|0.60|0.65|0.75|0.85|0.83|0.79|0.72|0.70|0.82|0.94|0.72|0.52|0.71|0.95|0.86|0.83|0.89|0.92|0.70|0.86|0.70|0.78|0.54|0.82,Business,2025-11-02T11:58:26Z
SL000393,Slovak Tech,Slovakia,Slovakia,Female,22,B1,80.5,1.0,Low,Single,0.86,0,0.1,None,0,Failed Exams,0.82|0.88|0.82|0.90|0.60|0.93|0.54|0.88|0.64|0.81|0.52|0.55|0.67|0.45|0.75|0.56|0.51|0.48|0.35|0.37|0.30|0.58|0.48|0.62|0.60|0.59|0.78|0.75|0.69|0.56|0.67|0.78,Economics,2025-11-02T11:58:26Z
SL000394,Comenius University Bratislava,India,Slovakia,Male,26,C1,72.1,0.84,High,Single,0.3,0,0.6,BuddyProgram,1,Completed,0.50|0.35|0.77|0.89|0.76|0.56|0.76|0.80|0.83|0.75|0.78|0.64|0.71|1.00|0.73|0.61|0.40|0.94|0.79|0.72|0.65|0.75|0.92|0.66|0.66|0.81|0.80|0.49|0.62|0.76|0.76|0.85,English Philology,2025-11-02T11:58:26Z
SL000395,Slovak Tech,Vietnam,Slovakia,Prefer not to say,19,B1,79.7,0.98,Low,Single,0.36,0,0.6,LanguageMentor,1,Completed,0.61|0.60|0.68|0.71|0.72|0.63|0.69|0.65|0.61|0.78|0.74|0.92|0.69|0.80|0.78|0.72|0.63|0.77|0.74|0.78|0.42|0.85|0.74|0.81|0.82|0.86|0.78|0.65|0.99|0.48|0.63|0.84,Computer Science,2025-11-02T11:58:26Z
SL000396,Comenius University Bratislava,Vietnam,Slovakia,Male,23,C1,76.2,0.81,Medium,Single,0.48,0,0.6,None,0,Transferred,0.73|0.52|0.57|0.64|1.00|0.74|0.71|0.72|0.46|0.97|0.51|0.67|0.70|0.73|0.57|0.55|0.80|0.88|0.88|0.58|0.77|0.90|0.76|0.78|0.90|0.69|0.74|0.83|0.74|0.92|0.82|0.49,Data Science,2025-11-02T11:58:26Z
SL000397,Slovak Tech,Slovakia,Slovakia,Male,20,B2,75.4,0.9,Medium,Married,0.33,0,0.1,Tutoring,1,Ongoing,0.90|0.82|0.79|0.76|0.84|0.69|0.59|0.79|0.57|0.80|0.72|0.72|0.56|0.50|0.61|0.89|0.75|0.82|0.75|0.93|0.47|0.58|0.70|0.44|0.79|0.71|0.62|0.75|0.60|0.75|0.92|0.84,Data Science,2025-11-02T11:58:26Z
SL000398,Comenius University Bratislava,Slovakia,Slovakia,Other,24,B2,64.0,0.92,Medium,Other,0.14,0,0.1,None,1,Completed,0.78|0.79|0.69|0.80|0.92|0.50|0.64|0.66|0.87|0.86|0.75|0.61|0.87|0.69|0.84|0.68|0.80|0.97|0.76|0.59|0.94|0.39|0.89|0.72|0.48|0.41|0.77|0.49|0.67|0.53|0.97|0.73,Economics,2025-11-02T11:58:26Z
SL000399,Slovak Tech,Latvia,Slovakia,Female,20,B2,62.4,0.89,Low,Other,0.49,0,0.1,None,1,Completed,0.83|0.79|0.80|0.73|0.33|0.70|0.72|0.74|0.83|0.72|0.75|0.92|0.78|0.69|0.64|0.74|0.71|0.98|0.84|0.79|0.86|0.79|0.60|0.70|0.64|0.75|0.84|0.77|0.75|0.72|0.73|0.60,Business,2025-11-02T11:58:26Z
SL000400,Comenius University Bratislava,Ukraine,Slovakia,Male,21,A2,69.0,0.92,High,Other,0.5,0,0.1,Tutoring,0,Failed Exams,0.78|0.72|0.40|0.75|0.47|0.84|0.76|0.82|0.80|0.77|0.63|0.64|0.63|0.86|0.68|0.67|0.77|0.73|0.68|0.50|0.83|0.65|0.97|0.86|0.66|0.81|0.91|0.91|0.45|0.74|0.63|0.89,Economics,2025-11-02T11:58:26Z
SL000401,Slovak Tech,India,Slovakia,Prefer not to say,26,B2,77.0,0.94,High,Single,0.16,0,0.6,None,1,Completed,0.79|0.73|0.75|0.88|0.72|0.64|0.94|0.99|0.60|1.00|0.61|0.68|0.43|0.64|0.86|0.56|0.70|0.94|0.62|0.83|0.75|0.88|0.86|0.68|0.87|0.61|0.74|0.64|0.80|0.72|0.74|0.54,Engineering,2025-11-02T11:58:26Z
SL000402,Comenius University Bratislava,Ukraine,Slovakia,Male,23,A2,72.3,0.8,Low,Married,0.37,1,0.1,None,0,Dropped Out,0.67|0.69|0.81|0.80|0.70|0.82|0.75|0.79|0.60|0.73|0.87|0.75|0.56|0.99|0.62|0.95|0.76|0.59|0.80|0.85|0.80|0.52|0.85|0.73|0.67|0.71|0.87|0.80|0.70|0.60|0.73|0.95,Economics,2025-11-02T11:58:26Z
SL000403,Comenius University Bratislava,Bangladesh,Slovakia,Prefer not to say,24,B1,95.0,1.0,Low,Married,0.25,0,0.6,Counseling,1,Completed,0.78|0.85|0.62|0.45|0.71|0.73|0.54|0.85|0.66|0.68|0.73|0.80|0.70|0.58|0.68|0.85|0.84|0.84|1.00|0.77|0.85|0.76|0.94|0.59|0.65|0.90|0.61|0.70|0.93|0.80|0.87|0.66,Logistics,2025-11-02T11:58:26Z
SL000404,Comenius University Bratislava,Pakistan,Slovakia,Prefer not to say,27,B2,58.0,1.0,Medium,Other,0.29,0,0.6,Tutoring,1,Completed,0.84|0.79|0.64|0.57|0.58|0.89|0.75|0.75|0.78|0.56|0.63|0.85|0.66|0.69|0.95|0.67|0.68|0.90|0.66|0.74|0.89|0.51|0.70|0.70|0.78|0.70|0.85|0.66|0.72|0.73|0.81|0.60,Logistics,2025-11-02T11:58:26Z
SL000405,Comenius University Bratislava,USA,Slovakia,Female,21,C2,71.1,0.74,Low,Single,0.25,0,0.3,BuddyProgram,1,Ongoing,0.80|0.64|0.55|0.72|0.68|0.81|1.00|0.81|0.91|0.85|0.79|0.81|0.41|0.95|0.54|0.78|0.85|0.70|0.74|0.75|0.60|0.69|0.84|0.81|0.70|0.67|0.90|0.78|0.75|0.92|0.72|0.77,Psychology,2025-11-02T11:58:26Z
SL000406,Slovak Tech,India,Slovakia,Prefer not to say,23,C2,81.7,0.91,Low,Other,0.16,0,0.6,Counseling,1,Completed,1.00|0.83|1.00|0.77|0.61|0.98|0.69|0.68|0.74|0.62|0.61|0.90|0.54|0.96|0.69|0.55|0.68|0.70|0.74|0.86|0.74|0.92|0.91|0.99|0.66|0.79|0.68|0.90|0.66|0.82|0.89|0.74,Data Science,2025-11-02T11:58:26Z
SL000407,Slovak Tech,Bangladesh,Slovakia,Other,23,C1,69.5,0.9,Low,Other,0.28,0,0.6,BuddyProgram,1,Completed,0.66|0.89|0.62|0.69|0.76|0.69|1.00|0.87|0.60|0.69|0.83|0.36|0.79|0.68|0.59|0.74|0.69|0.49|0.78|0.93|0.76|0.95|0.90|0.86|0.63|0.85|0.72|0.89|0.78|0.73|0.70|0.66,English Philology,2025-11-02T11:58:26Z
SL000408,Comenius University Bratislava,India,Slovakia,Male,25,B1,70.8,0.92,Medium,Married,0.14,1,0.6,None,0,Dropped Out,0.65|0.72|0.84|0.76|0.52|0.66|0.55|0.72|0.76|0.67|0.69|0.79|0.72|0.72|0.70|0.87|0.82|0.72|0.73|0.60|0.94|0.86|0.68|0.76|0.83|0.83|0.70|0.70|1.00|0.89|0.68|0.66,Economics,2025-11-02T11:58:26Z
SL000409,Comenius University Bratislava,Sri Lanka,Slovakia,Prefer not to say,25,C1,67.8,0.99,Medium,Married,0.6,0,0.6,LanguageMentor,0,Transferred,0.86|0.91|0.75|0.67|0.77|0.68|0.69|0.80|0.48|0.62|0.56|0.83|0.77|0.70|0.60|0.99|0.70|0.49|0.83|0.60|0.78|0.52|0.84|0.91|0.82|0.91|0.56|0.72|0.67|0.79|0.77|0.81,Engineering,2025-11-02T11:58:26Z
SL000410,Slovak Tech,Slovakia,Slovakia,Prefer not to say,25,B1,66.0,0.96,High,Single,0.63,0,0.1,None,1,Completed,0.47|0.66|0.59|0.59|0.89|0.64|0.71|0.58|0.84|0.57|0.61|0.51|0.47|0.62|0.80|0.51|0.56|0.52|0.55|0.29|0.64|0.47|0.42|0.48|0.58|0.67|0.87|0.79|0.59|0.64|0.82|0.99,Business,2025-11-02T11:58:26Z
SL000411,Comenius University Bratislava,Bangladesh,Slovakia,Prefer not to say,24,C1,58.8,0.95,High,Married,0.11,0,0.6,None,1,Completed,0.94|0.62|0.69|0.83|0.64|0.70|0.74|0.68|0.62|0.79|0.78|0.90|0.88|0.74|0.80|0.64|0.64|0.84|0.84|0.63|0.59|0.71|0.60|0.86|0.78|0.79|0.71|0.72|0.73|0.59|0.53|0.84,Logistics,2025-11-02T11:58:26Z
SL000412,Slovak Tech,Pakistan,Slovakia,Male,28,B2,72.4,0.94,Medium,Other,0.23,1,0.6,None,0,Left Country,0.92|0.81|0.75|0.48|0.54|0.76|0.79|0.49|0.98|0.51|0.65|0.75|0.73|1.00|0.71|0.91|0.79|0.74|0.77|0.81|0.60|0.80|0.52|0.48|0.94|0.48|0.72|0.75|0.86|0.67|0.71|0.50,Logistics,2025-11-02T11:58:26Z
SL000413,Slovak Tech,Sri Lanka,Slovakia,Male,24,C2,78.6,0.94,Low,Single,0.4,0,0.6,None,1,Completed,0.83|0.91|0.76|0.62|0.72|0.68|0.73|0.71|0.77|0.83|0.60|0.72|0.76|0.89|0.84|0.89|0.73|0.82|1.00|0.72|0.80|0.86|0.77|0.58|0.53|0.63|0.80|0.80|0.66|0.80|0.65|0.75,Economics,2025-11-02T11:58:26Z
SL000414,Comenius University Bratislava,Brazil,Slovakia,Prefer not to say,22,A2,74.6,0.91,High,Single,0.31,0,0.5,Tutoring,0,Failed Exams,0.80|0.65|0.75|0.98|0.62|0.71|0.83|0.73|0.60|0.61|0.79|0.51|0.60|0.76|0.40|0.75|0.91|0.72|0.45|0.64|0.75|0.72|0.74|0.80|0.72|0.65|0.69|0.64|0.79|0.68|0.61|0.80,Economics,2025-11-02T11:58:26Z
SL000415,Slovak Tech,Sri Lanka,Slovakia,Female,24,C2,73.4,1.0,High,Other,0.1,0,0.6,None,1,Completed,0.66|0.44|0.89|0.71|0.74|0.64|0.88|0.51|0.70|0.87|0.85|0.63|0.58|0.82|0.85|0.77|0.69|0.85|0.83|0.75|0.51|0.79|0.76|0.74|0.66|0.76|0.90|0.48|0.79|0.55|0.75|0.88,Engineering,2025-11-02T11:58:26Z
SL000416,Comenius University Bratislava,Pakistan,Slovakia,Other,24,B2,71.2,1.0,Low,Other,0.24,0,0.6,BuddyProgram,1,Completed,0.69|0.65|0.78|0.83|0.78|0.72|0.79|0.84|0.86|0.71|0.83|0.87|0.77|0.63|0.61|0.56|0.71|0.69|0.75|0.80|0.61|0.80|0.63|0.68|0.52|0.75|0.70|0.77|0.71|0.71|0.79|0.74,Business,2025-11-02T11:58:26Z
SL000417,Slovak Tech,Latvia,Slovakia,Prefer not to say,23,B2,66.2,0.87,Low,Other,0.24,1,0.1,None,0,Dropped Out,0.54|0.69|0.61|0.61|0.79|0.93|0.73|0.90|0.59|0.75|0.75|0.82|0.84|0.82|0.68|0.68|0.87|0.95|0.76|0.83|0.76|0.83|0.52|0.69|0.61|0.73|0.57|0.83|0.67|0.62|0.83|0.68,English Philology,2025-11-02T11:58:26Z
SL000418,Comenius University Bratislava,Slovakia,Slovakia,Prefer not to say,22,A2,83.6,0.8,Medium,Single,0.13,0,0.1,None,1,Completed,0.44|0.64|0.79|0.81|0.64|0.47|0.97|0.45|0.86|0.77|0.67|0.94|0.80|0.66|0.71|0.77|0.84|0.65|0.60|0.69|0.79|0.55|0.69|0.90|0.69|0.83|0.81|0.59|0.73|0.91|0.80|0.72,Logistics,2025-11-02T11:58:26Z
SL000419,Comenius University Bratislava,Latvia,Slovakia,Female,21,C1,54.6,0.96,Low,Single,0.11,0,0.1,BuddyProgram,1,Completed,0.67|0.83|0.87|0.68|0.75|0.61|0.53|0.73|0.76|0.76|0.88|0.67|0.91|0.77|0.75|0.76|0.54|0.68|0.82|0.65|0.90|0.85|0.95|0.89|0.78|0.66|0.54|0.88|0.92|0.62|0.80|0.72,Engineering,2025-11-02T11:58:26Z
SL000420,Comenius University Bratislava,Sri Lanka,Slovakia,Female,22,B1,68.9,0.83,Medium,Married,0.37,1,0.6,Tutoring,0,Administrative Withdrawal,0.56|0.74|0.61|0.61|0.65|0.68|0.65|0.68|0.54|0.77|0.40|0.51|0.95|0.64|0.85|0.58|0.86|0.90|0.62|0.84|0.78|0.80|0.59|0.82|0.81|0.74|0.69|0.78|0.67|0.74|0.67|0.52,Logistics,2025-11-02T11:58:26Z
SL000421,Slovak Tech,Ukraine,Slovakia,Other,25,B2,52.9,0.96,Medium,Single,0.47,1,0.1,Tutoring,0,Dropped Out,0.79|0.66|0.69|0.62|0.75|0.83|0.60|0.58|0.80|0.63|0.54|0.44|0.70|0.72|0.78|0.83|0.59|0.62|0.72|0.70|0.61|0.69|0.71|0.65|0.41|0.78|0.62|0.82|0.85|0.62|0.84|0.52,Data Science,2025-11-02T11:58:26Z
SL000422,Slovak Tech,Ukraine,Slovakia,Female,25,C1,72.4,0.96,High,Other,0.49,0,0.1,Tutoring,0,Transferred,0.87|0.69|0.76|0.82|0.63|0.71|0.75|0.72|0.74|0.89|0.64|0.79|0.84|0.62|0.86|0.82|1.00|0.77|0.84|0.84|0.60|0.65|0.97|0.73|0.81|0.61|0.74|0.73|0.69|0.67|0.65|0.61,Computer Science,2025-11-02T11:58:26Z
SL000423,Comenius University Bratislava,Ukraine,Slovakia,Prefer not to say,18,C1,75.1,0.92,High,Other,0.17,0,0.1,None,1,Completed,0.86|0.70|0.83|0.66|0.76|0.88|0.90|0.62|0.73|0.82|0.72|0.83|0.78|0.81|0.60|0.88|0.72|0.53|0.86|0.97|0.93|0.70|0.79|0.59|0.93|0.82|0.70|0.61|0.56|0.90|0.71|0.55,Psychology,2025-11-02T11:58:26Z
SL000424,Slovak Tech,Spain,Slovakia,Prefer not to say,21,B2,57.3,1.0,High,Other,0.13,0,0.1,None,1,Completed,0.71|0.81|0.96|0.66|0.60|0.79|0.90|0.74|0.86|0.82|0.78|0.74|0.77|0.82|0.71|0.61|0.84|0.54|0.56|0.61|0.71|0.84|0.82|0.86|0.69|0.59|0.56|0.58|0.76|0.68|0.75|0.77,Logistics,2025-11-02T11:58:26Z
SL000425,Slovak Tech,Pakistan,Slovakia,Prefer not to say,24,C1,69.3,0.81,Medium,Married,0.15,1,0.6,LanguageMentor,0,Dropped Out,0.52|0.78|0.85|0.60|0.88|0.72|0.76|0.67|0.67|0.72|0.79|0.64|0.85|0.83|0.74|0.76|0.79|0.74|0.87|0.78|0.64|0.75|0.79|0.86|0.79|0.60|0.90|0.71|0.84|0.65|0.62|0.69,Engineering,2025-11-02T11:58:26Z
SL000426,Comenius University Bratislava,Latvia,Slovakia,Male,23,C2,81.8,0.87,Low,Other,0.35,0,0.1,LanguageMentor,1,Completed,0.63|0.80|0.73|0.78|0.61|0.80|0.84|0.70|0.80|0.76|0.79|0.59|0.60|0.85|0.89|1.00|0.69|0.81|0.75|0.70|0.70|0.93|0.81|0.96|0.84|0.61|0.70|0.67|0.65|0.73|0.51|0.86,Economics,2025-11-02T11:58:26Z
SL000427,Comenius University Bratislava,India,Slovakia,Male,18,C2,74.1,0.99,High,Married,0.45,0,0.6,None,1,Ongoing,0.78|0.56|0.79|0.58|0.80|0.95|0.67|0.69|0.59|0.56|0.86|0.81|0.64|0.66|0.69|0.53|0.96|0.79|0.44|0.74|0.67|0.62|0.58|0.65|0.62|0.76|0.75|0.90|0.81|0.57|0.58|0.79,Computer Science,2025-11-02T11:58:26Z
SL000428,Slovak Tech,Latvia,Slovakia,Prefer not to say,24,B1,73.6,0.93,Low,Other,0.12,0,0.1,BuddyProgram,1,Completed,0.73|0.58|0.67|0.68|0.75|0.59|0.82|0.65|0.83|0.93|0.73|0.68|1.00|0.77|0.86|0.75|0.91|0.70|0.67|0.69|0.79|0.70|0.74|0.80|0.83|0.64|0.71|0.78|0.82|0.72|0.79|1.00,Economics,2025-11-02T11:58:26Z
SL000429,Comenius University Bratislava,USA,Slovakia,Prefer not to say,22,C1,74.6,0.79,Low,Single,0.15,1,0.3,Tutoring,0,Dropped Out,0.50|0.78|0.82|0.74|0.79|0.54|0.76|0.95|0.72|0.66|0.74|0.82|0.77|0.78|0.79|0.72|0.70|0.78|0.78|0.90|0.80|0.81|0.83|0.92|0.85|0.80|0.81|0.74|0.57|0.84|0.58|0.97,English Philology,2025-11-02T11:58:26Z
SL000430,Slovak Tech,Latvia,Slovakia,Other,24,C1,92.7,0.73,Medium,Single,0.22,0,0.1,LanguageMentor,1,Completed,0.56|0.58|0.97|0.86|0.76|0.63|0.70|0.55|1.00|0.77|0.79|0.79|0.81|0.63|0.56|0.50|0.72|0.56|0.88|0.73|0.82|0.82|0.70|0.67|0.73|0.80|0.76|0.76|0.73|1.00|0.73|0.70,Psychology,2025-11-02T11:58:26Z
SL000431,Comenius University Bratislava,Spain,Slovakia,Prefer not to say,23,C1,76.5,1.0,Medium,Other,0.17,0,0.1,None,1,Completed,0.95|0.68|0.92|0.72|0.89|0.57|0.73|0.88|0.77|0.52|0.77|0.76|0.74|0.58|0.79|0.71|0.41|0.71|0.72|0.52|0.61|0.93|0.71|0.84|0.82|0.71|0.77|0.79|0.43|0.81|1.00|0.55,Logistics,2025-11-02T11:58:26Z
SL000432,Slovak Tech,Slovakia,Slovakia,Female,22,C1,65.4,0.9,Low,Other,0.13,0,0.1,LanguageMentor,1,Completed,1.00|0.71|0.76|0.70|0.67|0.59|0.78|0.79|0.40|1.00|0.80|0.68|0.62|0.79|0.76|0.74|0.92|0.82|0.68|0.76|0.79|0.79|0.57|0.99|0.84|0.70|0.67|0.59|1.00|0.42|0.32|0.71,Economics,2025-11-02T11:58:26Z
SL000433,Comenius University Bratislava,Slovakia,Slovakia,Female,27,B1,77.7,0.72,High,Married,0.41,0,0.1,None,0,Failed Exams,0.83|0.88|0.48|0.73|0.51|0.98|0.73|0.80|0.99|0.91|0.80|0.80|0.78|0.86|0.56|0.65|0.70|0.53|0.75|0.65|0.87|0.78|0.68|0.74|0.79|0.81|0.69|0.86|0.74|0.68|0.79|0.86,Computer Science,2025-11-02T11:58:26Z
SL000434,Comenius University Bratislava,Vietnam,Slovakia,Male,18,B2,76.9,0.9,High,Other,0.19,1,0.6,None,0,Dropped Out,1.00|0.79|0.71|0.93|0.91|1.00|0.65|0.76|0.79|0.69|0.48|0.64|0.68|0.73|0.92|0.78|0.37|0.74|0.74|0.52|0.87|0.75|0.55|0.59|0.52|0.78|1.00|0.65|0.65|0.69|0.76|0.73,Computer Science,2025-11-02T11:58:26Z
SL000435,Slovak Tech,Brazil,Slovakia,Other,18,A2,79.8,0.91,Medium,Married,0.11,0,0.5,None,1,Completed,0.60|0.66|0.66|0.76|0.70|0.78|0.60|0.53|0.77|0.70|0.64|0.71|0.69|0.95|0.80|0.74|0.56|0.62|0.77|0.57|0.77|0.82|0.98|0.49|0.65|0.75|0.68|0.69|0.61|0.65|0.94|0.44,Data Science,2025-11-02T11:58:26Z
SL000436,Slovak Tech,Latvia,Slovakia,Prefer not to say,19,C1,78.7,0.88,Medium,Single,0.47,0,0.1,LanguageMentor,1,Completed,0.66|0.78|0.84|0.54|0.63|1.00|0.72|0.78|0.54|0.67|0.80|0.82|0.76|0.94|0.60|0.70|0.87|0.49|0.55|0.76|0.75|0.63|0.89|0.67|0.75|0.93|0.74|0.53|0.59|0.45|0.53|0.53,Computer Science,2025-11-02T11:58:26Z
SL000437,Slovak Tech,Spain,Slovakia,Other,30,C1,55.9,0.88,High,Married,0.37,0,0.1,Tutoring,1,Completed,0.73|0.78|0.54|0.60|0.81|0.82|0.86|0.83|0.81|0.68|0.60|0.83|0.60|0.54|0.78|0.93|0.62|0.78|0.85|0.78|0.49|0.75|0.92|0.68|0.61|0.72|0.53|0.60|0.84|0.67|0.79|0.57,Engineering,2025-11-02T11:58:26Z
SL000438,Slovak Tech,Nigeria,Slovakia,Prefer not to say,22,B1,60.6,0.86,Medium,Single,0.26,0,0.7,BuddyProgram,1,Completed,0.68|0.71|0.98|0.82|0.72|0.93|0.88|0.84|0.78|0.79|0.74|0.77|0.70|0.71|0.72|0.60|0.91|0.35|0.90|0.71|0.58|0.71|0.57|0.83|0.78|0.88|0.79|0.67|0.61|0.73|0.89|0.65,Computer Science,2025-11-02T11:58:26Z
SL000439,Slovak Tech,Nigeria,Slovakia,Other,20,A2,70.4,0.85,High,Married,0.24,0,0.7,LanguageMentor,1,Ongoing,0.70|0.66|0.77|0.68|0.64|0.86|0.77|0.70|0.86|0.87|0.60|0.78|0.68|0.76|1.00|0.59|0.83|0.83|0.78|0.98|0.93|0.66|0.82|0.87|0.64|0.51|0.49|0.67|0.93|0.65|0.50|0.73,Computer Science,2025-11-02T11:58:26Z
SL000440,Comenius University Bratislava,Pakistan,Slovakia,Prefer not to say,23,C2,67.6,0.83,Medium,Married,0.31,0,0.6,None,1,Completed,0.70|0.68|0.78|0.79|0.66|0.85|0.66|0.62|0.84|0.41|0.82|0.87|0.73|0.77|1.00|0.80|0.74|0.78|0.93|0.40|0.75|0.82|0.92|0.83|0.62|0.79|0.55|0.83|0.64|0.85|0.74|0.78,English Philology,2025-11-02T11:58:26Z
SL000441,Slovak Tech,Bangladesh,Slovakia,Other,21,B1,66.5,0.92,Medium,Married,0.22,1,0.6,None,0,Left Country,0.89|0.60|0.81|0.73|0.58|0.73|0.61|0.63|0.67|0.82|0.49|0.78|0.92|0.84|0.84|0.58|0.73|0.67|1.00|0.58|0.74|0.76|0.92|0.87|0.85|0.63|0.84|0.83|0.67|0.60|0.79|0.62,Business,2025-11-02T11:58:26Z
SL000442,Comenius University Bratislava,Spain,Slovakia,Other,27,B1,76.5,0.7,Low,Single,0.34,0,0.1,Tutoring,1,Completed,0.55|0.83|0.64|0.86|0.68|0.67|0.64|0.54|0.68|0.77|0.72|0.65|0.67|0.61|0.97|0.67|0.70|0.76|0.71|0.75|0.72|0.45|0.66|0.82|0.55|0.53|0.57|0.79|0.48|0.82|0.73|0.73,English Philology,2025-11-02T11:58:26Z
SL000443,Slovak Tech,Nigeria,Slovakia,Male,23,A2,76.2,0.87,Low,Other,0.08,1,0.7,LanguageMentor,0,Dropped Out,0.74|0.79|0.69|0.81|0.62|0.75|0.59|0.86|0.85|0.68|0.61|1.00|0.72|0.89|0.77|0.68|0.74|0.68|0.83|0.68|0.77|0.47|0.67|0.72|0.82|0.47|0.90|0.57|0.64|0.64|0.78|0.84,Logistics,2025-11-02T11:58:26Z
SL000444,Slovak Tech,Sri Lanka,Slovakia,Female,22,A2,65.3,0.81,Medium,Single,0.28,0,0.6,None,0,Transferred,0.59|0.72|0.72|0.68|0.54|0.60|0.85|0.70|0.66|0.72|0.69|0.76|0.73|0.80|0.81|0.69|0.73|0.82|0.64|0.52|0.80|0.96|0.65|0.62|0.92|0.62|0.66|0.76|0.67|1.00|0.68|0.78,Computer Science,2025-11-02T11:58:26Z
SL000445,Comenius University Bratislava,Nigeria,Slovakia,Female,19,B1,63.5,1.0,High,Married,0.16,0,0.7,None,0,Transferred,0.87|0.62|0.80|0.84|0.87|0.51|0.83|0.75|0.78|0.64|0.73|0.83|0.72|0.51|0.31|0.66|0.76|0.73|0.86|0.81|1.00|0.80|0.82|0.70|0.68|0.70|0.66|0.77|0.90|0.66|0.67|0.59,Engineering,2025-11-02T11:58:26Z
SL000446,Comenius University Bratislava,Bangladesh,Slovakia,Female,28,B1,72.5,0.82,Medium,Married,0.18,0,0.6,LanguageMentor,1,Completed,0.67|0.78|0.87|0.71|0.74|0.81|0.44|0.75|0.66|0.69|0.57|0.73|0.76|0.80|0.78|0.86|0.80|0.61|0.79|0.69|0.79|0.60|0.81|0.91|0.58|1.00|0.58|0.74|0.58|0.67|0.49|0.69,Economics,2025-11-02T11:58:26Z
SL000447,Slovak Tech,Nigeria,Slovakia,Prefer not to say,23,B1,58.8,0.86,Medium,Other,0.3,0,0.7,None,1,Completed,0.58|0.46|0.71|0.68|0.61|0.88|0.62|0.73|0.83|0.69|0.67|0.66|0.64|0.73|0.90|0.61|0.57|0.75|0.74|0.47|0.69|0.72|1.00|0.67|0.68|0.93|0.81|0.66|0.69|0.73|0.73|0.79,Engineering,2025-11-02T11:58:26Z
SL000448,Comenius University Bratislava,India,Slovakia,Female,22,B2,59.0,0.85,Low,Married,0.25,0,0.6,LanguageMentor,1,Completed,0.64|0.60|0.56|0.90|0.62|0.65|0.71|0.70|0.96|0.58|0.65|0.74|0.82|0.99|0.84|0.80|0.89|0.59|0.56|0.66|0.74|0.68|0.71|0.67|0.64|0.69|0.86|0.67|0.87|0.94|0.76|0.56,Business,2025-11-02T11:58:26Z
SL000449,Slovak Tech,Pakistan,Slovakia,Prefer not to say,24,A2,74.3,1.0,High,Other,0.11,0,0.6,Tutoring,1,Completed,0.77|0.89|0.69|0.71|0.70|0.83|0.70|0.54|0.62|0.85|0.63|0.68|0.92|0.80|0.67|0.63|0.61|0.75|0.63|0.53|0.99|0.72|0.82|0.79|0.78|0.83|0.69|0.78|0.77|0.80|0.74|0.71,English Philology,2025-11-02T11:58:26Z
SL000450,Slovak Tech,Brazil,Slovakia,Prefer not to say,20,A2,57.6,0.86,Medium,Married,0.58,0,0.5,BuddyProgram,0,Failed Exams,0.67|0.78|0.54|0.82|0.75|0.62|0.76|0.56|0.79|0.49|0.93|0.75|0.73|0.46|0.71|0.72|0.88|0.68|0.93|0.61|0.83|1.00|0.59|0.77|0.80|0.68|0.68|0.63|0.70|0.58|0.78|0.69,Logistics,2025-11-02T11:58:26Z
SL000451,Slovak Tech,Latvia,Slovakia,Female,23,A2,81.2,0.87,High,Single,0.07,0,0.1,None,0,Transferred,0.73|0.77|0.67|0.75|0.68|0.67|0.61|0.73|0.76|0.52|0.86|0.88|0.70|0.62|0.79|0.82|0.74|0.59|0.74|0.63|0.74|0.75|0.64|0.74|0.97|0.53|0.91|0.76|0.66|0.73|0.75|0.82,Economics,2025-11-02T11:58:26Z
SL000452,Slovak Tech,India,Slovakia,Female,26,C1,90.0,0.94,Low,Single,0.27,0,0.6,BuddyProgram,1,Completed,0.67|0.71|0.90|0.62|0.64|0.98|0.78|0.69|0.85|0.48|0.58|0.71|0.71|0.72|0.67|0.73|0.78|0.52|0.72|0.60|0.80|0.64|0.67|0.62|0.66|0.71|0.66|0.79|0.62|0.61|0.65|0.79,Data Science,2025-11-02T11:58:26Z
SL000453,Comenius University Bratislava,Ukraine,Slovakia,Female,25,C1,68.4,0.89,Low,Married,0.11,0,0.1,Tutoring,1,Completed,0.60|0.89|0.88|0.84|0.73|0.50|0.61|0.77|0.70|0.81|0.87|0.59|0.76|0.85|0.70|0.90|0.85|0.57|0.64|0.78|0.66|0.71|0.77|0.57|0.47|0.79|1.00|0.65|0.92|0.76|0.64|0.64,Computer Science,2025-11-02T11:58:26Z
SL000454,Comenius University Bratislava,Italy,Slovakia,Female,26,A2,67.9,1.0,Low,Other,0.29,0,0.1,None,1,Completed,0.50|0.68|0.58|0.64|0.72|1.00|0.69|0.75|0.81|0.84|0.85|0.76|0.57|0.56|0.60|0.73|0.87|0.90|0.86|0.67|0.86|0.75|0.50|0.74|0.78|0.61|0.82|0.86|0.66|0.63|0.68|0.62,Psychology,2025-11-02T11:58:26Z
SL000455,Slovak Tech,USA,Slovakia,Other,24,C1,74.4,0.86,Low,Married,0.38,0,0.3,LanguageMentor,1,Ongoing,0.65|0.87|0.80|0.66|0.92|0.71|0.80|0.79|0.81|0.48|0.80|0.63|0.59|0.79|0.95|0.72|0.80|0.57|0.67|0.75|0.80|0.81|0.98|0.83|1.00|1.00|0.69|0.73|0.54|0.78|0.90|0.77,Logistics,2025-11-02T11:58:26Z
SL000456,Slovak Tech,Pakistan,Slovakia,Male,21,B1,73.7,0.99,Medium,Other,0.31,0,0.6,Tutoring,1,Completed,0.83|0.64|0.57|0.73|0.78|0.75|0.59|0.79|0.67|0.65|0.83|0.70|0.67|0.84|0.74|1.00|0.88|0.57|0.80|0.81|0.86|0.75|0.78|0.85|0.67|0.71|0.88|0.70|0.68|0.85|0.49|0.45,Economics,2025-11-02T11:58:26Z
SL000457,Slovak Tech,Brazil,Slovakia,Male,23,B1,78.1,0.82,Medium,Married,0.47,1,0.5,None,0,Dropped Out,0.54|0.63|0.91|0.89|0.64|0.70|0.54|0.83|0.58|0.74|0.58|0.69|0.46|0.78|0.71|0.66|0.81|0.76|0.44|0.97|0.59|0.81|0.93|0.87|0.65|0.67|0.68|0.91|0.75|1.00|0.75|0.44,Logistics,2025-11-02T11:58:26Z
SL000458,Comenius University Bratislava,Bangladesh,Slovakia,Male,27,A2,84.7,0.96,Low,Single,0.6,0,0.6,None,0,Failed Exams,0.80|0.76|0.53|0.83|0.78|0.56|0.76|0.70|0.72|0.79|0.55|0.41|0.84|0.90|0.55|0.92|0.71|0.90|0.71|0.67|0.78|0.76|0.78|0.69|0.69|0.94|0.84|0.71|0.74|0.92|0.86|0.85,Data Science,2025-11-02T11:58:26Z
SL000459,Slovak Tech,Latvia,Slovakia,Prefer not to say,27,B1,90.2,0.81,High,Married,0.22,0,0.1,BuddyProgram,1,Completed,0.69|0.67|0.84|0.79|0.90|0.60|0.76|0.87|0.65|0.77|0.62|0.92|0.57|0.92|0.46|0.78|0.74|0.73|0.73|0.81|0.99|0.73|0.57|0.60|0.77|0.75|0.74|0.61|0.57|0.60|0.79|0.60,Economics,2025-11-02T11:58:26Z
SL000460,Comenius University Bratislava,Ukraine,Slovakia,Female,21,A2,74.1,0.98,Medium,Other,0.04,0,0.1,LanguageMentor,1,Completed,0.44|0.59|0.83|0.42|0.55|1.00|0.61|0.52|0.68|0.67|0.69|0.67|1.00|0.54|0.77|0.70|0.67|0.53|0.92|0.82|0.53|0.73|0.97|0.67|0.78|0.63|0.77|0.63|0.71|0.68|0.76|0.80,Business,2025-11-02T11:58:26Z
SL000461,Comenius University Bratislava,Italy,Slovakia,Female,24,C1,91.2,0.92,Low,Single,0.13,0,0.1,BuddyProgram,1,Completed,0.97|0.59|0.74|0.92|0.69|0.51|0.61|0.69|0.43|0.80|0.82|0.86|0.79|0.53|0.98|1.00|0.65|1.00|0.55|0.69|0.81|0.63|0.81|0.83|0.93|0.80|0.65|0.80|0.97|0.71|0.91|0.73,English Philology,2025-11-02T11:58:26Z
SL000462,Slovak Tech,Slovakia,Slovakia,Male,19,C2,80.6,0.88,Low,Other,0.35,0,0.1,LanguageMentor,1,Completed,0.67|0.69|0.81|0.71|0.85|0.65|0.77|0.59|0.72|0.73|0.82|0.84|0.61|0.76|0.84|0.62|0.80|0.85|0.85|0.79|0.53|0.74|0.73|0.64|0.74|0.73|0.72|0.45|0.89|0.76|0.54|0.81,Logistics,2025-11-02T11:58:26Z
SL000463,Slovak Tech,Italy,Slovakia,Male,22,C1,65.9,0.87,Medium,Single,0.34,1,0.1,Tutoring,0,Left Country,0.58|0.70|0.78|0.90|0.86|0.79|0.70|0.95|0.63|0.66|0.94|0.76|0.87|0.73|0.54|0.66|0.78|0.77|0.88|0.90|0.58|0.76|0.76|0.87|0.65|0.71|0.55|0.97|0.82|0.88|0.74|0.72,Engineering,2025-11-02T11:58:26Z
SL000464,Comenius University Bratislava,Spain,Slovakia,Prefer not to say,27,C1,74.5,0.76,High,Other,0.14,0,0.1,None,1,Completed,0.61|0.71|0.69|0.65|0.74|0.92|0.75|0.72|0.63|0.79|0.73|0.91|0.76|0.93|0.85|0.84|0.88|0.53|0.81|0.90|0.76|0.64|0.67|0.97|0.71|0.73|0.74|0.63|0.93|0.69|0.64|0.62,Computer Science,2025-11-02T11:58:26Z
SL000465,Slovak Tech,Latvia,Slovakia,Other,19,B1,81.0,0.92,Medium,Single,0.11,0,0.1,None,1,Completed,0.73|0.80|0.64|0.80|0.68|0.65|0.61|0.67|0.47|0.62|0.89|0.75|1.00|0.80|0.82|0.98|1.00|0.74|0.72|0.89|0.85|0.49|0.73|0.76|0.64|0.94|0.69|0.75|0.93|0.69|0.67|0.63,Economics,2025-11-02T11:58:26Z
SL000466,Comenius University Bratislava,Latvia,Slovakia,Prefer not to say,22,C2,72.2,0.9,High,Single,0.19,0,0.1,Counseling,0,Transferred,0.84|0.81|0.78|0.88|0.62|0.93|0.80|0.75|0.81|0.84|0.89|0.74|0.75|0.57|0.66|0.80|0.68|0.89|0.77|0.79|0.75|0.57|0.62|0.80|0.85|0.72|0.82|0.76|0.81|0.87|0.86|0.55,Economics,2025-11-02T11:58:26Z
SL000467,Comenius University Bratislava,Vietnam,Slovakia,Male,23,A2,72.8,0.82,Medium,Married,0.26,1,0.6,None,0,Dropped Out,0.64|0.72|0.65|0.65|0.77|0.63|0.77|1.00|0.99|0.65|0.77|0.48|0.64|0.77|0.72|0.86|0.91|0.75|0.93|0.79|0.60|0.74|0.74|0.64|0.81|0.93|0.77|0.66|0.79|0.93|0.76|0.97,Engineering,2025-11-02T11:58:26Z
SL000468,Slovak Tech,Ukraine,Slovakia,Other,25,C2,70.0,0.66,Medium,Single,0.23,1,0.1,LanguageMentor,0,Dropped Out,0.60|0.66|0.60|0.64|0.83|0.79|0.68|0.85|0.67|0.71|0.79|0.87|0.48|0.75|0.89|0.71|0.63|0.97|0.70|0.66|0.70|0.87|0.73|1.00|0.67|0.66|0.54|0.82|0.78|0.64|0.42|0.76,Logistics,2025-11-02T11:58:26Z
SL000469,Comenius University Bratislava,Italy,Slovakia,Male,21,A2,79.4,0.92,Medium,Single,0.15,0,0.1,None,1,Completed,0.66|0.52|0.92|0.37|0.74|0.57|0.63|0.90|0.78|0.79|0.87|0.74|0.97|0.76|0.56|0.52|0.57|0.71|0.81|0.70|0.81|0.51|0.81|0.89|0.60|1.00|0.64|0.80|0.92|0.70|0.62|0.53,Engineering,2025-11-02T11:58:26Z
SL000470,Comenius University Bratislava,Brazil,Slovakia,Female,23,B2,72.3,0.85,Medium,Married,0.51,1,0.5,None,0,Left Country,0.81|0.65|0.65|0.79|0.58|0.73|0.86|0.68|1.00|1.00|0.61|0.59|0.77|0.48|0.77|0.86|0.75|0.53|0.66|0.57|0.50|0.84|0.88|1.00|0.85|0.82|0.89|0.73|0.58|0.90|0.95|0.72,English Philology,2025-11-02T11:58:26Z
SL000471,Comenius University Bratislava,Vietnam,Slovakia,Male,24,A2,75.9,0.83,Medium,Married,0.15,1,0.6,None,0,Left Country,0.72|0.85|0.77|0.74|0.77|0.71|0.79|0.72|0.64|0.77|0.54|0.83|0.49|0.75|0.77|0.57|0.58|0.63|0.77|0.84|0.76|0.72|0.54|0.44|0.79|0.84|0.78|0.65|0.58|0.84|0.75|0.91,Logistics,2025-11-02T11:58:26Z
SL000472,Comenius University Bratislava,Latvia,Slovakia,Male,23,C2,55.9,0.81,High,Single,0.42,0,0.1,None,0,Failed Exams,0.63|0.86|0.77|0.80|0.81|0.78|0.80|0.58|0.76|0.70|0.89|0.56|0.59|0.73|0.94|0.60|0.66|0.72|0.55|0.96|0.83|0.63|0.67|0.74|0.69|0.84|0.71|0.91|0.88|0.57|0.75|0.75,Engineering,2025-11-02T11:58:26Z
SL000473,Comenius University Bratislava,Pakistan,Slovakia,Prefer not to say,24,A2,65.5,0.95,High,Married,0.09,0,0.6,BuddyProgram,1,Completed,0.69|0.50|0.89|0.80|0.79|0.75|0.79|0.87|0.64|0.60|0.77|0.82|0.64|0.78|0.48|0.83|0.72|0.91|0.62|0.44|0.51|0.75|0.50|0.46|0.70|0.84|0.69|1.00|0.40|0.72|0.51|0.75,Engineering,2025-11-02T11:58:26Z
SL000474,Slovak Tech,Bangladesh,Slovakia,Female,25,A2,78.6,0.94,Low,Single,0.29,0,0.6,Tutoring,1,Completed,0.91|0.78|0.71|0.69|0.62|0.98|0.90|0.74|0.81|0.79|0.62|0.60|0.59|0.80|0.81|0.85|0.61|0.72|0.90|0.61|0.66|0.89|0.65|0.63|0.71|0.70|0.51|0.77|0.71|0.69|0.66|0.89,Computer Science,2025-11-02T11:58:26Z
SL000475,Comenius University Bratislava,USA,Slovakia,Other,23,C2,61.2,1.0,Low,Other,0.48,0,0.3,LanguageMentor,1,Ongoing,0.74|0.97|0.72|0.77|0.66|0.63|0.72|0.45|0.71|0.62|0.73|1.00|0.46|0.71|0.62|0.66|0.43|0.57|0.78|0.76|0.64|0.48|0.70|1.00|0.68|0.66|0.83|0.72|0.85|0.85|0.59|0.78,English Philology,2025-11-02T11:58:26Z
SL000476,Comenius University Bratislava,Pakistan,Slovakia,Prefer not to say,22,B1,66.3,0.92,High,Married,0.18,0,0.6,None,1,Completed,0.80|0.79|0.87|0.88|1.00|0.49|0.60|0.53|0.62|0.77|0.66|0.88|0.82|0.78|0.77|0.80|0.54|0.74|0.75|0.47|0.89|0.45|0.81|0.47|0.71|0.64|0.82|0.54|0.97|0.82|0.59|0.77,Computer Science,2025-11-02T11:58:26Z
SL000477,Comenius University Bratislava,Spain,Slovakia,Female,28,C2,73.9,1.0,High,Other,0.28,0,0.1,Tutoring,0,Failed Exams,0.80|0.52|0.70|0.60|0.71|0.65|0.92|0.69|0.56|0.67|0.51|0.65|0.55|0.83|0.67|0.97|0.57|0.86|0.80|0.51|0.74|0.76|0.63|0.59|0.70|0.69|0.65|0.76|0.76|0.67|0.42|0.58,Psychology,2025-11-02T11:58:26Z
SL000478,Slovak Tech,Nigeria,Slovakia,Female,21,C1,73.9,0.81,Medium,Other,0.34,0,0.7,Tutoring,1,Completed,0.61|0.76|0.50|0.55|0.90|0.45|0.67|0.80|0.74|0.80|0.71|0.69|0.66|0.76|0.46|0.64|0.85|0.80|0.72|0.54|0.58|0.67|0.69|0.65|0.61|0.81|0.77|0.99|0.73|0.82|0.96|0.98,Logistics,2025-11-02T11:58:26Z
SL000479,Comenius University Bratislava,Spain,Slovakia,Male,29,C2,67.0,0.86,Low,Married,0.28,1,0.1,None,0,Dropped Out,0.60|0.70|0.72|0.65|0.63|0.80|0.78|0.61|0.65|0.75|0.49|0.50|0.65|0.50|0.93|0.76|0.58|1.00|0.47|0.46|0.80|0.51|0.49|0.74|1.00|0.52|0.92|0.87|1.00|0.65|0.68|0.77,English Philology,2025-11-02T11:58:26Z
SL000480,Comenius University Bratislava,Pakistan,Slovakia,Male,24,C1,65.8,0.81,High,Single,0.28,0,0.6,LanguageMentor,1,Ongoing,0.85|0.78|0.69|0.82|0.69|0.64|0.83|0.75|0.56|0.52|0.82|0.64|0.93|0.94|0.62|0.66|0.69|0.80|0.65|0.93|0.73|0.67|0.69|0.76|0.66|0.65|0.93|0.91|0.73|0.83|0.71|0.79,Economics,2025-11-02T11:58:26Z
SL000481,Slovak Tech,Italy,Slovakia,Prefer not to say,28,C2,72.7,1.0,High,Single,0.34,0,0.1,None,1,Completed,0.85|0.64|0.61|0.93|0.77|0.68|0.94|0.48|0.60|0.73|0.59|0.55|0.71|0.67|0.57|0.82|0.64|0.85|0.72|0.71|0.80|0.66|0.91|0.69|0.88|0.71|0.74|0.66|0.67|0.66|0.60|0.70,Engineering,2025-11-02T11:58:26Z
SL000482,Slovak Tech,Brazil,Slovakia,Female,28,B2,69.6,0.9,High,Married,0.18,0,0.5,BuddyProgram,1,Ongoing,0.91|0.35|0.68|0.72|0.93|0.69|0.54|0.50|0.54|0.73|0.68|0.61|0.79|0.56|0.73|0.66|0.52|0.79|0.75|1.00|0.67|1.00|0.70|0.82|0.71|0.83|0.73|0.68|0.67|0.63|0.77|0.71,Engineering,2025-11-02T11:58:26Z
SL000483,Slovak Tech,Nigeria,Slovakia,Male,23,A2,80.4,0.97,Low,Other,0.13,1,0.7,None,0,Dropped Out,0.87|0.88|0.46|0.72|0.73|0.81|0.83|0.64|0.76|0.78|0.53|0.79|0.49|0.74|0.76|0.55|0.76|0.72|0.86|0.59|0.59|0.65|0.65|0.85|0.87|0.76|0.39|0.86|0.88|0.73|0.83|0.60,Computer Science,2025-11-02T11:58:26Z
SL000484,Comenius University Bratislava,Vietnam,Slovakia,Other,22,B1,60.2,0.69,High,Other,0.05,0,0.6,None,0,Failed Exams,0.88|0.76|0.59|0.69|0.79|0.96|0.73|0.63|0.57|0.78|0.63|0.89|0.75|0.68|0.62|0.72|0.65|0.70|0.85|0.81|0.88|0.59|0.85|0.83|0.86|0.57|0.56|0.58|1.00|0.58|0.84|0.65,Psychology,2025-11-02T11:58:26Z
SL000485,Slovak Tech,Sri Lanka,Slovakia,Other,26,A2,92.3,0.81,Medium,Other,0.18,0,0.6,None,0,Failed Exams,0.68|0.86|1.00|0.46|0.89|0.53|0.68|0.61|0.55|0.89|0.66|0.64|0.66|0.63|0.49|0.73|1.00|0.74|0.99|0.83|0.52|0.81|0.91|0.83|0.74|0.63|0.78|0.63|0.33|0.57|0.76|0.55,Computer Science,2025-11-02T11:58:26Z
SL000486,Slovak Tech,Pakistan,Slovakia,Prefer not to say,28,C2,80.6,0.82,Low,Other,0.1,0,0.6,Tutoring,1,Completed,0.94|0.93|0.75|0.63|0.95|0.96|0.87|0.81|0.64|0.73|0.45|0.93|0.53|0.88|0.99|0.74|0.89|0.63|0.59|0.53|0.81|0.79|0.89|0.44|0.83|0.63|0.71|0.39|0.75|0.73|0.79|0.80,Computer Science,2025-11-02T11:58:26Z
SL000487,Slovak Tech,USA,Slovakia,Female,21,C1,63.8,0.84,High,Married,0.55,0,0.3,Tutoring,1,Completed,0.60|0.71|1.00|0.65|0.60|0.72|0.97|0.92|0.69|0.75|0.76|0.92|0.62|0.72|0.64|0.86|0.97|0.69|0.69|0.77|0.48|0.72|0.80|0.61|0.71|0.80|0.58|0.74|0.73|0.54|0.67|0.75,Data Science,2025-11-02T11:58:26Z
SL000488,Comenius University Bratislava,Italy,Slovakia,Female,20,A2,70.1,0.69,High,Other,0.29,0,0.1,Tutoring,0,Failed Exams,0.72|0.91|0.75|0.77|0.73|0.96|0.91|0.66|0.59|0.82|0.80|0.73|0.91|0.99|0.81|0.75|1.00|0.64|0.71|0.87|0.74|0.70|0.70|0.89|0.92|0.63|0.77|0.65|0.63|0.79|0.66|0.67,Logistics,2025-11-02T11:58:26Z
SL000489,Comenius University Bratislava,Spain,Slovakia,Other,23,C2,74.1,0.94,Low,Married,0.18,0,0.1,None,1,Completed,0.68|0.74|0.96|0.72|0.85|0.75|0.59|0.69|0.76|0.87|0.76|0.74|0.75|1.00|0.88|0.41|0.68|0.69|0.71|0.54|0.56|0.66|0.93|0.86|0.84|0.78|0.73|0.80|0.86|0.72|0.60|0.44,Psychology,2025-11-02T11:58:26Z
SL000490,Comenius University Bratislava,USA,Slovakia,Female,21,C1,85.6,0.89,High,Other,0.12,0,0.3,BuddyProgram,0,Failed Exams,0.60|0.87|0.42|0.45|0.67|1.00|0.73|0.58|0.71|0.61|0.81|0.48|0.86|0.62|0.84|0.67|0.73|0.74|0.59|0.89|0.68|0.86|0.81|1.00|1.00|1.00|0.52|0.53|0.70|0.77|1.00|0.88,Computer Science,2025-11-02T11:58:26Z
SL000491,Comenius University Bratislava,Spain,Slovakia,Male,18,C1,71.7,0.82,Low,Married,0.35,0,0.1,LanguageMentor,1,Ongoing,0.61|0.62|0.54|0.91|0.63|0.78|0.92|0.85|0.51|0.84|0.84|0.89|0.70|0.64|0.61|0.91|0.75|0.90|0.59|0.80|0.98|0.80|0.58|0.78|0.76|0.56|0.80|0.65|0.48|0.82|0.86|0.37,Business,2025-11-02T11:58:26Z
SL000492,Comenius University Bratislava,Ukraine,Slovakia,Other,24,B1,62.5,0.93,Medium,Single,0.15,0,0.1,None,1,Completed,0.95|0.96|0.90|0.73|0.82|0.74|0.87|0.76|0.64|0.55|0.54|0.60|0.71|0.94|0.81|0.83|0.81|1.00|0.81|0.58|0.94|0.61|0.69|0.61|0.71|0.68|0.71|0.82|0.85|0.70|0.88|0.83,Data Science,2025-11-02T11:58:26Z
SL000493,Slovak Tech,Slovakia,Slovakia,Prefer not to say,20,C2,72.4,1.0,Medium,Single,0.47,0,0.1,Tutoring,1,Completed,0.64|0.67|0.79|0.64|0.63|0.75|0.62|0.76|0.65|0.77|0.81|0.95|0.81|0.68|0.65|0.69|0.71|0.78|0.73|0.73|0.63|0.76|0.66|0.66|0.76|0.57|0.53|0.90|0.48|0.63|0.47|0.65,Engineering,2025-11-02T11:58:26Z
SL000494,Comenius University Bratislava,Slovakia,Slovakia,Female,20,C1,80.1,0.85,High,Single,0.24,0,0.1,None,1,Ongoing,0.67|0.64|0.61|0.89|0.64|0.72|0.51|0.42|0.58|0.94|0.91|0.52|0.79|0.54|0.82|0.74|0.85|0.73|0.97|0.63|0.80|0.71|0.68|0.42|0.42|0.70|0.84|0.79|0.74|0.70|0.51|0.57,Engineering,2025-11-02T11:58:26Z
SL000495,Slovak Tech,Sri Lanka,Slovakia,Other,25,B1,76.9,0.78,Low,Other,0.26,0,0.6,LanguageMentor,1,Completed,0.56|0.79|0.83|0.63|0.71|0.67|0.79|0.73|0.83|0.68|0.66|0.67|0.54|0.89|0.62|0.64|0.77|0.80|0.63|1.00|0.79|0.62|0.65|0.62|0.69|0.68|0.72|0.63|0.62|0.52|0.82|0.56,Economics,2025-11-02T11:58:26Z
SL000496,Slovak Tech,Italy,Slovakia,Female,23,B2,76.4,1.0,Medium,Single,0.31,0,0.1,None,1,Completed,0.41|0.63|0.79|0.71|0.67|0.82|0.75|0.86|0.80|0.72|0.58|0.88|0.77|0.64|0.70|0.61|0.80|0.68|0.82|0.94|0.60|0.86|0.88|0.62|0.61|0.64|0.75|0.84|0.72|0.81|0.65|0.80,Logistics,2025-11-02T11:58:26Z
SL000497,Slovak Tech,Brazil,Slovakia,Other,27,C2,59.0,0.85,Medium,Other,0.46,1,0.5,None,0,Administrative Withdrawal,0.64|0.75|0.83|0.87|0.77|0.72|0.73|0.73|0.60|0.77|0.72|0.51|0.86|0.68|0.83|0.97|0.75|0.83|0.75|0.59|0.71|0.86|0.83|0.99|0.90|0.80|0.76|0.81|0.76|0.68|0.95|0.80,Computer Science,2025-11-02T11:58:26Z
SL000498,Slovak Tech,Spain,Slovakia,Other,20,B1,81.7,0.95,Low,Other,0.35,1,0.1,BuddyProgram,0,Dropped Out,0.88|0.68|0.79|0.58|0.77|0.60|0.49|0.56|0.92|0.80|0.62|0.87|0.58|0.76|0.81|0.73|0.63|0.71|0.63|0.65|0.63|0.76|0.63|0.71|1.00|0.64|0.83|0.86|0.77|0.99|0.77|0.73,Economics,2025-11-02T11:58:26Z
SL000499,Slovak Tech,Sri Lanka,Slovakia,Female,22,B1,70.2,0.69,Medium,Married,0.06,0,0.6,LanguageMentor,1,Ongoing,0.73|0.84|0.86|0.71|0.97|0.52|0.76|0.67|0.70|0.73|0.58|0.69|0.71|0.80|0.62|0.62|0.87|0.83|0.51|0.52|0.41|0.87|0.84|0.53|0.70|0.93|0.57|0.75|0.37|0.84|0.76|0.64,Data Science,2025-11-02T11:58:26Z
SL000500,Comenius University Bratislava,Pakistan,Slovakia,Other,20,C2,65.9,0.89,Medium,Other,0.56,0,0.6,BuddyProgram,1,Completed,0.90|0.72|0.61|0.70|0.66|0.74|0.86|0.62|0.68|0.75|0.55|0.78|1.00|0.90|0.91|0.81|0.77|0.71|0.71|0.60|0.77|0.63|0.56|0.71|0.89|0.73|0.75|0.71|0.74|0.78|0.73|0.84,English Philology,2025-11-02T11:58:26Z
