student_id,institution,country_home,country_host,gender,age,language_proficiency,gpa_prev,attendance_rate,socio_econ_status,marital_status,teaching_style_difference,dropout,cultural_distance,support_program,target_success,weekly_engagement,subject_field,timestamp_created
LA000001,Daugavpils University,USA,Latvia,Male,24,B2,86.7,0.88,High,Married,0.18,0,0.3,Tutoring,1,0.57|0.84|0.64|0.35|0.84|0.66|0.69|0.66|0.85|0.68|0.66|0.54|0.60|0.80|0.71|0.84|0.70|0.73|0.58|0.79|0.85|0.70|0.64|0.71|0.58|0.61|0.48|0.66|0.88|0.60|0.77|0.95,Economics,2025-11-02T11:58:25Z
LA000002,TSI Riga,Vietnam,Latvia,Prefer not to say,24,C1,70.5,0.88,High,Married,0.46,0,0.6,Tutoring,0,0.87|0.53|0.74|0.90|0.86|0.78|0.96|0.71|0.86|0.83|0.62|0.77|0.43|0.90|0.78|0.80|0.80|0.68|0.56|0.70|0.82|0.74|0.85|0.58|0.77|0.71|0.87|0.85|0.69|0.73|0.85|0.64,Psychology,2025-11-02T11:58:25Z
LA000003,TSI Riga,Latvia,Latvia,Other,21,C1,62.3,0.88,Low,Married,0.18,0,0.1,None,1,0.70|0.78|0.65|0.73|0.81|0.73|0.82|0.74|1.00|0.72|0.63|0.84|0.67|0.87|0.81|0.76|0.65|0.65|0.57|0.73|1.00|0.71|0.92|0.70|0.49|0.83|0.82|0.64|0.59|0.68|0.73|0.69,Psychology,2025-11-02T11:58:25Z
LA000004,TSI Riga,Italy,Latvia,Male,25,B1,73.1,0.94,Medium,Other,0.16,0,0.1,LanguageMentor,1,0.54|0.84|0.62|0.88|0.74|0.70|0.79|0.71|0.80|0.66|0.75|0.75|0.61|0.83|0.91|0.78|0.88|0.51|0.79|0.78|0.81|0.71|0.98|0.86|0.51|0.66|0.92|0.62|0.83|0.79|0.75|0.86,Logistics,2025-11-02T11:58:25Z
LA000005,Daugavpils University,Italy,Latvia,Other,24,C1,74.4,0.79,High,Married,0.28,0,0.1,LanguageMentor,1,0.57|0.80|0.64|0.63|0.74|1.00|0.70|0.62|0.74|0.57|0.71|0.71|0.74|0.72|0.79|0.69|0.56|0.72|0.72|0.60|0.68|0.36|0.57|0.61|0.81|0.75|0.47|0.60|0.60|0.61|0.86|0.83,English Philology,2025-11-02T11:58:25Z
LA000006,Daugavpils University,Sri Lanka,Latvia,Female,24,B2,52.9,0.95,Low,Married,0.14,0,0.6,None,1,0.72|0.72|0.70|0.78|0.59|0.87|0.89|0.81|0.52|0.67|0.81|0.60|0.81|0.92|0.63|0.83|0.70|0.58|0.59|0.65|0.77|0.44|0.72|0.90|0.76|1.00|0.59|0.78|0.98|0.82|0.80|0.66,Data Science,2025-11-02T11:58:25Z
LA000007,TSI Riga,Nigeria,Latvia,Other,23,C1,68.6,0.94,Medium,Single,0.39,0,0.7,None,1,0.68|0.65|0.54|0.48|0.69|0.86|0.76|0.77|0.78|0.64|0.82|0.53|0.67|0.64|0.71|0.70|0.67|0.75|0.83|0.66|0.57|0.79|1.00|0.87|0.81|0.66|0.75|0.65|0.83|0.74|0.63|0.80,Engineering,2025-11-02T11:58:25Z
LA000008,TSI Riga,Slovakia,Latvia,Prefer not to say,27,C2,66.8,0.83,Medium,Other,0.1,1,0.1,LanguageMentor,0,0.82|0.90|0.76|0.67|0.84|0.78|0.74|0.65|0.73|0.60|0.43|0.76|0.64|0.60|0.55|0.84|0.74|0.95|0.73|0.40|0.82|0.80|0.57|0.58|0.73|0.71|0.71|0.78|1.00|0.52|0.73|0.56,Business,2025-11-02T11:58:25Z
LA000009,Daugavpils University,India,Latvia,Male,20,C2,74.7,0.99,Low,Single,0.22,0,0.6,BuddyProgram,1,0.70|0.65|0.91|0.87|0.70|0.62|0.54|0.70|0.70|0.87|0.63|0.52|0.84|0.81|0.76|0.78|0.63|0.74|0.52|0.78|0.65|0.81|0.75|0.80|0.92|0.74|0.86|0.66|0.49|0.67|0.81|0.73,Data Science,2025-11-02T11:58:25Z
LA000010,Daugavpils University,Spain,Latvia,Prefer not to say,21,C1,72,0.83,Medium,Married,0.05,0,0.1,LanguageMentor,1,0.68|0.86|0.68|0.79|0.80|0.68|0.65|0.51|1.00|0.70|0.94|0.72|0.68|0.60|1.00|0.79|0.61|0.64|0.50|0.91|0.56|0.80|1.00|0.84|0.68|0.69|0.71|0.54|0.80|0.79|0.85|0.94,Economics,2025-11-02T11:58:25Z
LA000011,Daugavpils University,Sri Lanka,Latvia,Other,25,C2,62.1,1,Medium,Single,0.29,0,0.6,LanguageMentor,1,0.69|0.60|0.76|0.68|0.82|0.85|0.53|0.84|0.88|0.59|0.87|0.72|0.71|0.79|0.76|0.53|0.63|0.69|0.80|0.87|0.69|0.75|0.68|0.58|0.61|0.63|0.93|0.78|0.82|0.94|0.85|0.81,Engineering,2025-11-02T11:58:25Z
LA000012,Daugavpils University,Bangladesh,Latvia,Other,18,A2,66.9,0.93,Low,Other,0.25,1,0.6,None,0,0.83|0.83|0.66|0.64|0.65|0.77|0.67|0.64|0.90|0.74|0.85|0.71|0.94|0.58|0.83|0.52|0.57|0.88|0.83|0.65|0.75|0.73|0.81|0.79|0.92|1.00|0.87|0.89|0.39|0.73|0.66|0.58,English Philology,2025-11-02T11:58:25Z
LA000013,TSI Riga,Pakistan,Latvia,Male,22,C2,61.4,0.92,High,Married,0.25,0,0.6,LanguageMentor,1,0.67|0.93|0.64|0.76|0.76|0.57|0.81|0.73|0.68|0.74|0.53|0.76|0.74|0.79|0.75|0.74|0.50|0.75|0.94|0.68|0.73|0.78|0.91|0.81|0.75|0.64|0.77|0.60|0.60|0.72|0.80|0.75,Computer Science,2025-11-02T11:58:25Z
LA000014,Daugavpils University,Brazil,Latvia,Male,24,A2,64.5,0.9,Medium,Other,0.4,0,0.5,LanguageMentor,1,0.64|0.57|0.60|0.85|0.92|0.78|0.73|0.80|0.81|0.65|0.97|0.52|0.54|0.69|0.62|0.72|0.73|0.75|0.76|0.84|0.53|0.57|0.89|0.54|0.67|0.71|0.67|0.72|0.80|0.54|0.66|0.67,Economics,2025-11-02T11:58:25Z
LA000015,Daugavpils University,Vietnam,Latvia,Other,28,A2,82.5,0.98,Low,Married,0.34,0,0.6,LanguageMentor,0,0.74|0.53|0.59|0.94|0.86|0.54|0.58|0.60|0.88|0.82|0.79|0.67|0.90|0.75|0.91|0.53|0.81|0.79|0.70|0.96|0.72|0.81|0.64|0.99|0.73|0.79|0.55|0.54|0.82|0.69|0.54|0.52,Business,2025-11-02T11:58:25Z
LA000016,Daugavpils University,Spain,Latvia,Other,24,C1,78.8,0.93,Medium,Single,0.01,1,0.1,None,0,0.97|0.68|0.69|0.64|0.77|0.75|0.62|0.76|0.72|0.78|1.00|0.80|0.31|0.55|0.93|0.72|0.53|0.65|0.79|0.81|0.70|0.81|0.68|0.68|0.79|0.79|0.73|0.77|0.54|0.81|0.99|0.73,Engineering,2025-11-02T11:58:25Z
LA000017,TSI Riga,Ukraine,Latvia,Male,28,A2,62.5,0.97,Medium,Other,0.22,0,0.1,Tutoring,1,0.71|0.69|0.75|0.85|0.65|0.56|0.76|0.64|0.82|0.87|0.70|0.53|0.64|0.87|0.81|0.75|0.67|0.39|0.87|0.82|0.79|0.72|0.88|0.78|0.83|0.66|0.96|0.77|0.71|0.84|0.56|0.87,Economics,2025-11-02T11:58:25Z
LA000018,Daugavpils University,USA,Latvia,Other,20,C1,67.9,0.87,Medium,Other,0.43,0,0.3,BuddyProgram,0,0.59|0.86|0.84|0.39|0.61|0.62|0.67|0.74|0.66|0.85|0.63|0.69|0.75|0.58|0.75|0.72|0.71|0.57|0.48|0.70|1.00|0.73|0.90|0.79|0.66|0.70|0.48|0.84|0.93|0.94|0.79|0.75,English Philology,2025-11-02T11:58:25Z
LA000019,TSI Riga,Brazil,Latvia,Female,27,B2,80.2,0.99,Low,Married,0.29,1,0.5,Counseling,0,0.86|0.56|0.83|0.84|0.91|0.76|0.83|0.46|0.75|0.64|0.76|0.87|0.88|0.68|0.78|0.94|0.90|0.79|0.66|0.58|0.44|0.71|0.49|0.64|0.86|0.93|0.91|0.65|0.77|0.86|0.76|0.86,Engineering,2025-11-02T11:58:25Z
LA000020,TSI Riga,Italy,Latvia,Male,21,B2,58.8,1,Low,Other,0.35,0,0.1,None,1,0.66|0.85|0.68|0.63|0.51|0.97|0.99|0.48|0.56|0.72|0.88|0.68|0.89|0.80|0.64|0.69|0.74|0.63|0.37|0.44|0.82|0.79|0.86|0.68|0.68|1.00|0.75|0.68|0.92|0.90|0.71|0.76,Engineering,2025-11-02T11:58:25Z
LA000021,Daugavpils University,Vietnam,Latvia,Male,24,B1,85.4,0.88,Medium,Other,0.51,1,0.6,LanguageMentor,0,0.81|0.79|0.72|0.75|0.87|0.82|0.76|0.89|0.61|0.77|0.99|0.52|0.88|0.78|0.95|0.64|0.79|0.91|0.87|0.57|0.78|0.62|0.81|0.77|0.72|0.96|0.94|0.77|0.73|0.90|0.63|0.78,English Philology,2025-11-02T11:58:25Z
LA000022,TSI Riga,Vietnam,Latvia,Prefer not to say,18,B2,72.1,1,Medium,Other,0.5,0,0.6,LanguageMentor,1,0.80|1.00|0.60|0.71|0.87|0.64|0.72|0.93|0.62|0.60|0.89|0.79|0.70|0.61|0.85|0.50|0.68|0.65|0.81|1.00|0.87|0.54|0.88|0.71|0.75|0.71|0.58|0.53|0.77|0.99|0.88|0.91,Data Science,2025-11-02T11:58:25Z
LA000023,TSI Riga,USA,Latvia,Male,26,B2,87.3,0.88,High,Married,0.43,1,0.3,Counseling,0,0.65|0.57|0.68|0.96|0.59|0.87|0.98|0.78|0.73|0.67|0.71|0.65|0.75|0.79|0.84|0.76|0.66|0.74|0.60|0.66|0.86|0.65|0.64|1.00|0.84|0.58|0.75|0.74|0.63|0.69|0.65|0.65,Computer Science,2025-11-02T11:58:25Z
LA000024,Daugavpils University,Pakistan,Latvia,Male,24,C2,66.8,0.87,Low,Single,0.19,0,0.6,LanguageMentor,1,0.97|0.76|0.83|0.79|0.70|0.56|0.85|0.61|0.73|0.93|0.71|0.65|0.67|0.90|0.73|0.76|0.64|0.62|0.83|0.80|1.00|0.56|0.85|0.53|0.85|0.57|0.55|0.76|0.70|0.72|0.83|0.92,Data Science,2025-11-02T11:58:25Z
LA000025,Daugavpils University,Pakistan,Latvia,Female,23,B2,71.6,0.86,Medium,Married,0.01,0,0.6,Tutoring,0,0.78|0.90|0.52|0.63|0.72|0.98|0.84|0.47|0.73|0.90|0.54|0.69|0.62|0.46|0.66|0.79|0.63|0.74|0.92|0.62|0.80|0.80|0.61|0.61|0.88|0.81|0.71|0.84|0.69|0.71|0.42|0.56,English Philology,2025-11-02T11:58:25Z
LA000026,Daugavpils University,Spain,Latvia,Other,26,B1,70.1,1,Low,Single,0.25,1,0.1,None,0,0.93|0.80|0.53|0.52|0.73|0.84|0.81|0.77|0.95|0.85|0.76|0.81|0.83|0.69|0.67|0.55|0.81|0.70|0.57|0.89|0.59|0.68|0.60|0.90|0.75|0.98|0.78|0.65|0.68|0.78|0.74|0.89,Business,2025-11-02T11:58:25Z
LA000027,TSI Riga,Brazil,Latvia,Female,22,B2,62.1,1,Medium,Single,0.18,0,0.5,LanguageMentor,1,0.52|0.73|0.54|0.80|0.60|0.92|0.77|0.76|0.73|0.77|0.46|0.53|0.87|0.88|0.67|0.77|0.48|0.83|0.84|0.62|0.89|0.75|0.72|0.95|0.81|0.64|0.62|0.68|0.64|0.92|0.46|0.71,Economics,2025-11-02T11:58:25Z
LA000028,Daugavpils University,Slovakia,Latvia,Other,25,B1,53.7,0.96,High,Single,0.37,0,0.1,BuddyProgram,1,0.69|0.80|0.84|0.54|0.72|0.96|0.69|0.84|0.89|0.65|0.90|0.57|0.85|0.77|0.64|0.49|0.87|0.64|0.55|0.85|0.86|0.78|0.41|0.59|1.00|0.80|0.77|0.78|0.65|0.73|0.61|0.97,Logistics,2025-11-02T11:58:25Z
LA000029,TSI Riga,Spain,Latvia,Male,24,B1,84.1,0.92,Medium,Other,0.41,0,0.1,None,1,0.80|0.72|0.62|0.40|0.89|0.64|0.73|0.68|0.68|0.66|0.55|0.49|0.91|1.00|0.65|0.90|0.87|0.69|0.83|0.84|0.74|0.77|0.35|0.87|0.96|0.53|0.94|0.70|0.46|0.94|0.67|0.54,Psychology,2025-11-02T11:58:25Z
LA000030,TSI Riga,Sri Lanka,Latvia,Other,28,C1,76,0.96,Low,Other,0.64,0,0.6,None,1,0.98|0.77|0.66|0.70|0.93|0.76|0.53|0.75|0.64|0.55|0.86|0.78|0.77|0.62|0.62|0.61|0.51|0.50|0.36|0.44|0.37|0.47|0.44|0.41|0.72|0.57|0.96|0.84|0.63|0.67|0.67|0.85,Logistics,2025-11-02T11:58:25Z
LA000031,TSI Riga,Latvia,Latvia,Other,30,C1,65.3,0.87,Medium,Other,0.15,0,0.1,None,1,0.95|0.86|0.86|0.96|0.81|0.81|0.52|0.56|0.88|0.99|0.96|0.63|0.83|0.54|0.56|0.66|0.67|0.58|0.79|0.77|0.71|0.66|0.69|0.77|0.72|0.94|0.71|0.70|0.67|0.99|0.72|0.53,English Philology,2025-11-02T11:58:25Z
LA000032,Daugavpils University,Brazil,Latvia,Other,23,A2,58.5,0.94,Medium,Married,0.45,0,0.5,LanguageMentor,0,0.69|0.80|0.75|0.80|0.82|0.64|0.89|0.62|0.73|0.65|0.47|0.66|0.54|0.49|0.83|0.77|0.90|0.80|0.72|0.75|0.73|0.57|0.86|0.79|0.56|0.77|1.00|0.56|0.84|0.84|0.65|0.88,Psychology,2025-11-02T11:58:25Z
LA000033,TSI Riga,Sri Lanka,Latvia,Male,27,B1,70.4,0.89,Medium,Married,0.51,0,0.6,None,1,0.78|0.91|0.92|0.66|0.64|0.66|0.74|0.37|0.82|0.67|0.98|0.89|0.69|0.88|0.92|0.77|0.88|0.72|0.57|0.73|0.79|0.90|0.61|0.69|0.58|0.63|0.79|0.43|0.79|0.79|0.70|0.56,Engineering,2025-11-02T11:58:25Z
LA000034,TSI Riga,Vietnam,Latvia,Male,21,C1,64.7,0.9,Low,Single,0.1,0,0.6,LanguageMentor,0,0.70|0.55|0.69|0.85|0.82|0.85|0.82|0.81|0.76|0.67|0.61|0.58|0.84|0.57|0.80|0.85|1.00|0.78|0.97|0.54|0.94|0.54|0.78|0.62|0.90|1.00|0.60|0.95|0.64|0.90|0.66|0.84,Computer Science,2025-11-02T11:58:25Z
LA000035,TSI Riga,Vietnam,Latvia,Other,19,C2,67.7,0.73,Medium,Married,0.39,1,0.6,Counseling,0,0.71|0.76|0.78|0.72|0.68|0.64|0.56|0.88|1.00|0.78|0.92|0.81|0.57|0.66|0.90|0.80|0.65|0.66|0.78|0.70|0.74|0.52|0.86|0.94|0.71|0.40|0.76|0.81|0.80|0.96|0.59|0.63,Economics,2025-11-02T11:58:25Z
LA000036,TSI Riga,Bangladesh,Latvia,Female,25,C2,52.1,0.89,High,Single,0.28,0,0.6,BuddyProgram,1,0.92|0.54|0.88|0.67|0.97|0.76|0.74|0.70|0.99|0.41|0.83|0.74|0.76|0.70|0.52|0.79|0.53|0.44|0.71|0.66|0.84|0.69|0.61|0.71|0.90|0.59|0.95|0.87|0.75|0.43|0.51|0.71,English Philology,2025-11-02T11:58:25Z
LA000037,TSI Riga,Ukraine,Latvia,Other,26,A2,71.3,0.75,Low,Married,0.23,0,0.1,LanguageMentor,0,0.78|0.81|0.84|0.59|0.70|1.00|0.75|0.79|0.81|0.81|0.88|0.74|0.76|0.52|0.59|0.49|0.60|0.93|0.67|0.60|0.88|0.57|0.55|0.73|0.49|0.84|0.70|0.81|0.86|0.76|0.64|0.65,English Philology,2025-11-02T11:58:25Z
LA000038,Daugavpils University,Bangladesh,Latvia,Prefer not to say,23,B1,90.9,1,Medium,Married,0.17,0,0.6,None,1,0.47|0.44|0.54|0.74|0.70|0.66|0.78|0.87|0.63|1.00|0.72|0.66|0.71|0.84|0.66|0.76|0.76|0.72|0.83|0.76|0.67|0.89|0.80|0.80|0.76|0.79|0.64|0.77|0.81|0.69|0.76|0.77,Data Science,2025-11-02T11:58:25Z
LA000039,TSI Riga,Sri Lanka,Latvia,Female,25,B2,80.8,0.83,High,Single,0.2,1,0.6,LanguageMentor,0,0.62|0.66|0.66|0.86|0.78|0.82|0.64|0.56|0.43|0.65|0.63|0.76|0.58|0.90|0.58|0.85|0.79|0.68|0.74|0.88|0.67|0.63|0.79|0.55|0.49|0.78|0.85|0.73|0.65|0.93|0.74|0.93,Engineering,2025-11-02T11:58:25Z
LA000040,TSI Riga,Ukraine,Latvia,Female,26,B2,75.1,0.89,High,Other,0.46,0,0.1,None,1,0.67|0.69|0.78|0.86|0.75|0.58|0.64|0.56|0.72|0.66|0.64|0.78|0.72|0.86|0.56|0.81|0.72|0.76|1.00|0.87|0.64|0.61|0.68|0.64|0.76|0.62|0.85|0.67|0.80|0.95|0.56|0.79,English Philology,2025-11-02T11:58:25Z
LA000041,Daugavpils University,Pakistan,Latvia,Female,21,B1,74.8,0.85,Medium,Single,0.41,0,0.6,Counseling,1,0.51|0.50|0.61|0.52|0.60|0.75|0.68|0.76|0.86|0.70|0.84|0.68|0.54|0.75|0.64|0.79|0.63|0.52|0.70|0.86|0.71|0.77|0.89|0.70|0.71|0.71|0.64|0.47|0.67|0.81|0.75|0.93,Business,2025-11-02T11:58:25Z
LA000042,Daugavpils University,India,Latvia,Prefer not to say,28,C1,58.6,0.95,High,Single,0.12,1,0.6,None,0,0.48|0.78|0.42|0.95|0.67|0.43|0.57|0.56|0.77|0.74|0.70|0.77|0.71|0.68|0.51|0.63|0.85|0.82|0.70|0.78|0.67|0.73|0.72|0.78|0.70|0.61|0.79|0.94|0.76|0.36|0.42|0.78,Engineering,2025-11-02T11:58:25Z
LA000043,TSI Riga,India,Latvia,Male,22,B2,69.1,0.9,High,Single,0.68,0,0.6,None,1,0.82|0.59|0.90|0.72|0.49|0.83|0.84|0.83|0.45|0.55|0.87|0.63|0.74|0.77|0.70|0.86|0.59|0.36|0.70|0.74|0.76|0.34|0.56|0.60|0.90|0.70|0.77|0.79|0.70|0.84|0.66|0.74,English Philology,2025-11-02T11:58:25Z
LA000044,Daugavpils University,Sri Lanka,Latvia,Male,22,B2,61.2,0.73,Medium,Other,0.17,1,0.6,Tutoring,0,0.76|0.89|0.38|0.51|0.74|0.90|0.66|0.62|0.52|0.65|0.75|0.86|0.84|0.91|0.76|0.74|0.71|0.77|0.66|0.92|0.59|0.85|0.81|0.58|0.66|0.82|0.69|0.72|0.89|0.70|0.65|0.55,Computer Science,2025-11-02T11:58:25Z
LA000045,Daugavpils University,Brazil,Latvia,Female,22,B1,72.2,0.82,Low,Other,0.24,0,0.5,None,1,0.83|0.72|0.50|0.77|0.52|0.56|0.84|0.71|0.82|1.00|0.67|0.67|0.78|0.81|0.88|0.61|0.78|0.84|0.71|0.85|0.65|0.87|0.78|0.69|0.58|0.87|0.86|0.73|0.82|0.60|0.79|0.76,Engineering,2025-11-02T11:58:25Z
LA000046,TSI Riga,Vietnam,Latvia,Other,27,B2,72.7,0.97,Low,Single,0.37,0,0.6,None,1,0.79|0.58|0.81|0.67|0.71|0.59|0.61|0.61|0.53|0.73|0.56|0.64|0.80|0.71|0.73|0.81|0.79|0.65|0.69|0.73|0.89|0.77|0.73|0.63|0.75|0.62|0.84|0.61|0.69|0.78|0.82|0.83,Psychology,2025-11-02T11:58:25Z
LA000047,Daugavpils University,Slovakia,Latvia,Male,22,C2,83.3,0.93,Low,Married,0.43,0,0.1,LanguageMentor,1,0.61|0.86|0.89|0.60|0.49|0.70|0.61|0.57|0.74|0.72|0.72|0.79|0.78|0.81|0.85|0.73|0.53|0.93|0.71|0.87|0.92|0.89|0.78|0.69|0.83|0.75|0.48|0.69|0.83|0.71|0.66|0.80,Economics,2025-11-02T11:58:25Z
LA000048,Daugavpils University,Bangladesh,Latvia,Male,22,C1,69.7,0.99,Low,Other,0.3,0,0.6,None,1,0.63|0.83|0.53|0.70|0.55|0.62|0.93|0.51|0.62|0.46|0.74|0.92|0.78|0.72|0.80|0.51|0.67|0.60|0.69|0.77|0.56|0.83|0.62|0.78|0.75|0.79|0.73|0.76|0.76|0.72|0.79|0.77,Economics,2025-11-02T11:58:25Z
LA000049,Daugavpils University,USA,Latvia,Male,18,B1,76,0.98,Low,Single,0.17,1,0.3,None,0,0.68|0.85|0.74|0.68|0.75|0.68|0.59|0.79|0.65|0.59|0.55|0.65|0.64|0.68|0.72|0.69|0.63|0.43|0.57|0.72|0.84|0.54|0.53|0.77|0.73|0.82|0.50|0.78|0.53|0.73|0.78|0.55,Economics,2025-11-02T11:58:25Z
LA000050,Daugavpils University,Brazil,Latvia,Other,26,C2,86.4,0.81,Low,Other,0.22,0,0.5,None,1,0.85|0.81|0.91|0.92|0.83|0.45|0.45|0.66|0.57|0.69|0.53|0.64|0.79|0.60|0.87|0.41|0.66|0.94|0.67|0.82|0.72|0.77|0.94|0.79|0.80|0.79|0.65|0.77|0.83|0.69|0.69|0.74,Logistics,2025-11-02T11:58:25Z
LA000051,TSI Riga,Italy,Latvia,Male,26,A2,68.1,0.96,Low,Married,0.19,0,0.1,None,1,0.73|0.77|0.72|0.72|0.84|0.98|0.51|0.71|0.77|0.68|0.70|0.86|0.73|0.49|0.73|0.68|0.80|0.84|0.54|0.75|0.68|0.71|0.56|0.76|0.67|0.61|0.83|0.60|0.76|0.57|0.78|0.64,Engineering,2025-11-02T11:58:25Z
LA000052,Daugavpils University,Slovakia,Latvia,Male,19,C2,73.7,0.87,High,Other,0.27,1,0.1,Tutoring,0,0.84|0.71|0.74|0.45|0.68|0.99|0.77|0.93|0.83|0.61|0.78|0.82|0.65|1.00|0.58|0.64|0.71|0.63|0.57|0.90|0.87|0.57|0.73|0.74|0.70|0.70|0.83|0.78|0.85|0.85|0.78|0.82,Economics,2025-11-02T11:58:25Z
LA000053,TSI Riga,Slovakia,Latvia,Female,24,C2,81.3,0.78,Medium,Single,0.45,0,0.1,BuddyProgram,0,0.67|0.73|0.56|0.80|0.60|0.53|0.63|0.66|0.63|0.76|0.91|0.89|0.70|0.67|0.79|0.64|0.68|0.75|0.70|0.71|1.00|0.91|0.74|0.85|0.69|0.87|0.82|0.78|0.87|0.82|0.88|0.65,English Philology,2025-11-02T11:58:25Z
LA000054,Daugavpils University,Slovakia,Latvia,Male,24,B1,73.4,0.79,High,Other,0.27,0,0.1,Tutoring,1,0.72|0.70|0.67|0.81|0.75|0.66|0.60|0.57|0.66|0.60|0.75|0.83|0.67|0.66|0.65|1.00|0.49|0.96|0.73|0.56|0.67|0.63|0.73|0.63|0.63|0.84|0.74|0.68|0.55|0.77|0.52|0.67,Business,2025-11-02T11:58:25Z
LA000055,TSI Riga,Bangladesh,Latvia,Prefer not to say,22,C1,73.6,0.74,Medium,Single,0.21,1,0.6,LanguageMentor,0,0.57|0.76|0.70|0.76|0.93|0.74|0.61|0.84|0.66|0.57|0.65|0.84|0.85|0.36|0.80|0.61|0.84|0.72|0.56|0.45|0.82|0.79|0.83|0.58|0.68|0.65|0.59|0.67|0.69|0.72|0.99|0.75,Logistics,2025-11-02T11:58:25Z
LA000056,Daugavpils University,Slovakia,Latvia,Female,25,B1,65.1,0.99,Low,Married,0.49,1,0.1,None,0,0.65|0.56|0.79|0.99|0.70|1.00|0.88|0.72|0.64|0.89|0.79|0.75|0.55|0.50|0.70|0.49|0.67|0.51|0.95|0.60|0.69|0.75|0.79|0.89|0.77|0.33|0.74|0.76|0.64|0.59|0.86|0.79,Logistics,2025-11-02T11:58:25Z
LA000057,Daugavpils University,Ukraine,Latvia,Other,25,B1,68.7,0.87,Low,Single,0.35,0,0.1,Tutoring,1,0.54|0.91|0.82|0.78|0.59|0.60|0.76|0.61|0.64|0.49|0.87|0.52|0.73|0.82|1.00|0.85|0.62|0.79|0.75|0.65|0.53|0.68|0.83|0.61|0.66|0.77|0.85|0.77|0.46|0.81|0.59|0.93,Psychology,2025-11-02T11:58:25Z
LA000058,Daugavpils University,India,Latvia,Male,25,B1,62.3,0.84,High,Single,0.23,0,0.6,LanguageMentor,1,0.60|0.76|0.89|0.68|0.66|0.81|0.87|0.81|0.83|0.67|0.81|0.74|0.62|0.86|0.79|0.42|0.41|0.92|0.33|0.84|0.70|0.70|0.69|0.81|0.75|0.73|0.85|0.75|0.61|0.77|0.55|0.87,Psychology,2025-11-02T11:58:25Z
LA000059,TSI Riga,Latvia,Latvia,Prefer not to say,21,C1,76,0.84,High,Single,0.23,1,0.1,None,0,0.79|0.70|0.77|0.77|0.59|0.64|0.67|0.49|0.86|0.68|0.56|0.57|0.70|0.66|0.88|0.67|0.44|0.82|0.54|0.76|0.62|0.89|0.72|0.84|0.86|0.62|0.70|0.81|0.83|0.80|0.63|0.64,Psychology,2025-11-02T11:58:25Z
LA000060,TSI Riga,Nigeria,Latvia,Other,26,C2,61.4,1,Low,Married,0.27,0,0.7,None,0,0.90|0.72|0.72|0.79|0.63|0.61|0.87|0.77|0.97|0.72|0.58|0.59|0.61|0.68|0.74|0.69|0.65|0.57|0.70|0.71|0.64|0.47|0.65|0.66|0.81|0.74|0.83|0.98|0.81|0.60|0.79|0.78,Business,2025-11-02T11:58:25Z
LA000061,TSI Riga,Ukraine,Latvia,Other,23,B1,66.5,1,Low,Other,0.1,0,0.1,Tutoring,1,0.54|0.81|1.00|0.81|0.68|0.69|0.69|0.53|0.85|0.70|0.84|0.70|0.66|0.91|0.73|0.72|0.92|0.62|0.81|0.79|0.82|0.73|0.76|0.70|1.00|0.68|0.68|0.41|0.68|0.66|0.65|0.73,Economics,2025-11-02T11:58:25Z
LA000062,Daugavpils University,Brazil,Latvia,Male,24,C1,80.9,0.91,High,Other,0.47,0,0.5,Tutoring,1,0.75|0.87|0.90|0.67|0.66|0.84|0.60|0.74|0.69|0.83|0.63|0.52|0.64|0.62|0.87|0.65|0.77|0.52|0.69|0.84|0.82|0.70|0.86|0.55|0.68|0.77|0.78|0.74|0.58|0.74|0.77|0.71,Computer Science,2025-11-02T11:58:25Z
LA000063,Daugavpils University,Brazil,Latvia,Prefer not to say,25,A2,82.5,0.93,High,Single,0.37,0,0.5,LanguageMentor,1,0.85|0.65|0.89|0.72|0.63|0.66|0.72|0.49|0.66|0.66|0.70|0.91|0.79|0.59|0.98|0.85|0.71|0.69|0.92|0.84|0.90|0.77|0.68|0.79|0.85|0.79|0.60|0.70|0.58|0.84|0.94|0.54,Data Science,2025-11-02T11:58:25Z
LA000064,TSI Riga,Slovakia,Latvia,Other,21,C1,56.8,0.9,Medium,Single,0.04,0,0.1,None,1,0.51|0.64|0.75|0.47|0.78|0.81|0.79|0.52|0.89|0.79|0.63|0.89|0.66|0.98|0.87|0.70|0.65|0.88|0.87|0.72|0.51|0.60|0.81|0.77|0.52|0.66|0.85|0.86|0.78|0.65|0.60|0.77,Engineering,2025-11-02T11:58:25Z
LA000065,TSI Riga,USA,Latvia,Other,19,C2,62.7,0.85,High,Single,0.41,0,0.3,None,1,0.83|0.73|0.64|0.62|0.81|0.63|0.64|0.72|0.70|0.74|0.84|0.71|0.49|0.84|0.51|0.83|0.70|0.76|0.90|0.81|0.70|0.67|0.67|0.49|0.54|0.83|0.61|0.79|0.83|0.86|0.72|0.71,English Philology,2025-11-02T11:58:25Z
LA000066,Daugavpils University,Brazil,Latvia,Prefer not to say,26,B1,82.7,0.93,Medium,Married,0.54,0,0.5,LanguageMentor,1,0.87|0.56|0.92|0.79|0.86|0.67|0.63|0.90|0.58|0.57|0.72|0.67|0.99|0.74|0.73|0.74|0.88|0.55|0.60|0.76|0.97|0.70|1.00|0.73|0.93|0.82|0.62|0.71|0.89|0.54|0.80|0.78,Economics,2025-11-02T11:58:25Z
LA000067,TSI Riga,Slovakia,Latvia,Female,26,B1,78.5,0.87,Medium,Single,0.35,1,0.1,BuddyProgram,0,0.92|0.87|0.72|0.53|0.45|0.83|0.73|0.83|0.53|0.69|0.87|0.54|0.66|0.73|0.83|0.95|0.80|0.77|0.76|0.83|0.49|0.57|0.66|0.64|0.83|0.67|0.88|0.84|0.83|0.92|0.68|0.62,Economics,2025-11-02T11:58:25Z
LA000068,Daugavpils University,Brazil,Latvia,Male,30,C2,71.7,0.74,High,Single,0.49,0,0.5,None,1,0.64|0.67|0.72|0.81|0.92|0.79|0.65|0.76|0.74|0.56|0.75|0.84|0.81|0.67|0.77|0.59|0.78|0.79|0.82|0.84|0.70|0.69|0.60|0.63|0.65|0.77|0.72|0.99|0.77|0.75|0.98|0.69,Engineering,2025-11-02T11:58:25Z
LA000069,TSI Riga,Nigeria,Latvia,Other,31,A2,79.4,0.9,High,Single,0.27,0,0.7,BuddyProgram,1,0.66|0.51|0.83|0.86|0.73|0.75|0.74|0.84|0.62|0.88|0.84|0.86|0.83|0.61|0.77|0.60|0.72|0.71|0.66|0.82|0.74|0.76|0.99|0.55|0.54|0.83|1.00|0.76|0.64|0.75|0.75|0.78,Business,2025-11-02T11:58:25Z
LA000070,Daugavpils University,Pakistan,Latvia,Prefer not to say,20,C2,68.8,0.85,High,Single,0.34,0,0.6,LanguageMentor,1,0.47|0.69|0.86|0.75|0.61|0.74|0.86|0.81|0.92|0.74|0.78|0.77|0.81|0.62|0.60|0.50|0.79|0.67|0.84|0.49|0.70|0.46|0.86|0.73|0.70|0.74|0.69|0.82|0.44|0.49|0.49|0.85,Economics,2025-11-02T11:58:25Z
LA000071,Daugavpils University,Ukraine,Latvia,Other,31,B1,69.1,0.9,High,Single,0.08,0,0.1,BuddyProgram,1,0.94|0.69|0.72|0.85|0.73|0.56|0.83|0.86|0.84|0.82|0.92|0.56|0.81|0.77|0.66|0.69|0.79|0.71|0.79|0.94|1.00|0.73|0.70|0.60|0.57|0.83|0.83|0.68|0.83|0.67|0.88|0.89,Logistics,2025-11-02T11:58:25Z
LA000072,Daugavpils University,Italy,Latvia,Other,19,B2,72.2,0.9,High,Single,0.24,0,0.1,BuddyProgram,0,0.84|0.71|0.85|0.65|0.60|0.98|0.87|0.80|0.72|0.42|0.73|0.61|0.68|0.55|0.72|0.86|0.58|0.78|0.86|0.34|0.70|0.87|0.78|0.73|0.65|0.76|0.68|0.65|0.69|0.65|0.83|0.65,Engineering,2025-11-02T11:58:25Z
LA000073,Daugavpils University,Ukraine,Latvia,Female,22,B1,73.3,0.86,High,Single,0.04,0,0.1,LanguageMentor,1,0.71|0.89|0.76|0.74|1.00|0.71|0.81|0.71|0.93|0.77|0.75|0.59|0.92|0.94|0.43|0.73|1.00|0.69|0.73|0.56|0.81|0.92|0.83|0.62|0.75|0.78|0.70|0.67|0.69|0.54|1.00|0.74,Economics,2025-11-02T11:58:25Z
LA000074,TSI Riga,Latvia,Latvia,Male,21,C2,76.9,0.86,Medium,Single,0.55,0,0.1,BuddyProgram,0,0.71|0.78|0.96|0.74|0.78|0.94|0.95|0.65|0.79|0.76|0.81|0.83|1.00|0.79|0.97|0.80|0.50|0.97|0.74|0.72|0.71|0.85|0.82|0.73|0.58|0.88|0.85|1.00|0.75|0.79|0.82|0.85,Psychology,2025-11-02T11:58:25Z
LA000075,Daugavpils University,India,Latvia,Other,25,C1,76.9,0.92,High,Married,0.23,0,0.6,LanguageMentor,0,0.55|0.65|0.80|0.60|0.75|0.88|0.97|0.60|0.94|0.54|0.80|0.76|0.81|0.71|0.67|0.83|0.69|0.40|0.87|0.45|0.45|0.46|0.65|0.70|0.82|0.67|0.90|0.68|0.71|0.56|0.72|0.87,Computer Science,2025-11-02T11:58:25Z
LA000076,TSI Riga,Bangladesh,Latvia,Male,24,B1,98.7,0.86,High,Married,0.27,1,0.6,LanguageMentor,0,0.60|0.65|0.52|0.53|0.54|0.56|0.78|0.72|0.48|0.68|0.61|1.00|0.81|0.58|0.53|0.68|0.59|1.00|0.73|0.94|0.80|0.69|0.64|0.76|0.94|0.73|0.79|0.67|0.87|0.78|0.97|1.00,Business,2025-11-02T11:58:25Z
LA000077,TSI Riga,Latvia,Latvia,Female,26,A2,83.1,0.7,Low,Other,0.03,0,0.1,None,0,0.67|0.84|0.55|0.66|0.65|0.79|0.72|0.85|0.59|0.82|0.85|0.71|0.96|0.90|0.99|0.80|0.72|0.69|0.85|0.78|0.67|0.91|0.82|0.80|0.87|0.84|0.73|0.67|0.52|0.67|0.60|0.66,Economics,2025-11-02T11:58:25Z
LA000078,TSI Riga,Slovakia,Latvia,Other,24,B1,77.8,0.98,Medium,Other,0.1,0,0.1,LanguageMentor,1,0.65|0.74|0.89|0.53|0.79|0.64|0.71|0.90|0.72|0.43|0.83|0.66|0.64|0.87|0.76|0.88|0.88|0.61|0.68|0.72|0.95|0.87|0.84|0.57|0.58|0.95|0.82|0.58|0.89|0.65|0.77|0.63,Engineering,2025-11-02T11:58:25Z
LA000079,Daugavpils University,Spain,Latvia,Prefer not to say,25,A2,67.5,0.86,Medium,Other,0.24,0,0.1,Tutoring,0,0.79|0.70|0.67|0.95|0.80|0.84|0.71|0.71|0.64|0.85|0.67|0.65|0.89|0.65|0.91|0.72|0.78|0.66|0.53|0.89|0.54|0.70|0.67|0.86|0.77|0.65|0.81|0.59|0.90|0.85|1.00|0.85,Economics,2025-11-02T11:58:25Z
LA000080,Daugavpils University,India,Latvia,Other,24,B2,76.2,0.91,Low,Single,0.37,1,0.6,Counseling,0,0.56|0.65|0.55|0.76|0.57|0.67|0.88|0.75|0.74|1.00|0.71|0.57|0.89|0.70|0.67|0.58|0.80|1.00|0.85|0.62|0.55|0.79|0.78|0.51|0.57|0.63|0.79|1.00|0.59|0.48|0.70|0.66,Data Science,2025-11-02T11:58:25Z
LA000081,Daugavpils University,Bangladesh,Latvia,Male,22,B2,79.1,0.91,Low,Single,0.08,0,0.6,BuddyProgram,1,0.44|0.98|0.77|0.62|0.55|0.70|0.89|0.90|0.79|0.76|0.77|0.80|0.62|0.67|0.55|0.69|0.72|0.78|0.83|0.69|0.76|1.00|0.83|0.56|0.77|0.56|0.90|0.69|0.85|0.86|0.90|0.72,Business,2025-11-02T11:58:25Z
LA000082,Daugavpils University,USA,Latvia,Female,25,C1,67.5,0.84,High,Married,0.29,0,0.3,None,1,0.90|0.91|0.75|0.70|0.76|0.99|0.79|0.56|0.72|0.85|0.77|0.50|0.58|0.93|0.87|1.00|0.63|0.81|0.76|0.53|0.73|0.74|0.62|0.62|0.57|0.74|0.67|0.86|0.72|0.55|0.90|0.71,Logistics,2025-11-02T11:58:25Z
LA000083,TSI Riga,Nigeria,Latvia,Female,25,C1,73.5,0.77,Medium,Single,0.61,0,0.7,Tutoring,1,0.75|0.66|0.55|0.83|0.90|0.98|0.83|0.78|0.79|0.61|0.82|0.41|0.71|0.57|0.78|0.55|0.62|0.64|0.36|0.42|0.49|0.55|0.44|0.53|0.67|0.68|0.67|0.54|0.66|0.94|0.68|0.58,Computer Science,2025-11-02T11:58:25Z
LA000084,TSI Riga,Nigeria,Latvia,Male,24,B1,61.9,0.96,Medium,Other,0.06,0,0.7,BuddyProgram,1,0.88|0.69|0.91|0.63|0.58|0.84|0.46|0.49|0.61|0.65|0.72|0.85|0.64|0.64|0.75|0.77|0.53|0.70|0.61|0.71|0.85|0.87|0.59|0.70|0.74|0.80|0.75|0.73|0.93|0.83|0.91|0.95,Logistics,2025-11-02T11:58:25Z
LA000085,TSI Riga,Sri Lanka,Latvia,Prefer not to say,24,B2,65.8,1,High,Single,0.03,0,0.6,BuddyProgram,1,1.00|0.80|0.76|0.69|0.72|0.91|0.80|0.59|0.80|0.68|0.68|0.54|0.48|0.73|0.66|0.91|0.56|0.81|0.63|0.68|0.53|0.59|0.61|0.88|0.94|0.70|0.58|0.72|0.86|0.69|0.77|0.77,English Philology,2025-11-02T11:58:25Z
LA000086,Daugavpils University,India,Latvia,Prefer not to say,21,B1,73,0.78,High,Other,0.5,0,0.6,LanguageMentor,1,0.81|0.66|0.76|0.79|0.73|0.67|0.56|0.84|0.87|0.59|0.93|0.58|0.84|0.62|0.66|0.66|0.65|0.55|0.75|0.80|0.66|0.50|0.68|0.58|0.75|0.86|0.80|0.52|0.67|0.92|0.77|0.72,Business,2025-11-02T11:58:25Z
LA000087,TSI Riga,Pakistan,Latvia,Male,25,A2,67.5,0.89,High,Married,0.59,0,0.6,None,0,0.50|0.59|0.65|0.47|0.70|0.64|0.78|0.56|0.91|0.72|0.93|0.83|0.87|0.81|0.67|0.79|0.62|0.97|0.87|0.69|0.69|0.72|0.75|0.68|0.86|0.68|0.82|0.84|0.58|0.63|0.64|0.62,Computer Science,2025-11-02T11:58:25Z
LA000088,TSI Riga,Pakistan,Latvia,Female,25,B2,71.2,0.88,Medium,Married,0.18,0,0.6,LanguageMentor,1,0.85|0.59|0.49|0.77|0.71|0.74|0.80|0.51|0.63|0.74|0.69|0.71|0.84|0.79|0.84|0.82|0.97|0.69|0.85|0.99|0.57|0.85|0.59|0.89|0.73|0.91|0.68|0.96|0.58|0.76|0.73|0.88,Engineering,2025-11-02T11:58:25Z
LA000089,Daugavpils University,Italy,Latvia,Other,26,C2,64.1,0.95,Low,Married,0.53,0,0.1,None,1,0.64|0.90|0.64|0.76|0.92|0.48|0.73|0.69|0.68|0.74|0.88|0.67|0.64|0.52|0.76|1.00|0.51|0.85|0.85|0.88|0.80|0.75|0.83|0.87|0.74|0.68|0.81|0.69|1.00|0.71|0.68|0.82,Psychology,2025-11-02T11:58:25Z
LA000090,Daugavpils University,Pakistan,Latvia,Other,20,C2,76.7,0.88,Low,Married,0.15,0,0.6,BuddyProgram,1,0.82|0.69|0.71|0.62|0.60|0.56|0.74|0.75|0.73|0.62|0.79|0.90|0.85|0.84|0.55|0.65|0.75|0.66|0.68|0.71|0.84|0.66|0.71|0.64|0.74|0.70|0.55|0.78|0.81|0.60|0.64|0.72,Logistics,2025-11-02T11:58:25Z
LA000091,TSI Riga,Sri Lanka,Latvia,Prefer not to say,25,C1,73.1,0.82,High,Married,0.07,0,0.6,BuddyProgram,1,0.73|0.59|0.75|0.90|0.86|0.81|0.67|0.79|0.81|0.95|0.75|0.89|0.74|0.60|0.53|0.75|0.51|0.86|0.64|0.70|0.90|0.52|0.75|0.82|0.71|0.82|0.69|0.72|0.81|0.80|0.73|0.94,Logistics,2025-11-02T11:58:25Z
LA000092,Daugavpils University,Vietnam,Latvia,Prefer not to say,24,A2,58.5,0.74,High,Single,0.43,0,0.6,None,0,0.72|0.79|0.79|0.83|0.80|0.87|0.66|0.97|0.66|0.69|0.50|0.75|0.78|0.73|0.57|0.51|0.77|0.61|0.39|1.00|0.81|0.46|0.85|0.53|0.83|0.71|0.77|0.71|0.71|0.79|0.57|0.74,Data Science,2025-11-02T11:58:25Z
LA000093,Daugavpils University,Pakistan,Latvia,Male,25,C2,63,0.79,Low,Single,0.09,0,0.6,LanguageMentor,0,0.74|0.84|0.88|0.70|0.94|0.59|0.69|0.73|0.53|0.55|0.81|0.78|0.73|0.71|0.93|0.80|0.92|0.62|0.68|0.81|0.86|0.67|0.54|0.64|0.52|0.78|0.87|0.79|0.74|0.97|0.76|0.77,Economics,2025-11-02T11:58:25Z
LA000094,Daugavpils University,Ukraine,Latvia,Male,24,B2,70.8,0.83,Low,Single,0.16,0,0.1,None,1,0.71|0.51|0.81|0.76|0.86|0.57|0.74|0.81|0.68|0.65|0.83|0.89|0.56|0.76|0.85|0.63|0.78|0.73|0.71|0.70|0.56|0.69|0.71|0.63|0.92|0.80|0.97|0.78|0.54|0.72|0.77|0.97,Engineering,2025-11-02T11:58:25Z
LA000095,Daugavpils University,Slovakia,Latvia,Other,26,A2,74,0.84,Medium,Married,0.04,0,0.1,None,1,0.71|0.74|0.79|0.55|0.89|0.99|0.70|0.60|0.56|0.77|0.74|0.64|0.79|0.87|0.43|0.72|0.94|0.66|0.86|0.79|0.69|0.98|0.73|0.98|0.96|0.71|0.60|0.68|0.63|0.88|0.67|0.59,Economics,2025-11-02T11:58:25Z
LA000096,Daugavpils University,Sri Lanka,Latvia,Male,23,C1,72.3,0.85,Medium,Married,0.48,1,0.6,LanguageMentor,0,0.87|0.78|0.74|0.70|0.48|0.81|0.59|0.88|0.71|0.73|0.68|0.69|0.82|0.95|0.87|0.46|0.53|0.85|0.72|0.68|0.68|0.76|0.73|0.77|0.66|0.69|0.91|0.87|0.63|0.69|0.62|0.97,English Philology,2025-11-02T11:58:25Z
LA000097,TSI Riga,Pakistan,Latvia,Female,29,A2,55.8,0.89,Medium,Married,0.28,0,0.6,Tutoring,1,0.80|0.80|0.79|0.73|0.75|0.82|0.89|0.95|0.67|0.79|0.74|0.74|0.86|0.86|0.64|0.61|0.84|0.93|0.61|0.49|0.65|0.62|0.88|0.74|0.64|0.78|0.88|0.84|0.92|0.69|0.89|0.81,Economics,2025-11-02T11:58:25Z
LA000098,TSI Riga,Italy,Latvia,Other,27,C2,61.7,0.86,Low,Single,0.33,0,0.1,LanguageMentor,1,0.76|0.84|0.83|0.71|0.74|0.77|0.91|0.80|0.81|0.76|0.63|0.58|1.00|0.70|0.64|0.77|0.74|0.63|0.64|0.57|0.85|0.69|0.56|0.77|0.99|0.81|0.85|0.78|0.80|0.76|0.79|0.88,Business,2025-11-02T11:58:25Z
LA000099,TSI Riga,USA,Latvia,Other,23,B1,74.1,1,Medium,Married,0.17,0,0.3,BuddyProgram,1,0.50|0.72|0.61|0.59|0.67|0.66|0.72|0.92|0.66|0.59|0.79|0.70|0.75|0.66|0.73|0.59|0.90|0.62|0.81|0.60|0.74|0.73|0.67|0.68|0.80|0.77|0.58|0.64|0.74|0.64|0.52|0.69,Logistics,2025-11-02T11:58:25Z
LA000100,TSI Riga,India,Latvia,Prefer not to say,21,B2,84.4,0.89,High,Single,0.12,0,0.6,LanguageMentor,1,0.77|0.88|0.46|0.80|0.61|0.56|0.57|0.73|0.74|0.55|0.97|0.67|0.82|0.65|0.94|0.84|0.62|0.53|0.47|0.72|0.88|0.57|0.76|0.71|0.78|0.90|0.76|0.69|0.71|0.73|0.68|0.83,Engineering,2025-11-02T11:58:25Z
LA000101,Daugavpils University,India,Latvia,Female,20,A2,79.5,0.89,High,Other,0.51,0,0.6,LanguageMentor,1,1.00|0.69|0.57|0.56|0.83|0.90|0.86|0.68|0.40|0.68|0.64|0.66|0.62|0.80|0.58|0.54|0.70|0.45|0.78|0.68|0.66|0.96|0.70|0.61|0.95|0.62|0.54|0.51|0.60|0.80|0.91|0.81,Computer Science,2025-11-02T11:58:25Z
LA000102,TSI Riga,Sri Lanka,Latvia,Other,28,A2,72.9,0.75,Low,Single,0.27,0,0.6,LanguageMentor,0,0.76|0.81|0.71|0.74|0.61|0.59|0.70|0.81|0.83|0.55|0.71|0.89|0.56|0.94|1.00|0.70|0.74|0.82|0.58|0.92|0.86|0.61|0.58|0.76|0.47|0.93|0.74|0.64|0.61|0.70|0.67|0.96,Computer Science,2025-11-02T11:58:25Z
LA000103,Daugavpils University,Sri Lanka,Latvia,Female,28,C2,78.9,0.94,High,Married,0.36,0,0.6,LanguageMentor,1,0.62|0.91|0.78|0.68|0.82|0.69|0.70|0.82|0.75|0.72|0.77|0.71|0.84|0.60|0.87|0.72|0.56|0.84|0.83|0.58|0.54|0.75|0.70|0.90|0.79|0.81|0.72|0.84|0.72|0.63|0.79|0.69,Psychology,2025-11-02T11:58:25Z
LA000104,Daugavpils University,Vietnam,Latvia,Female,28,B2,59,0.96,Medium,Single,0.59,0,0.6,BuddyProgram,1,1.00|0.78|0.62|0.60|0.74|0.69|0.81|0.93|0.77|0.81|0.69|0.56|0.70|0.86|0.75|0.83|0.85|0.64|0.71|0.65|0.58|0.99|0.75|1.00|0.55|0.79|0.63|0.69|0.70|0.80|0.90|0.62,Business,2025-11-02T11:58:25Z
LA000105,Daugavpils University,Ukraine,Latvia,Other,26,B2,68.7,0.87,Low,Other,0.21,0,0.1,None,1,0.80|0.64|0.67|1.00|0.78|0.92|0.68|0.68|0.77|0.63|0.69|0.80|0.84|0.83|0.86|0.84|0.63|0.67|0.65|0.45|0.75|0.68|0.76|0.74|0.95|0.60|0.77|0.82|0.77|0.86|0.62|0.69,Engineering,2025-11-02T11:58:25Z
LA000106,TSI Riga,Vietnam,Latvia,Male,24,C1,67,0.77,Low,Married,0.33,0,0.6,Tutoring,1,0.59|0.79|0.84|0.63|0.66|0.63|0.71|0.60|0.92|0.75|0.89|0.72|0.52|0.74|0.67|0.51|0.64|0.71|0.68|0.50|0.74|0.73|0.71|0.88|0.81|0.84|1.00|0.81|0.75|0.82|0.65|0.74,Engineering,2025-11-02T11:58:25Z
LA000107,TSI Riga,USA,Latvia,Male,20,B1,85.7,0.85,High,Married,0.26,0,0.3,BuddyProgram,1,0.65|0.64|0.81|0.90|0.61|0.87|0.64|0.70|0.57|0.35|0.53|0.76|0.68|0.75|0.82|0.51|0.53|0.95|0.66|0.81|0.59|0.77|0.86|0.73|0.59|1.00|0.75|0.77|0.73|0.79|0.79|0.84,Business,2025-11-02T11:58:25Z
LA000108,Daugavpils University,Spain,Latvia,Other,23,A2,59.7,0.78,Medium,Married,0.59,1,0.1,None,0,0.72|0.67|0.58|0.75|0.74|0.72|0.74|0.77|1.00|0.85|0.61|0.71|0.55|0.73|0.53|0.90|0.78|0.53|0.61|0.73|0.83|0.68|0.80|0.79|1.00|0.97|0.71|0.74|0.63|0.84|0.57|0.52,Psychology,2025-11-02T11:58:25Z
LA000109,TSI Riga,Pakistan,Latvia,Female,20,C1,67.2,0.92,Low,Other,0.21,0,0.6,LanguageMentor,1,0.92|0.70|0.45|0.62|0.55|0.67|0.43|0.52|0.76|0.49|0.88|0.77|0.75|0.62|0.78|0.73|0.49|0.77|0.58|0.78|0.76|0.75|0.68|0.88|0.77|0.88|0.55|0.96|0.61|0.83|0.77|0.98,Logistics,2025-11-02T11:58:25Z
LA000110,TSI Riga,USA,Latvia,Other,22,C1,76.9,0.83,Medium,Married,0.24,1,0.3,LanguageMentor,0,0.65|0.81|0.79|0.94|0.67|0.74|0.75|0.65|0.57|0.82|0.86|0.65|0.56|0.83|0.44|0.97|0.95|0.55|0.74|0.68|0.73|0.68|0.90|0.96|0.63|0.85|0.52|0.89|0.67|0.66|0.58|0.96,Engineering,2025-11-02T11:58:25Z
LA000111,TSI Riga,Slovakia,Latvia,Male,31,B2,71.5,0.81,High,Single,0.23,1,0.1,Counseling,0,0.79|0.87|0.87|0.84|0.71|0.71|0.78|0.71|0.65|0.93|0.75|0.85|0.72|0.68|0.73|0.57|0.84|0.61|0.81|0.55|0.49|0.74|0.73|0.75|0.65|0.70|0.95|0.60|0.85|0.61|0.63|0.68,Data Science,2025-11-02T11:58:25Z
LA000112,Daugavpils University,Nigeria,Latvia,Male,23,C1,73.5,0.92,Low,Married,0.83,0,0.7,Tutoring,1,0.76|0.73|0.90|0.39|0.84|0.70|0.83|0.91|0.66|0.72|0.53|0.68|0.70|0.58|0.55|0.57|0.47|0.57|0.67|0.55|0.56|0.73|0.43|0.62|0.78|0.74|0.70|0.80|0.77|0.84|0.90|0.63,Data Science,2025-11-02T11:58:25Z
LA000113,TSI Riga,Ukraine,Latvia,Male,21,B2,83.7,1,Medium,Married,0.39,0,0.1,LanguageMentor,1,0.60|0.63|0.70|0.62|0.81|0.53|0.61|0.60|0.86|0.67|0.87|0.63|0.76|0.63|0.92|0.73|0.75|0.76|0.63|0.77|0.45|1.00|0.97|0.63|0.69|0.81|0.84|0.68|0.75|0.85|0.87|0.83,Economics,2025-11-02T11:58:25Z
LA000114,TSI Riga,Pakistan,Latvia,Male,25,C1,70.7,0.72,Medium,Other,0.3,0,0.6,BuddyProgram,0,0.79|0.77|0.72|0.66|0.74|0.94|0.73|0.84|0.61|0.75|0.67|0.80|0.90|0.59|0.74|0.73|0.83|0.78|0.82|0.65|0.95|0.68|0.81|0.55|0.62|0.83|0.59|0.74|0.94|0.60|0.76|0.67,Computer Science,2025-11-02T11:58:25Z
LA000115,TSI Riga,Bangladesh,Latvia,Male,23,B2,65.7,0.98,High,Other,0.12,0,0.6,Tutoring,1,0.74|0.77|0.52|0.84|0.83|0.78|0.64|0.75|0.80|0.62|0.66|0.65|0.61|0.84|0.92|0.81|0.53|0.64|0.96|0.74|0.78|0.72|0.67|0.80|0.75|0.73|0.68|0.81|0.94|0.76|0.92|0.87,English Philology,2025-11-02T11:58:25Z
LA000116,Daugavpils University,USA,Latvia,Prefer not to say,23,A2,76.6,0.93,High,Single,0.09,0,0.3,None,1,1.00|0.60|0.78|0.62|1.00|0.84|0.87|0.47|0.52|0.55|0.97|0.68|0.80|0.75|0.60|0.82|0.79|0.67|0.78|0.64|0.94|0.68|0.52|0.80|0.87|0.67|1.00|0.66|0.63|0.40|0.70|0.56,Engineering,2025-11-02T11:58:25Z
LA000117,TSI Riga,Sri Lanka,Latvia,Other,25,B1,74.4,0.91,Low,Married,0.39,0,0.6,BuddyProgram,1,0.88|0.78|0.75|0.74|0.66|0.78|0.87|0.55|0.85|0.82|0.65|0.73|0.67|0.75|0.78|0.80|0.79|0.74|0.85|0.87|0.80|0.87|0.75|0.78|0.88|0.61|1.00|1.00|0.68|0.41|0.96|0.69,Economics,2025-11-02T11:58:25Z
LA000118,Daugavpils University,Sri Lanka,Latvia,Male,26,B2,61.1,0.86,High,Single,0.3,0,0.6,Counseling,1,0.89|0.65|0.82|0.67|0.57|0.94|0.85|0.78|0.70|0.92|0.87|0.71|0.77|0.68|0.99|0.74|0.88|0.88|0.64|0.94|0.59|0.73|0.78|0.72|0.83|0.59|0.77|0.80|0.75|0.77|0.63|0.66,Computer Science,2025-11-02T11:58:25Z
LA000119,Daugavpils University,Italy,Latvia,Other,26,C2,69.6,0.83,High,Single,0.29,0,0.1,LanguageMentor,1,0.82|0.80|0.85|0.85|0.57|0.62|0.76|0.43|0.69|0.66|0.93|0.84|0.92|0.48|0.73|0.91|0.74|0.80|0.78|0.73|0.70|0.88|0.93|0.77|0.83|1.00|0.64|0.60|0.63|0.73|0.82|0.65,Psychology,2025-11-02T11:58:25Z
LA000120,Daugavpils University,Nigeria,Latvia,Other,20,A2,71.5,0.91,Medium,Married,0.28,0,0.7,Tutoring,1,0.64|0.70|0.83|0.60|0.70|0.61|1.00|0.61|0.67|0.53|0.66|0.62|0.63|0.78|0.76|0.75|0.64|1.00|1.00|0.46|0.52|0.75|0.79|0.49|0.76|0.85|0.83|0.60|0.70|0.95|0.83|0.68,Logistics,2025-11-02T11:58:25Z
LA000121,Daugavpils University,Nigeria,Latvia,Male,22,A2,81,0.93,Low,Single,0.28,0,0.7,None,1,0.56|0.76|0.89|0.72|0.88|0.52|0.86|0.61|0.83|0.76|0.62|0.79|0.77|0.76|0.92|0.66|0.85|0.53|0.87|0.86|0.53|0.63|0.79|0.88|0.69|0.71|0.56|0.67|0.67|0.86|0.70|0.79,Engineering,2025-11-02T11:58:25Z
LA000122,Daugavpils University,Brazil,Latvia,Other,22,A2,60,0.81,Medium,Other,0.18,1,0.5,LanguageMentor,0,0.84|0.82|0.71|0.76|0.84|0.65|0.53|0.81|0.99|0.52|0.72|0.93|0.84|0.83|0.75|0.47|1.00|0.54|0.81|0.65|0.77|0.88|0.84|0.73|0.74|0.72|0.57|0.85|0.45|0.52|0.67|0.76,Computer Science,2025-11-02T11:58:25Z
LA000123,Daugavpils University,USA,Latvia,Other,22,B2,69.6,0.99,Low,Single,0.21,0,0.3,BuddyProgram,0,0.91|0.87|0.53|0.94|0.73|0.71|0.82|0.47|0.82|0.75|0.64|0.64|0.80|0.66|0.98|0.71|0.50|0.70|0.74|0.68|0.73|0.45|0.73|0.94|0.90|0.92|0.73|0.65|0.86|0.78|0.85|0.94,Economics,2025-11-02T11:58:25Z
LA000124,TSI Riga,Nigeria,Latvia,Other,21,C1,78.9,0.87,High,Married,0.14,1,0.7,Tutoring,0,0.81|0.53|0.77|0.75|0.84|0.60|0.67|0.75|0.79|0.76|0.99|0.84|0.56|0.83|0.75|1.00|0.87|0.54|0.69|0.76|0.73|1.00|0.66|0.72|0.88|0.71|0.63|0.84|0.69|0.95|0.68|0.64,Business,2025-11-02T11:58:25Z
LA000125,TSI Riga,USA,Latvia,Female,28,C2,75.2,0.78,Medium,Married,0.38,0,0.3,LanguageMentor,1,0.55|0.69|0.59|0.85|0.63|0.88|0.73|0.62|0.70|0.95|0.84|0.78|0.55|0.75|0.72|0.52|0.58|0.95|0.78|0.96|0.73|0.60|0.74|0.56|0.84|0.72|0.80|0.66|0.91|0.80|0.79|0.81,Engineering,2025-11-02T11:58:25Z
LA000126,TSI Riga,Italy,Latvia,Prefer not to say,21,B2,64.3,0.84,High,Married,0.32,0,0.1,None,1,0.75|0.63|0.94|0.83|0.72|0.64|0.72|0.66|0.83|0.59|0.64|0.70|0.77|0.94|0.93|0.97|0.71|0.70|0.56|0.80|0.61|0.53|0.63|0.69|0.71|0.71|0.66|0.67|0.55|0.59|0.70|0.86,Engineering,2025-11-02T11:58:25Z
LA000127,Daugavpils University,Bangladesh,Latvia,Other,23,B1,69.5,0.77,Medium,Other,0.55,1,0.6,None,0,0.69|0.71|0.85|0.76|0.63|0.73|0.69|0.68|0.81|0.94|0.84|0.75|0.64|0.83|0.81|0.39|0.62|0.65|0.63|0.80|0.80|1.00|0.61|0.66|0.77|0.74|0.78|0.97|0.68|0.93|0.73|0.91,Engineering,2025-11-02T11:58:25Z
LA000128,TSI Riga,USA,Latvia,Other,24,A2,82.1,1,Low,Married,0.1,0,0.3,None,1,0.72|0.68|0.75|0.60|0.88|0.77|0.67|0.74|0.71|0.72|0.75|0.79|0.62|1.00|0.78|0.74|0.81|0.76|0.62|0.76|0.91|0.75|0.94|0.60|0.83|0.79|0.81|0.63|0.92|0.65|0.76|0.79,Engineering,2025-11-02T11:58:25Z
LA000129,TSI Riga,USA,Latvia,Prefer not to say,23,B2,76.1,0.93,Medium,Single,0.43,1,0.3,None,0,0.58|0.93|0.81|0.59|0.84|0.62|0.76|0.61|0.75|0.59|0.65|0.63|0.70|0.97|0.91|0.60|0.72|0.58|0.50|0.54|0.81|0.78|0.72|0.64|0.56|0.79|0.62|0.79|0.79|0.69|0.58|0.72,Data Science,2025-11-02T11:58:25Z
LA000130,Daugavpils University,Spain,Latvia,Male,22,C1,62.4,0.81,Low,Single,0.25,0,0.1,BuddyProgram,1,0.82|0.91|0.65|0.76|0.74|0.35|0.67|0.74|0.43|0.85|0.75|0.69|0.67|0.88|0.83|0.70|0.89|0.69|0.59|0.78|0.64|0.54|0.64|0.61|0.80|0.88|0.85|0.53|0.94|0.99|0.81|0.70,Business,2025-11-02T11:58:25Z
LA000131,Daugavpils University,Ukraine,Latvia,Other,20,C1,68.5,0.88,High,Married,0.28,1,0.1,LanguageMentor,0,0.50|0.66|0.78|0.93|0.58|0.74|0.56|0.82|0.77|0.68|0.72|0.84|0.68|0.80|0.70|0.87|0.49|0.99|0.49|0.77|0.68|0.50|0.67|0.68|0.62|0.65|0.60|0.87|0.52|0.71|0.81|0.99,Engineering,2025-11-02T11:58:25Z
LA000132,Daugavpils University,Latvia,Latvia,Prefer not to say,20,B1,65,0.95,Medium,Other,0.42,0,0.1,None,0,0.40|0.72|0.68|0.83|0.69|0.84|0.91|0.56|0.64|0.73|0.71|0.77|0.64|0.45|0.69|0.66|0.71|0.56|0.80|0.70|0.70|0.66|0.95|0.57|0.55|0.64|0.59|0.61|0.76|0.72|0.91|0.63,Psychology,2025-11-02T11:58:25Z
LA000133,Daugavpils University,India,Latvia,Other,24,C1,98.9,1,Medium,Other,0.38,0,0.6,None,1,0.78|0.79|0.72|0.61|0.72|0.70|0.80|0.70|0.64|0.69|0.82|0.69|0.82|0.59|0.56|0.77|0.84|0.83|0.85|0.76|0.73|0.77|0.47|0.73|0.72|0.88|0.95|0.87|0.70|0.69|0.75|0.39,Computer Science,2025-11-02T11:58:25Z
LA000134,Daugavpils University,Slovakia,Latvia,Other,25,B2,67.1,0.85,Low,Single,0.14,0,0.1,None,1,0.91|0.81|0.74|0.82|0.86|0.91|0.60|0.68|0.77|0.58|0.69|0.73|0.71|0.69|0.71|0.85|0.66|0.78|0.72|0.55|0.84|0.59|0.83|0.59|0.75|0.89|0.60|0.83|0.57|0.73|0.72|0.90,Psychology,2025-11-02T11:58:25Z
LA000135,TSI Riga,USA,Latvia,Other,25,C2,72.9,0.88,High,Married,0.08,0,0.3,LanguageMentor,1,0.80|0.57|0.71|0.78|0.71|0.78|0.74|0.73|0.96|0.62|0.71|0.54|0.77|0.88|0.74|0.65|0.72|0.70|0.69|0.90|0.74|0.57|0.97|0.89|0.70|0.83|0.59|0.78|1.00|0.70|0.90|0.78,Engineering,2025-11-02T11:58:25Z
LA000136,TSI Riga,Nigeria,Latvia,Prefer not to say,24,A2,87.6,0.88,Low,Single,0.47,1,0.7,Tutoring,0,0.75|0.91|0.68|1.00|0.51|0.58|0.87|0.90|0.65|0.47|0.83|0.89|0.78|0.78|0.70|0.59|0.73|0.67|0.87|0.90|0.86|0.70|0.77|0.67|0.86|0.93|0.80|0.61|0.72|0.73|0.70|0.72,Logistics,2025-11-02T11:58:25Z
LA000137,TSI Riga,Latvia,Latvia,Prefer not to say,18,C2,74.1,0.85,High,Single,0.07,0,0.1,BuddyProgram,1,0.59|0.78|0.75|0.62|0.82|0.74|0.57|0.82|0.81|0.83|0.75|0.85|0.66|0.65|0.79|0.72|0.61|0.87|0.67|0.66|0.61|0.91|0.52|0.73|0.71|0.68|1.00|0.72|0.72|0.42|0.86|0.76,Computer Science,2025-11-02T11:58:25Z
LA000138,TSI Riga,Latvia,Latvia,Male,19,C2,67.6,0.88,Medium,Other,0.04,0,0.1,BuddyProgram,1,0.86|0.75|0.61|0.67|0.75|0.65|0.65|0.76|0.81|0.74|0.87|0.66|0.72|0.68|0.71|0.71|0.98|0.48|0.78|0.86|0.50|0.83|0.57|0.93|0.59|0.89|0.63|0.87|0.62|0.72|0.79|0.50,Engineering,2025-11-02T11:58:25Z
LA000139,TSI Riga,Italy,Latvia,Female,22,C1,60,0.87,High,Single,0.36,0,0.1,None,1,0.80|0.80|0.76|0.58|0.86|0.60|0.76|0.76|0.68|0.80|0.87|0.61|0.65|0.61|0.74|0.71|0.70|0.74|0.55|0.73|0.58|0.93|0.78|0.81|0.62|0.83|0.66|0.68|0.55|0.71|0.78|0.87,Engineering,2025-11-02T11:58:25Z
LA000140,TSI Riga,Sri Lanka,Latvia,Prefer not to say,19,B2,84.3,0.97,High,Single,0.16,0,0.6,None,1,0.62|0.74|0.66|0.73|0.82|0.78|0.75|0.90|0.84|0.51|0.82|0.73|0.65|0.65|1.00|0.73|0.61|0.90|0.87|0.67|0.76|0.64|0.70|0.90|0.63|0.63|0.71|0.74|0.91|0.54|0.65|0.73,Data Science,2025-11-02T11:58:25Z
LA000141,TSI Riga,Latvia,Latvia,Female,23,B2,76.9,0.77,High,Married,0.51,1,0.1,LanguageMentor,0,0.85|0.73|0.54|0.76|0.72|0.70|0.95|0.66|0.72|0.79|0.71|0.64|0.81|0.60|0.71|0.78|0.67|0.61|0.75|0.57|0.80|0.91|0.62|0.35|0.73|0.77|0.87|0.88|0.69|0.74|0.53|0.94,Business,2025-11-02T11:58:25Z
LA000142,TSI Riga,Bangladesh,Latvia,Female,20,C2,63.8,0.71,Medium,Married,0.44,0,0.6,LanguageMentor,0,0.76|0.70|0.81|0.65|0.80|1.00|0.64|0.63|0.58|0.80|0.72|0.63|0.58|0.78|0.64|0.81|0.59|0.87|0.83|0.98|0.69|0.73|0.54|0.46|0.85|0.81|0.71|0.93|0.61|0.49|0.73|0.63,Computer Science,2025-11-02T11:58:25Z
LA000143,Daugavpils University,Slovakia,Latvia,Male,26,C1,81.3,0.7,Low,Other,0.26,1,0.1,LanguageMentor,0,0.94|0.73|0.88|0.61|0.59|0.61|0.55|1.00|0.87|0.80|0.79|0.78|0.62|0.88|0.74|0.62|0.83|0.71|0.55|0.75|0.82|0.73|0.73|0.72|0.64|0.58|0.83|0.71|0.82|0.60|0.56|0.91,Economics,2025-11-02T11:58:25Z
LA000144,TSI Riga,India,Latvia,Female,23,C2,73.4,0.86,High,Married,0.31,0,0.6,None,1,0.95|0.76|0.82|0.56|0.76|0.81|0.75|0.82|0.58|0.81|0.56|0.96|0.51|0.90|0.67|0.79|0.78|0.92|0.69|0.77|0.67|0.63|0.58|0.85|0.92|0.71|0.72|0.72|0.93|0.52|0.64|0.69,Economics,2025-11-02T11:58:25Z
LA000145,Daugavpils University,Bangladesh,Latvia,Male,22,A2,74,1,Medium,Single,0.65,1,0.6,None,0,0.58|0.81|0.59|0.70|0.83|0.54|0.61|0.75|0.76|0.82|0.88|0.64|0.59|0.71|0.59|0.59|0.83|0.51|0.54|0.39|0.48|0.44|0.45|0.23|0.77|0.85|0.66|0.75|0.62|0.80|0.95|0.71,Computer Science,2025-11-02T11:58:25Z
LA000146,TSI Riga,Spain,Latvia,Prefer not to say,25,C2,57.6,0.78,Medium,Single,0.19,0,0.1,None,1,0.70|0.59|0.71|0.64|0.81|0.80|0.70|0.64|0.74|0.54|0.41|0.74|0.89|0.93|0.68|0.66|1.00|0.76|0.55|0.70|0.71|0.62|1.00|0.71|0.60|0.43|0.91|0.99|0.75|0.78|0.68|0.47,Logistics,2025-11-02T11:58:25Z
LA000147,Daugavpils University,Brazil,Latvia,Male,23,B2,55.8,0.94,Medium,Married,0.22,0,0.5,None,1,0.67|0.81|0.70|0.64|0.51|0.59|0.87|0.85|0.74|0.61|0.70|0.55|0.52|0.72|0.63|0.60|0.68|0.89|0.87|0.86|0.57|0.76|0.77|0.93|0.60|0.66|0.83|0.71|0.65|0.49|0.91|0.57,Economics,2025-11-02T11:58:25Z
LA000148,Daugavpils University,India,Latvia,Female,25,C1,55.8,0.68,High,Other,0.17,0,0.6,BuddyProgram,1,0.80|0.85|0.61|0.56|0.55|0.65|0.64|0.75|0.66|0.58|0.79|0.75|0.74|0.85|0.87|0.74|0.82|0.64|0.58|0.87|0.84|0.96|0.48|1.00|0.81|0.96|0.82|0.67|0.65|0.74|0.75|0.57,Business,2025-11-02T11:58:25Z
LA000149,Daugavpils University,Ukraine,Latvia,Other,24,B1,56.8,0.89,Low,Married,0.18,0,0.1,LanguageMentor,1,0.73|0.82|0.84|0.93|0.83|0.88|0.55|0.97|0.92|0.56|0.48|0.63|0.48|0.91|0.75|0.82|0.63|0.66|0.80|0.73|0.72|0.72|0.65|0.75|0.54|0.57|0.83|0.75|0.53|0.73|0.71|0.71,English Philology,2025-11-02T11:58:25Z
LA000150,TSI Riga,USA,Latvia,Female,26,B2,80.5,0.97,Low,Married,0.34,0,0.3,Tutoring,1,0.63|0.63|0.90|0.73|0.81|0.81|0.64|0.68|0.78|0.43|0.57|0.71|0.86|0.72|0.85|0.69|0.60|0.80|0.84|0.64|0.78|0.69|0.82|0.84|0.67|0.79|0.69|0.78|0.74|0.68|0.92|0.73,English Philology,2025-11-02T11:58:25Z
LA000151,TSI Riga,Ukraine,Latvia,Female,21,C1,59.1,1,Low,Married,0.27,1,0.1,LanguageMentor,0,0.54|0.77|0.86|0.81|0.92|0.70|0.73|0.51|0.65|0.75|0.68|0.65|0.81|0.63|0.85|0.65|0.57|0.69|0.63|0.80|0.74|0.71|0.84|0.91|0.86|0.67|0.76|0.70|1.00|0.49|0.59|0.71,Engineering,2025-11-02T11:58:25Z
LA000152,TSI Riga,Latvia,Latvia,Other,19,C1,71.4,0.9,Low,Married,0.22,0,0.1,Tutoring,1,1.00|0.74|0.74|0.79|0.73|0.61|1.00|0.70|0.76|0.55|0.83|0.61|0.74|0.72|0.82|1.00|0.53|0.95|0.91|0.82|0.63|0.59|0.86|0.92|0.67|0.72|0.71|0.73|0.63|0.78|0.82|0.69,Economics,2025-11-02T11:58:25Z
LA000153,Daugavpils University,Pakistan,Latvia,Male,24,B1,69.2,0.8,High,Single,0.1,0,0.6,BuddyProgram,1,0.71|0.71|0.80|0.92|0.98|0.67|0.61|0.80|0.44|0.54|0.86|0.71|0.58|0.67|0.65|0.87|0.84|0.87|0.60|0.75|0.66|0.58|0.71|0.68|0.65|0.58|0.60|0.65|0.79|0.69|0.70|0.78,Economics,2025-11-02T11:58:25Z
LA000154,Daugavpils University,Sri Lanka,Latvia,Other,28,A2,75.5,0.87,Low,Married,0.23,1,0.6,None,0,0.55|0.63|0.90|0.64|0.81|0.60|0.94|0.56|0.81|0.63|0.73|0.75|0.63|0.62|0.69|0.46|0.57|0.60|0.95|0.90|0.77|0.50|0.45|1.00|0.64|0.76|0.59|0.68|0.48|0.73|0.75|0.77,Economics,2025-11-02T11:58:25Z
LA000155,TSI Riga,Latvia,Latvia,Prefer not to say,19,A2,66.5,0.74,High,Married,0.25,0,0.1,Counseling,1,0.84|0.63|0.56|0.64|0.90|0.84|0.66|0.73|0.76|0.75|0.69|0.57|0.92|0.90|0.51|0.72|0.59|0.67|0.62|0.66|0.67|0.65|0.72|0.76|0.79|0.85|0.85|0.72|0.67|0.66|0.85|0.47,Psychology,2025-11-02T11:58:25Z
LA000156,TSI Riga,Sri Lanka,Latvia,Other,25,C2,79.8,0.89,Low,Single,0.13,0,0.6,BuddyProgram,1,0.77|0.63|0.74|0.76|0.78|0.75|0.99|0.70|0.62|0.83|0.63|1.00|0.66|0.47|0.95|0.67|0.57|0.68|0.86|0.97|0.64|0.76|0.88|0.71|0.72|0.96|0.95|0.84|0.65|0.89|0.86|0.75,Logistics,2025-11-02T11:58:25Z
LA000157,Daugavpils University,Latvia,Latvia,Male,28,C1,81,0.92,Low,Other,0.24,0,0.1,Counseling,1,0.56|0.74|0.72|0.58|0.53|0.83|0.68|0.51|0.76|0.71|0.70|0.58|0.77|0.91|0.47|0.82|0.44|0.72|0.78|0.67|0.46|0.72|0.53|0.74|0.82|0.60|0.68|0.35|0.65|1.00|0.80|0.74,Business,2025-11-02T11:58:25Z
LA000158,Daugavpils University,Latvia,Latvia,Female,20,C1,72,0.84,Medium,Married,0.36,0,0.1,None,1,0.65|0.93|1.00|0.57|0.54|0.71|0.78|0.92|0.84|1.00|0.87|0.70|0.60|0.86|0.73|0.56|0.64|0.85|0.73|0.54|0.75|0.74|0.60|0.81|0.96|0.59|0.64|0.89|0.96|0.66|0.91|0.64,Psychology,2025-11-02T11:58:25Z
LA000159,TSI Riga,Italy,Latvia,Other,19,A2,56.2,0.89,Medium,Other,0.33,0,0.1,Tutoring,1,0.83|0.58|0.89|0.57|0.65|0.94|0.74|0.65|0.98|0.76|0.92|0.69|0.52|0.62|0.71|0.75|0.81|0.70|0.85|0.41|0.79|0.82|0.74|0.65|0.89|0.79|0.66|0.87|0.54|0.72|0.74|0.85,Business,2025-11-02T11:58:25Z
LA000160,TSI Riga,Bangladesh,Latvia,Female,20,A2,76.9,1,Low,Married,0.18,0,0.6,LanguageMentor,1,1.00|0.69|0.65|0.67|0.96|0.91|0.60|0.81|0.64|0.70|0.77|0.64|0.69|0.74|0.79|0.58|0.54|0.73|0.86|0.72|0.83|0.68|0.80|0.88|0.63|0.77|0.69|0.66|0.95|0.64|0.82|0.79,Computer Science,2025-11-02T11:58:25Z
LA000161,Daugavpils University,Spain,Latvia,Female,24,B2,80.2,0.94,Low,Other,0.33,1,0.1,None,0,0.87|0.66|0.75|0.51|0.67|0.69|0.45|0.71|0.57|0.77|0.83|0.61|0.74|0.67|0.52|0.55|0.71|0.56|0.93|0.89|0.77|0.55|0.64|0.86|0.65|0.82|0.66|0.88|0.62|0.76|1.00|0.83,Logistics,2025-11-02T11:58:25Z
LA000162,TSI Riga,USA,Latvia,Prefer not to say,22,C2,64.2,0.96,High,Other,0.13,0,0.3,BuddyProgram,1,0.78|0.63|0.62|0.86|0.87|0.66|0.77|0.61|0.90|0.89|0.81|0.73|0.61|0.69|1.00|0.62|0.83|0.72|0.63|0.88|0.89|0.79|0.96|0.53|0.77|0.79|0.65|0.59|0.77|0.58|0.66|0.92,Logistics,2025-11-02T11:58:25Z
LA000163,Daugavpils University,Nigeria,Latvia,Male,22,C2,69.4,0.78,Medium,Other,0.12,1,0.7,Tutoring,0,0.61|0.85|0.72|0.55|0.51|0.55|0.74|0.75|0.75|0.92|0.76|0.72|0.66|0.70|0.73|0.67|0.75|0.80|0.78|0.90|0.79|1.00|0.76|0.95|0.40|0.49|0.60|0.68|0.70|0.81|0.99|0.76,Psychology,2025-11-02T11:58:25Z
LA000164,Daugavpils University,Italy,Latvia,Male,22,C1,72.1,0.84,High,Married,0.12,0,0.1,Tutoring,0,0.76|0.78|0.53|0.60|0.77|0.85|0.80|0.67|1.00|0.94|0.80|0.88|0.82|0.64|0.82|0.92|0.77|0.62|0.90|0.92|0.84|0.66|0.69|0.95|0.66|0.71|0.54|1.00|0.48|0.54|0.70|0.85,English Philology,2025-11-02T11:58:25Z
LA000165,TSI Riga,Ukraine,Latvia,Other,22,C1,60.1,0.92,Low,Single,0.35,1,0.1,Tutoring,0,0.52|0.77|0.63|1.00|0.78|0.64|0.70|0.83|0.85|0.70|0.73|1.00|0.63|0.80|0.77|0.74|0.40|0.75|0.52|0.90|0.76|0.60|0.69|0.84|0.53|0.81|0.68|0.77|0.86|0.91|0.59|0.73,Business,2025-11-02T11:58:25Z
LA000166,TSI Riga,Spain,Latvia,Prefer not to say,28,B2,71.4,0.92,High,Single,0.14,0,0.1,None,1,0.98|0.72|0.63|0.86|0.76|0.84|0.64|0.83|0.95|0.73|0.63|0.54|0.77|0.59|0.68|0.77|0.80|0.85|0.63|0.65|0.72|0.94|0.80|0.75|0.74|0.60|0.83|0.95|0.69|0.89|0.84|0.72,Data Science,2025-11-02T11:58:25Z
LA000167,TSI Riga,India,Latvia,Other,18,C1,80.4,0.67,Low,Single,0.16,1,0.6,LanguageMentor,0,0.76|1.00|0.76|0.80|0.53|0.67|1.00|0.58|0.69|0.82|0.78|0.67|0.68|0.70|0.65|0.78|1.00|0.72|0.87|0.81|0.81|0.56|0.62|0.46|0.84|0.58|0.78|0.52|0.76|0.71|0.84|0.75,Computer Science,2025-11-02T11:58:25Z
LA000168,TSI Riga,Ukraine,Latvia,Prefer not to say,26,B1,68.3,0.93,Medium,Other,0.12,1,0.1,None,0,0.63|0.69|0.80|0.75|0.70|0.69|0.87|0.51|0.78|0.75|0.92|0.73|0.90|0.70|0.44|0.92|0.92|0.82|0.85|0.91|0.88|0.55|0.85|0.55|0.67|0.73|0.64|0.79|0.75|0.77|0.63|0.97,Economics,2025-11-02T11:58:25Z
LA000169,TSI Riga,Sri Lanka,Latvia,Other,22,C2,68.7,0.91,High,Married,0.13,0,0.6,None,1,0.84|0.70|0.65|0.83|0.91|0.82|0.93|0.85|0.77|0.79|0.72|0.73|0.54|0.68|0.79|0.79|0.96|0.85|0.71|0.59|0.49|0.74|0.70|0.94|0.81|0.84|0.89|0.76|0.74|0.59|0.74|0.75,Engineering,2025-11-02T11:58:25Z
LA000170,Daugavpils University,Nigeria,Latvia,Male,21,A2,78.7,0.74,Medium,Married,0.36,1,0.7,BuddyProgram,0,0.74|0.75|0.61|0.76|0.68|0.94|0.70|0.79|0.75|0.65|0.71|0.62|0.70|0.66|0.65|0.76|0.68|0.64|0.70|0.72|0.69|0.82|0.66|0.57|0.72|0.70|0.83|0.72|0.65|0.74|0.69|0.61,Computer Science,2025-11-02T11:58:25Z
LA000171,Daugavpils University,India,Latvia,Prefer not to say,23,A2,75.3,0.79,Medium,Married,0.06,0,0.6,Tutoring,1,0.86|0.63|0.72|0.62|1.00|0.80|0.77|0.62|0.57|0.62|0.66|0.81|0.60|0.76|0.39|0.84|0.67|0.85|0.60|0.83|0.63|0.79|0.81|0.64|0.79|0.69|0.79|0.55|0.88|0.46|0.78|0.84,Economics,2025-11-02T11:58:25Z
LA000172,Daugavpils University,Spain,Latvia,Prefer not to say,22,C1,68,0.75,Low,Single,0.08,0,0.1,Tutoring,1,0.60|0.85|0.79|0.98|0.97|0.73|0.58|0.66|0.73|0.97|0.60|0.64|0.84|0.78|0.75|0.86|0.65|0.70|0.56|0.85|0.63|0.64|0.85|0.50|0.90|0.96|0.66|0.65|0.58|0.81|0.87|0.93,Business,2025-11-02T11:58:25Z
LA000173,Daugavpils University,Nigeria,Latvia,Prefer not to say,18,B1,80.4,0.84,Medium,Married,0.28,0,0.7,BuddyProgram,0,0.51|0.83|0.59|0.73|0.71|0.82|0.66|0.62|0.79|0.77|0.52|0.67|0.61|0.76|0.70|0.61|0.86|0.78|0.56|0.82|0.53|0.85|0.69|0.52|0.61|0.81|0.91|0.83|0.69|0.81|0.78|0.62,Business,2025-11-02T11:58:25Z
LA000174,Daugavpils University,Slovakia,Latvia,Other,25,A2,72.8,1,High,Other,0.15,0,0.1,Tutoring,1,0.58|0.79|0.88|0.73|0.60|0.43|0.55|0.69|0.46|0.99|0.63|0.78|0.84|0.38|0.94|0.93|0.79|0.87|0.69|0.74|0.78|0.82|0.54|0.71|0.53|0.69|0.61|0.82|0.65|0.60|0.81|0.69,Psychology,2025-11-02T11:58:25Z
LA000175,Daugavpils University,Spain,Latvia,Female,22,C1,78.3,0.93,Medium,Other,0.16,0,0.1,None,1,0.83|0.74|0.87|0.79|0.76|0.89|0.86|0.89|0.69|0.79|0.73|0.68|0.78|0.73|0.73|0.80|0.85|0.71|0.68|0.73|0.79|0.55|0.50|0.79|0.63|0.85|0.78|0.60|0.59|0.87|0.70|0.77,Psychology,2025-11-02T11:58:25Z
LA000176,TSI Riga,Nigeria,Latvia,Male,22,B1,72.3,0.88,High,Other,0.43,0,0.7,LanguageMentor,1,0.73|0.40|0.51|0.85|0.77|0.77|0.75|0.48|0.87|0.88|0.75|0.38|0.79|0.75|0.80|0.74|1.00|0.86|0.81|0.74|0.65|0.83|0.83|0.75|0.64|0.62|0.94|0.75|0.86|0.83|0.61|0.49,Psychology,2025-11-02T11:58:25Z
LA000177,TSI Riga,Vietnam,Latvia,Other,21,C1,83,0.95,High,Other,0.03,0,0.6,None,1,0.55|0.74|0.78|0.91|0.80|0.66|0.71|0.69|0.66|0.70|0.70|0.67|0.76|0.69|0.60|0.79|0.82|0.87|0.78|0.63|0.76|0.96|0.86|0.55|0.92|0.83|0.69|0.47|0.89|0.57|0.41|0.57,English Philology,2025-11-02T11:58:25Z
LA000178,Daugavpils University,USA,Latvia,Male,25,C2,84.5,0.83,High,Single,0.14,0,0.3,None,1,0.87|0.67|0.51|0.87|0.72|0.73|0.62|0.77|0.67|0.65|0.74|0.97|0.59|0.61|1.00|0.52|0.68|0.57|0.80|0.60|0.84|1.00|0.75|0.97|0.53|0.84|0.70|0.86|0.82|0.53|0.77|0.69,Computer Science,2025-11-02T11:58:25Z
LA000179,TSI Riga,India,Latvia,Female,23,C1,76.6,0.97,High,Single,0.16,0,0.6,None,1,0.69|0.72|0.62|0.67|0.88|0.63|0.86|0.87|0.71|0.85|0.65|0.78|0.80|0.81|0.86|0.58|0.54|0.63|0.75|0.87|0.57|0.59|0.60|0.80|0.77|0.82|0.69|0.91|0.95|0.76|0.86|0.66,Business,2025-11-02T11:58:25Z
LA000180,TSI Riga,USA,Latvia,Female,24,C1,67.6,0.74,High,Married,0.15,0,0.3,LanguageMentor,1,0.84|0.87|0.53|0.67|0.68|0.59|0.71|0.79|0.75|0.85|0.68|0.81|0.80|0.89|0.82|0.66|0.61|0.59|0.62|0.71|0.60|0.67|0.93|0.60|0.71|0.76|0.62|0.46|0.79|0.72|0.92|0.55,Psychology,2025-11-02T11:58:25Z
LA000181,Daugavpils University,Bangladesh,Latvia,Other,27,C1,63.1,0.99,Medium,Other,0.58,0,0.6,Tutoring,1,0.65|0.67|0.71|0.57|0.85|0.61|0.79|0.82|0.70|0.75|0.61|0.72|0.90|0.79|0.61|0.62|0.66|0.73|0.86|0.76|0.55|0.82|0.61|0.79|0.82|0.73|0.77|0.57|0.64|0.58|0.82|0.94,Computer Science,2025-11-02T11:58:25Z
LA000182,TSI Riga,Ukraine,Latvia,Other,23,A2,66.2,0.98,Medium,Other,0.06,0,0.1,None,1,0.67|0.58|0.73|0.69|0.79|0.66|0.79|0.75|0.72|0.81|0.64|0.85|0.90|0.61|0.91|0.84|0.97|0.78|0.80|0.51|0.70|0.70|0.59|0.90|0.75|0.69|0.79|0.60|0.57|0.77|0.58|0.75,Engineering,2025-11-02T11:58:25Z
LA000183,TSI Riga,Latvia,Latvia,Prefer not to say,29,B2,72.5,0.8,Medium,Other,0.33,0,0.1,Tutoring,0,0.60|0.46|0.72|0.85|0.84|0.74|0.74|0.72|0.82|0.56|0.92|0.60|0.70|0.72|0.92|0.78|0.84|0.88|0.74|0.98|0.63|0.72|0.82|0.65|0.88|0.66|0.65|0.51|0.59|0.70|0.70|1.00,Psychology,2025-11-02T11:58:25Z
LA000184,Daugavpils University,Slovakia,Latvia,Female,26,C1,73.7,1,Medium,Other,0.07,0,0.1,Tutoring,1,0.59|0.72|0.98|0.73|0.83|0.80|0.79|0.88|0.93|0.77|0.96|0.91|0.84|0.61|0.70|1.00|0.71|0.85|0.70|0.77|0.87|0.82|0.86|0.72|0.74|0.69|0.99|0.56|0.58|0.55|0.61|0.53,Data Science,2025-11-02T11:58:25Z
LA000185,TSI Riga,Pakistan,Latvia,Other,23,B2,69.4,0.89,Low,Married,0.08,0,0.6,BuddyProgram,1,0.64|0.46|0.78|0.73|0.75|0.81|0.55|0.97|0.75|0.88|0.82|0.46|0.73|0.57|0.77|0.84|0.77|0.79|0.59|0.72|0.81|0.61|0.68|0.45|0.82|0.69|0.84|0.76|0.73|0.75|0.73|0.86,Logistics,2025-11-02T11:58:25Z
LA000186,Daugavpils University,Nigeria,Latvia,Female,26,B1,66.8,0.75,High,Single,0.32,1,0.7,Tutoring,0,0.83|0.89|0.96|0.54|0.86|0.54|0.63|0.82|0.61|0.71|0.87|0.69|0.57|0.78|0.84|0.59|0.80|0.71|0.54|0.86|0.82|0.66|0.63|0.51|0.67|0.77|0.86|0.72|0.82|0.59|0.70|0.72,Logistics,2025-11-02T11:58:25Z
LA000187,TSI Riga,Italy,Latvia,Other,23,A2,63.6,0.92,High,Single,0.11,0,0.1,LanguageMentor,0,0.80|0.71|0.53|1.00|0.62|0.68|0.62|0.70|0.63|0.69|0.55|0.74|0.67|0.61|0.77|0.57|0.54|0.79|0.65|0.84|0.81|0.84|0.64|0.58|0.67|0.96|0.83|0.67|0.74|0.74|0.61|0.84,Engineering,2025-11-02T11:58:25Z
LA000188,TSI Riga,Nigeria,Latvia,Other,24,C2,68.7,0.91,Medium,Other,0.18,0,0.7,LanguageMentor,1,0.79|0.47|0.68|0.78|0.79|0.72|0.68|0.62|0.64|0.67|0.71|0.85|0.79|0.58|1.00|0.66|0.90|0.78|0.97|0.78|0.68|0.74|0.78|0.73|0.73|0.62|0.77|0.89|0.70|0.82|0.60|0.63,Psychology,2025-11-02T11:58:25Z
LA000189,Daugavpils University,Brazil,Latvia,Other,20,C2,69.7,0.96,High,Other,0.13,1,0.5,Tutoring,0,1.00|0.73|0.73|0.77|0.99|0.68|0.69|0.68|0.75|0.77|0.79|0.75|0.89|0.60|0.77|0.76|0.69|0.80|0.99|0.77|0.97|0.99|0.42|0.95|0.64|0.69|0.77|0.90|0.70|0.68|0.96|0.67,Data Science,2025-11-02T11:58:25Z
LA000190,Daugavpils University,Slovakia,Latvia,Prefer not to say,23,C2,67.9,0.81,Low,Other,0.06,0,0.1,BuddyProgram,1,0.79|0.71|0.38|0.85|0.69|0.77|0.86|0.60|0.75|0.73|0.72|0.57|0.72|0.66|0.81|0.59|0.88|0.82|0.94|0.88|0.39|0.68|0.81|0.60|0.73|0.68|0.69|0.76|0.67|0.78|0.55|0.59,Psychology,2025-11-02T11:58:25Z
LA000191,Daugavpils University,Pakistan,Latvia,Prefer not to say,21,B1,63.4,0.85,High,Single,0.34,1,0.6,BuddyProgram,0,1.00|1.00|0.72|0.56|0.73|0.77|0.87|0.52|0.69|0.88|0.83|0.81|0.62|0.70|0.59|0.52|0.63|0.97|0.81|0.64|0.63|0.88|0.70|0.76|0.79|0.85|0.87|0.79|0.45|0.59|0.89|0.71,Economics,2025-11-02T11:58:25Z
LA000192,Daugavpils University,Pakistan,Latvia,Other,23,C2,72.1,0.96,Medium,Married,0.34,0,0.6,Tutoring,1,0.76|0.90|0.89|0.55|0.69|0.57|0.75|0.54|0.83|0.66|0.73|1.00|0.64|0.73|0.83|0.62|0.56|0.73|0.86|0.64|0.62|0.95|0.62|0.85|0.65|0.87|0.75|0.87|0.79|0.91|0.71|0.69,Engineering,2025-11-02T11:58:25Z
LA000193,TSI Riga,Pakistan,Latvia,Male,23,C1,69.1,0.84,High,Single,0.24,0,0.6,None,1,0.62|0.91|0.60|0.61|0.56|0.67|0.90|0.64|0.74|0.53|0.78|0.71|0.67|0.93|0.67|0.95|0.72|0.93|0.73|0.95|0.81|0.74|0.87|0.74|0.66|0.96|0.64|0.76|0.83|0.49|0.59|0.71,Psychology,2025-11-02T11:58:25Z
LA000194,TSI Riga,USA,Latvia,Prefer not to say,21,C1,71.3,0.91,Medium,Other,0.01,0,0.3,None,1,0.74|0.70|0.79|0.74|0.68|0.92|0.56|0.92|0.73|0.73|0.79|0.89|0.81|0.73|0.74|0.73|0.79|0.73|0.66|0.63|0.91|0.80|0.74|0.68|0.96|0.85|0.87|0.87|0.66|0.57|0.73|0.61,Business,2025-11-02T11:58:25Z
LA000195,Daugavpils University,USA,Latvia,Prefer not to say,23,B2,85.8,0.84,Medium,Married,0.13,0,0.3,None,1,0.87|0.64|0.53|0.73|0.71|0.83|0.61|0.65|0.78|0.84|0.78|0.79|0.80|0.98|0.76|0.96|0.76|0.85|0.84|0.62|0.81|0.73|0.71|0.72|0.48|0.89|0.81|0.94|0.89|0.77|0.67|0.59,English Philology,2025-11-02T11:58:25Z
LA000196,TSI Riga,Brazil,Latvia,Prefer not to say,23,C2,74.1,0.88,Medium,Single,0.31,0,0.5,Counseling,1,0.85|0.68|0.40|0.74|0.66|0.63|0.88|0.76|0.97|0.52|0.87|0.67|0.89|0.51|0.63|0.58|0.84|0.74|0.76|0.71|0.93|0.78|0.71|0.79|1.00|0.79|0.99|0.63|0.54|0.70|0.84|0.82,Computer Science,2025-11-02T11:58:25Z
LA000197,Daugavpils University,Italy,Latvia,Female,26,B1,68.8,0.84,High,Married,0.26,0,0.1,BuddyProgram,1,0.80|0.82|0.66|0.91|1.00|0.62|0.46|0.95|0.78|0.58|0.63|0.80|0.88|0.81|0.84|0.73|0.68|0.61|0.92|0.72|0.65|0.72|0.83|0.71|0.64|0.71|0.86|0.48|0.45|0.78|0.52|0.78,Computer Science,2025-11-02T11:58:25Z
LA000198,TSI Riga,Sri Lanka,Latvia,Prefer not to say,25,A2,85.1,0.92,High,Married,0.09,0,0.6,None,1,0.51|0.74|0.79|0.88|0.79|0.62|0.53|0.84|0.80|0.53|0.54|0.70|0.82|1.00|0.81|0.89|0.63|0.63|0.57|0.47|1.00|0.48|0.64|0.76|0.78|0.57|0.48|0.70|0.70|0.65|0.69|0.72,Computer Science,2025-11-02T11:58:25Z
LA000199,Daugavpils University,India,Latvia,Female,21,B1,68.9,0.95,Low,Single,0.49,0,0.6,None,0,0.74|0.91|0.60|0.57|0.43|0.60|0.76|0.80|0.69|0.92|0.75|0.52|0.64|0.64|0.68|0.89|0.72|0.88|0.86|0.76|0.78|0.84|0.66|0.77|0.73|0.79|0.54|0.78|0.76|0.70|0.74|0.74,Engineering,2025-11-02T11:58:25Z
LA000200,TSI Riga,Pakistan,Latvia,Male,23,B2,69,0.83,High,Married,0.56,0,0.6,BuddyProgram,1,0.80|0.63|0.82|0.66|0.76|0.51|0.69|0.65|0.70|1.00|0.85|0.83|0.62|0.88|0.66|0.66|0.66|0.65|0.79|0.84|0.87|0.70|0.68|0.72|0.42|0.88|0.84|0.71|1.00|0.91|0.59|0.76,English Philology,2025-11-02T11:58:25Z
LA000201,TSI Riga,Spain,Latvia,Female,21,C2,78.6,0.79,Low,Other,0.24,0,0.1,None,1,0.43|0.94|0.79|0.55|0.67|0.75|0.74|0.63|0.83|0.72|0.77|0.76|0.62|0.76|0.86|0.80|0.82|0.59|0.57|0.75|0.61|0.76|0.74|0.78|0.87|0.65|0.82|0.78|0.74|0.60|0.80|0.83,Psychology,2025-11-02T11:58:25Z
LA000202,Daugavpils University,Slovakia,Latvia,Other,25,C1,73.6,0.83,High,Other,0.51,0,0.1,None,1,0.99|0.69|0.93|0.82|0.83|0.78|0.84|0.65|0.70|0.63|0.72|0.79|0.56|0.74|0.77|0.65|1.00|1.00|0.76|0.76|0.42|0.62|0.97|0.66|0.63|0.87|0.83|0.66|0.67|0.73|0.90|0.55,Data Science,2025-11-02T11:58:25Z
LA000203,TSI Riga,Ukraine,Latvia,Prefer not to say,24,B2,66.3,0.81,Low,Other,0.29,1,0.1,BuddyProgram,0,0.86|0.61|0.88|0.62|0.61|0.67|0.79|0.73|0.89|1.00|0.74|0.67|0.57|0.76|0.77|0.76|1.00|0.76|0.76|0.79|0.88|0.78|0.83|0.83|0.64|0.63|0.70|1.00|0.73|0.72|0.79|0.65,Business,2025-11-02T11:58:25Z
LA000204,TSI Riga,USA,Latvia,Female,22,A2,69.9,0.79,High,Other,0.14,1,0.3,BuddyProgram,0,0.89|0.97|0.72|0.57|0.63|0.72|0.62|0.79|0.74|0.87|0.76|0.77|0.70|0.67|0.61|0.51|0.84|0.89|0.49|0.74|0.85|0.64|0.70|0.44|0.70|0.97|0.50|0.86|0.89|0.51|0.68|0.68,Economics,2025-11-02T11:58:25Z
LA000205,TSI Riga,Latvia,Latvia,Female,19,B2,60.5,0.81,Low,Single,0.09,0,0.1,LanguageMentor,1,0.83|0.61|0.77|0.72|0.79|0.86|0.85|0.51|0.87|0.75|0.68|1.00|0.59|0.81|0.68|0.80|0.45|0.73|0.59|0.86|0.64|0.78|0.59|0.73|0.43|0.77|0.77|0.89|0.49|0.93|0.48|0.55,Business,2025-11-02T11:58:25Z
LA000206,TSI Riga,Pakistan,Latvia,Other,24,C1,78.9,0.96,Low,Other,0.18,0,0.6,LanguageMentor,1,0.88|0.34|0.52|0.66|0.65|0.70|0.85|0.34|0.82|1.00|0.73|0.87|0.59|0.54|0.88|0.79|0.77|0.69|0.54|1.00|0.70|0.71|0.65|0.79|0.62|0.77|0.69|0.73|0.66|0.80|0.64|0.77,English Philology,2025-11-02T11:58:25Z
LA000207,Daugavpils University,USA,Latvia,Other,23,C2,76.8,0.84,Medium,Married,0.11,1,0.3,LanguageMentor,0,0.57|0.68|0.70|0.50|0.69|0.81|0.78|0.79|0.74|0.84|0.66|0.75|0.90|0.61|0.58|0.73|0.56|0.99|0.78|0.94|0.80|0.83|0.85|0.67|0.54|0.77|0.76|0.79|0.73|0.65|0.64|0.74,Business,2025-11-02T11:58:25Z
LA000208,Daugavpils University,India,Latvia,Prefer not to say,23,C1,92,0.83,Medium,Married,0.18,0,0.6,BuddyProgram,1,0.75|0.88|0.86|0.84|0.62|0.75|0.69|0.73|0.73|0.64|0.73|0.81|0.71|0.87|0.64|0.91|0.74|0.90|0.61|0.46|0.86|0.71|0.58|0.50|1.00|0.75|0.60|0.72|0.79|0.88|0.76|0.55,Business,2025-11-02T11:58:25Z
LA000209,TSI Riga,Brazil,Latvia,Male,22,C2,73.3,0.83,Low,Other,0.16,0,0.5,BuddyProgram,1,0.88|0.51|0.73|0.55|0.82|0.83|0.83|0.59|0.68|0.78|0.62|0.87|0.86|0.87|0.62|0.81|0.29|0.78|0.62|0.64|0.82|0.70|0.71|0.75|0.77|0.57|0.60|0.74|0.76|1.00|1.00|0.74,Computer Science,2025-11-02T11:58:25Z
LA000210,TSI Riga,Sri Lanka,Latvia,Female,21,B1,70.2,0.82,Low,Married,0.13,1,0.6,LanguageMentor,0,0.68|0.80|0.54|0.84|0.82|0.93|0.60|0.76|0.71|0.87|0.87|0.74|0.78|0.68|0.72|0.70|0.85|0.85|0.79|0.63|0.69|0.65|0.74|0.78|0.92|0.45|0.73|0.76|0.84|0.72|0.69|0.71,Computer Science,2025-11-02T11:58:25Z
LA000211,Daugavpils University,Nigeria,Latvia,Male,24,B1,70.8,0.78,Low,Other,0.55,1,0.7,BuddyProgram,0,0.74|0.94|0.84|0.70|0.91|0.79|0.72|0.60|1.00|0.72|0.92|0.50|0.92|0.54|0.73|0.71|0.88|0.79|0.76|0.69|0.97|0.61|0.62|0.76|0.56|0.80|0.77|0.68|0.68|0.81|0.73|0.80,Computer Science,2025-11-02T11:58:25Z
LA000212,Daugavpils University,Pakistan,Latvia,Female,28,C2,65.2,0.8,Low,Other,0.15,0,0.6,None,1,0.63|0.62|0.59|0.68|0.58|0.77|0.63|0.71|0.74|0.69|0.61|0.69|0.68|0.64|0.65|0.73|0.65|0.41|0.84|0.86|0.59|0.68|0.67|0.78|0.91|0.66|0.91|0.85|0.98|0.75|0.75|0.70,Computer Science,2025-11-02T11:58:25Z
LA000213,Daugavpils University,Brazil,Latvia,Other,25,B2,65.3,0.94,Low,Married,0.16,0,0.5,BuddyProgram,1,0.71|0.70|0.54|0.65|0.75|0.60|0.82|0.85|0.89|0.69|0.70|0.49|0.57|0.78|0.75|0.96|0.89|0.92|0.80|0.56|0.76|0.65|0.64|0.69|0.72|0.57|0.97|0.50|0.74|0.82|0.73|0.71,Business,2025-11-02T11:58:25Z
LA000214,Daugavpils University,Slovakia,Latvia,Male,22,C1,67.3,0.98,Low,Other,0.18,0,0.1,None,1,0.68|0.54|0.73|0.79|0.75|0.64|0.67|0.64|0.54|0.71|0.52|0.85|0.80|0.84|0.58|0.73|0.69|0.73|0.73|0.67|0.65|0.83|0.66|0.60|0.78|0.63|0.84|0.85|0.87|0.76|0.58|0.48,Psychology,2025-11-02T11:58:25Z
LA000215,Daugavpils University,Slovakia,Latvia,Other,23,C2,70.9,0.73,Low,Other,0.39,0,0.1,None,1,0.86|0.81|0.50|0.76|0.84|0.81|0.76|0.68|0.66|0.72|0.79|0.68|0.55|0.70|0.53|0.77|0.77|0.58|0.65|0.52|0.69|0.70|0.70|0.79|0.62|0.69|0.69|0.80|0.84|0.54|0.72|0.76,Computer Science,2025-11-02T11:58:25Z
LA000216,TSI Riga,Vietnam,Latvia,Prefer not to say,26,B2,70.3,0.86,Medium,Married,0.28,0,0.6,LanguageMentor,1,0.75|0.75|0.80|0.53|0.50|0.69|0.65|0.99|0.81|0.71|0.70|0.84|0.80|0.71|0.56|0.76|0.83|0.57|0.74|0.55|0.51|0.64|0.93|0.90|0.65|0.65|0.75|0.61|0.72|0.64|0.77|0.66,Psychology,2025-11-02T11:58:25Z
LA000217,Daugavpils University,USA,Latvia,Male,25,A2,88.9,0.79,Low,Other,0.31,0,0.3,LanguageMentor,0,0.55|0.77|0.63|0.61|0.77|0.74|0.84|0.53|0.73|0.66|0.85|0.72|0.70|0.53|0.60|0.84|0.45|0.71|0.77|0.85|0.76|0.65|0.79|0.82|0.89|0.71|0.96|0.75|0.59|0.88|0.37|0.71,Data Science,2025-11-02T11:58:25Z
LA000218,Daugavpils University,Bangladesh,Latvia,Female,30,C2,69.6,0.9,Medium,Married,0.22,0,0.6,LanguageMentor,1,0.85|0.59|0.63|0.58|0.78|0.58|0.89|0.58|0.61|0.71|0.67|0.76|0.66|1.00|0.79|0.89|0.78|0.65|0.64|0.68|0.60|0.57|0.84|0.85|0.57|0.87|0.63|0.58|0.54|0.81|0.78|0.74,Economics,2025-11-02T11:58:25Z
LA000219,TSI Riga,Bangladesh,Latvia,Prefer not to say,23,A2,64.6,0.78,High,Other,0.55,1,0.6,BuddyProgram,0,0.74|0.90|0.74|0.56|0.64|0.88|0.71|0.68|0.68|0.90|0.77|0.78|0.76|0.82|0.87|0.91|0.80|0.52|0.47|0.69|0.79|0.80|0.66|0.59|0.66|0.88|0.96|0.59|0.52|0.85|0.76|0.75,Computer Science,2025-11-02T11:58:25Z
LA000220,Daugavpils University,Slovakia,Latvia,Female,25,A2,68.6,0.89,High,Single,0.34,1,0.1,Tutoring,0,0.57|0.81|0.83|0.77|0.91|0.68|0.63|0.91|0.85|0.83|0.87|0.86|0.67|0.64|0.95|0.84|0.73|0.91|0.68|0.53|0.62|0.99|0.78|0.89|1.00|0.86|0.58|0.82|0.79|0.63|0.52|0.66,Economics,2025-11-02T11:58:25Z
LA000221,Daugavpils University,Spain,Latvia,Other,25,B1,76.7,0.93,Medium,Married,0.48,0,0.1,Counseling,1,0.51|0.62|0.79|0.56|0.57|0.71|0.63|0.55|0.85|0.78|0.63|0.72|0.58|0.72|0.93|0.60|0.56|0.72|0.69|0.81|0.76|0.80|0.62|0.94|0.68|0.77|0.80|0.66|0.65|0.84|0.77|0.65,Economics,2025-11-02T11:58:25Z
LA000222,TSI Riga,Nigeria,Latvia,Male,23,C1,67.1,0.87,High,Married,0.07,0,0.7,BuddyProgram,1,0.75|0.83|0.68|0.56|0.53|0.61|0.88|0.63|0.92|0.74|0.61|0.75|0.81|0.96|0.57|0.94|0.59|0.61|0.94|0.84|0.72|0.72|0.75|0.75|0.81|0.91|0.64|0.79|0.54|0.80|0.68|0.62,Engineering,2025-11-02T11:58:25Z
LA000223,TSI Riga,Slovakia,Latvia,Male,22,C1,69.6,0.86,Low,Single,0.15,0,0.1,None,1,0.69|0.47|0.49|0.68|0.71|0.71|0.83|0.87|0.81|0.65|0.76|0.71|0.74|0.69|0.74|1.00|0.62|0.54|0.87|0.81|0.67|0.67|0.73|0.66|0.91|0.64|0.60|0.79|0.84|0.51|0.72|0.70,Engineering,2025-11-02T11:58:25Z
LA000224,TSI Riga,Bangladesh,Latvia,Female,24,B1,91.8,0.9,Medium,Single,0.26,0,0.6,None,1,0.92|0.80|0.79|0.59|0.70|0.69|0.76|0.78|0.67|0.81|0.77|1.00|0.68|0.59|0.59|0.86|0.63|0.67|0.81|1.00|0.82|0.67|0.77|0.80|0.89|0.77|0.55|0.77|0.75|0.80|0.92|0.72,Economics,2025-11-02T11:58:25Z
LA000225,TSI Riga,Vietnam,Latvia,Other,23,C1,79.7,0.85,High,Single,0.15,1,0.6,None,0,0.58|0.49|0.86|0.67|0.74|0.67|1.00|0.64|0.86|0.62|0.59|1.00|0.72|0.51|0.70|0.80|0.77|0.72|0.53|0.80|0.76|0.66|1.00|0.46|0.96|0.68|0.87|0.61|0.62|0.63|0.63|0.58,Computer Science,2025-11-02T11:58:25Z
LA000226,Daugavpils University,India,Latvia,Female,22,C1,77.4,1,Low,Married,0.34,0,0.6,BuddyProgram,1,0.64|0.92|0.67|0.83|0.76|0.66|0.76|0.57|0.53|0.87|0.73|0.75|0.85|0.83|0.57|0.81|0.77|0.84|0.70|0.78|0.79|0.75|0.94|0.79|0.79|0.73|0.72|0.62|0.78|0.76|0.64|0.81,Engineering,2025-11-02T11:58:25Z
LA000227,Daugavpils University,Nigeria,Latvia,Female,28,C1,67.5,1,Medium,Single,0.44,0,0.7,None,1,0.77|0.80|0.71|0.69|0.63|0.91|0.85|0.88|0.80|0.75|0.49|0.70|0.71|0.76|0.71|0.83|0.54|0.78|0.83|0.84|0.56|0.87|0.70|0.76|0.52|0.72|0.86|0.72|0.66|0.65|0.54|0.81,Economics,2025-11-02T11:58:25Z
LA000228,Daugavpils University,Ukraine,Latvia,Other,24,A2,77.4,1,High,Single,0.13,0,0.1,BuddyProgram,1,0.81|0.86|0.55|0.80|0.86|0.58|0.78|0.71|0.72|0.59|0.86|0.83|0.90|0.81|0.71|0.88|0.47|0.67|0.89|0.80|0.69|0.72|0.90|0.81|0.61|0.74|0.58|0.62|0.88|0.69|0.67|0.62,Data Science,2025-11-02T11:58:25Z
LA000229,TSI Riga,Pakistan,Latvia,Male,24,A2,84.7,0.95,Medium,Single,0.21,0,0.6,Tutoring,1,0.80|0.71|0.62|0.78|0.85|0.70|0.62|0.76|0.68|0.61|0.92|0.74|0.73|0.90|0.80|0.53|0.53|0.68|0.99|0.71|0.80|0.79|0.72|0.71|0.67|0.88|0.50|0.84|0.83|0.71|0.89|0.82,Engineering,2025-11-02T11:58:25Z
LA000230,TSI Riga,Brazil,Latvia,Other,26,B2,80.1,0.87,Medium,Single,0.34,0,0.5,None,1,0.62|0.89|0.59|0.71|0.65|0.57|0.62|0.83|0.89|0.81|0.68|0.80|0.68|0.74|0.80|0.66|0.36|0.66|0.90|0.97|0.99|0.64|0.83|0.44|0.63|0.65|0.71|0.82|0.82|0.84|0.71|0.87,Business,2025-11-02T11:58:25Z
LA000231,TSI Riga,Italy,Latvia,Other,28,B1,74.1,0.99,High,Single,0.11,0,0.1,LanguageMentor,1,0.67|0.68|0.80|0.97|0.56|0.73|0.74|0.64|0.62|0.68|0.55|0.81|0.84|0.68|0.72|0.77|0.64|0.98|0.68|0.58|0.76|0.64|0.76|0.75|0.84|0.45|0.61|0.71|0.51|0.79|0.83|0.71,English Philology,2025-11-02T11:58:25Z
LA000232,TSI Riga,USA,Latvia,Other,24,B1,76.7,0.85,High,Single,0.4,1,0.3,LanguageMentor,0,0.49|0.69|0.59|0.78|1.00|0.68|0.78|0.60|0.88|0.89|0.75|0.82|0.63|0.72|0.78|0.63|0.76|0.94|0.94|0.80|0.64|0.73|0.59|0.67|0.91|0.50|0.90|0.86|0.48|0.84|0.58|0.58,Business,2025-11-02T11:58:25Z
LA000233,TSI Riga,Ukraine,Latvia,Prefer not to say,25,A2,69.5,0.82,Medium,Married,0.29,1,0.1,None,0,0.72|0.67|0.65|0.60|0.67|0.77|0.76|0.54|0.57|0.75|0.74|0.79|0.78|0.74|0.61|0.59|0.76|0.67|0.70|0.73|0.69|0.71|0.61|0.59|0.88|0.82|0.73|0.79|0.58|0.65|0.64|0.91,Economics,2025-11-02T11:58:25Z
LA000234,Daugavpils University,Latvia,Latvia,Male,24,A2,67.9,0.9,Low,Other,0.11,0,0.1,None,1,0.69|0.97|0.66|0.66|0.69|0.85|0.82|0.72|0.79|0.81|0.69|0.67|0.77|0.75|0.57|0.42|0.76|0.78|0.59|0.90|0.70|0.80|0.95|0.64|0.56|0.64|0.86|0.92|0.64|0.69|0.85|0.97,Business,2025-11-02T11:58:25Z
LA000235,TSI Riga,Italy,Latvia,Male,24,B1,73.7,0.96,Medium,Married,0.3,0,0.1,LanguageMentor,0,0.46|0.93|0.88|0.82|0.97|0.64|0.76|0.69|0.73|0.84|0.67|0.72|0.89|0.51|0.60|0.68|0.56|0.66|0.85|0.65|0.87|0.58|0.73|0.67|0.90|0.82|0.74|0.72|0.75|0.66|0.91|0.72,Data Science,2025-11-02T11:58:25Z
LA000236,Daugavpils University,Latvia,Latvia,Male,28,B2,73.9,1,Medium,Married,0.22,0,0.1,None,1,0.47|0.77|0.45|0.56|0.85|0.67|0.63|0.76|0.80|0.90|0.82|0.52|0.70|0.88|0.81|0.74|0.79|0.71|0.82|0.81|0.95|0.71|0.72|0.80|0.65|0.76|0.66|0.67|0.57|0.74|0.44|0.76,Psychology,2025-11-02T11:58:25Z
LA000237,Daugavpils University,Latvia,Latvia,Prefer not to say,22,B1,77.8,0.78,High,Married,0.1,0,0.1,BuddyProgram,0,0.66|0.72|0.70|0.74|0.78|0.77|0.77|0.77|0.77|0.86|0.75|0.67|1.00|0.63|0.74|0.64|0.72|0.76|0.86|0.93|0.71|0.69|0.58|0.72|0.69|0.88|0.86|0.92|0.74|0.78|0.73|0.68,Business,2025-11-02T11:58:25Z
LA000238,TSI Riga,Pakistan,Latvia,Other,23,B2,71.5,0.79,High,Single,0.31,0,0.6,BuddyProgram,1,0.72|0.81|0.67|0.74|0.85|0.74|0.53|0.39|0.89|0.68|0.58|0.86|0.92|0.71|0.79|0.52|0.63|0.61|0.48|0.73|0.71|0.69|0.57|0.51|0.64|0.63|0.68|0.76|0.67|0.92|0.74|0.93,Economics,2025-11-02T11:58:25Z
LA000239,TSI Riga,Italy,Latvia,Male,22,B1,61.9,0.94,High,Married,0.32,1,0.1,BuddyProgram,0,0.84|0.60|0.72|0.85|0.80|0.81|0.70|0.70|0.67|0.63|0.93|0.76|0.65|0.94|0.72|0.61|0.43|0.63|0.90|0.83|0.93|0.68|0.62|0.82|0.75|0.55|0.71|0.63|0.59|0.69|0.62|0.77,Computer Science,2025-11-02T11:58:25Z
LA000240,TSI Riga,Spain,Latvia,Female,20,C1,71.7,0.8,High,Other,0.09,0,0.1,None,1,0.70|0.75|0.76|0.76|0.68|0.72|0.55|0.71|0.51|0.94|0.76|0.67|0.72|0.46|0.62|0.74|0.92|0.87|0.79|0.63|0.40|0.80|0.61|0.64|0.77|0.88|0.62|0.80|0.85|0.80|0.62|0.70,Economics,2025-11-02T11:58:25Z
LA000241,TSI Riga,Sri Lanka,Latvia,Other,22,B1,71.6,0.86,Medium,Single,0.61,1,0.6,LanguageMentor,0,1.00|0.68|0.67|1.00|0.72|0.92|0.70|0.76|0.61|0.72|0.74|0.70|0.88|0.64|0.69|0.62|0.44|0.62|0.83|0.39|0.48|0.45|0.40|0.36|0.70|0.56|0.76|0.72|0.69|0.55|0.82|0.85,English Philology,2025-11-02T11:58:25Z
LA000242,Daugavpils University,Nigeria,Latvia,Female,25,A2,70.4,0.86,Low,Married,0.47,1,0.7,LanguageMentor,0,0.87|0.82|0.83|0.77|0.70|0.87|0.80|0.77|0.64|0.65|0.89|0.81|0.58|0.78|0.78|0.73|0.75|0.82|1.00|0.82|0.67|0.54|0.67|0.82|0.74|0.50|0.76|0.44|0.55|0.78|0.65|0.63,Data Science,2025-11-02T11:58:25Z
LA000243,Daugavpils University,Nigeria,Latvia,Other,23,C2,72.8,0.82,High,Single,0.13,0,0.7,None,1,0.74|0.83|0.67|0.68|0.72|0.59|0.71|0.79|0.78|0.78|0.69|0.92|0.52|0.94|0.77|0.85|0.98|0.69|0.73|0.46|0.60|0.38|0.69|0.67|0.93|0.76|0.78|0.66|0.81|0.79|0.71|0.61,Engineering,2025-11-02T11:58:25Z
LA000244,Daugavpils University,Nigeria,Latvia,Prefer not to say,29,C2,69.1,0.97,High,Other,0.42,0,0.7,None,1,0.72|0.67|0.57|0.69|0.85|0.65|0.88|0.45|0.61|0.87|0.76|0.61|0.83|0.83|0.64|0.69|0.95|0.72|0.78|0.81|0.55|0.64|1.00|0.79|0.59|0.65|0.79|0.90|0.85|0.67|0.50|0.77,English Philology,2025-11-02T11:58:25Z
LA000245,Daugavpils University,Sri Lanka,Latvia,Other,23,B1,65.7,0.92,Medium,Married,0.39,0,0.6,LanguageMentor,0,0.89|0.80|0.93|0.79|0.74|0.80|0.84|0.64|1.00|0.47|0.54|0.90|0.96|0.76|0.66|0.51|0.87|0.72|0.72|0.90|0.78|1.00|0.72|0.72|0.69|0.71|0.78|0.72|0.76|0.47|0.58|0.78,Logistics,2025-11-02T11:58:25Z
LA000246,Daugavpils University,Bangladesh,Latvia,Prefer not to say,27,C2,69.5,0.82,High,Single,0.36,1,0.6,Tutoring,0,0.61|0.80|0.52|0.81|0.46|0.58|0.83|0.70|0.49|0.71|0.77|0.96|0.80|0.83|0.91|0.71|0.54|0.75|0.70|0.78|0.70|0.68|0.88|0.54|0.76|0.68|0.58|0.66|0.79|0.66|0.65|0.72,Psychology,2025-11-02T11:58:25Z
LA000247,Daugavpils University,Latvia,Latvia,Other,25,B2,98,0.94,Low,Single,0.39,0,0.1,BuddyProgram,1,0.94|0.70|0.81|0.57|0.62|0.60|0.54|0.78|0.65|0.48|0.90|0.74|0.87|0.83|0.64|0.85|0.87|0.78|0.68|0.58|0.71|0.57|0.96|0.83|0.68|0.61|0.51|0.74|0.69|0.72|1.00|0.80,Data Science,2025-11-02T11:58:25Z
LA000248,TSI Riga,Ukraine,Latvia,Male,21,B1,75.3,0.78,Low,Other,0.16,0,0.1,BuddyProgram,1,0.86|0.80|0.78|0.84|0.73|0.66|0.92|0.75|0.65|0.63|0.68|0.78|0.73|0.72|0.54|0.53|0.61|0.45|0.81|0.57|0.67|0.90|0.66|0.80|0.63|0.74|0.57|0.83|0.79|0.73|0.58|0.76,Engineering,2025-11-02T11:58:25Z
LA000249,TSI Riga,Latvia,Latvia,Prefer not to say,24,A2,76.1,1,Medium,Married,0.23,0,0.1,Tutoring,1,0.84|1.00|0.96|0.39|0.60|0.71|0.89|0.78|0.65|1.00|0.74|0.65|0.74|0.45|0.49|0.77|0.55|0.84|0.82|0.82|0.91|0.83|0.69|0.48|0.94|0.63|0.64|0.64|0.73|0.71|0.72|0.72,Economics,2025-11-02T11:58:25Z
LA000250,TSI Riga,India,Latvia,Female,20,B1,73.7,0.92,Medium,Single,0.32,0,0.6,BuddyProgram,0,0.88|1.00|0.46|0.72|0.83|0.53|0.82|0.78|0.61|0.68|0.60|0.53|0.84|0.71|0.93|0.65|0.60|0.77|0.83|0.68|0.50|0.73|0.62|0.70|0.77|0.94|0.84|0.60|0.91|0.85|0.70|0.75,Logistics,2025-11-02T11:58:25Z
LA000251,Daugavpils University,Nigeria,Latvia,Prefer not to say,21,B1,75.4,0.89,High,Single,0.14,1,0.7,BuddyProgram,0,0.72|0.54|0.86|0.74|0.66|0.84|0.63|0.83|0.61|0.71|0.74|0.94|0.69|0.73|0.70|0.72|0.73|0.89|0.74|0.56|0.66|0.74|0.69|0.78|0.79|0.60|0.64|0.86|0.68|0.67|0.46|0.86,Computer Science,2025-11-02T11:58:25Z
LA000252,TSI Riga,Ukraine,Latvia,Male,20,B2,72.3,0.83,Medium,Married,0.32,0,0.1,BuddyProgram,0,0.80|0.94|0.69|0.77|0.70|0.88|0.71|0.66|0.58|0.73|0.86|0.56|0.90|0.83|0.42|0.84|0.88|0.49|0.69|0.79|0.67|0.83|0.67|0.59|0.79|0.80|0.69|0.85|0.82|0.74|0.63|0.81,Business,2025-11-02T11:58:25Z
LA000253,Daugavpils University,Sri Lanka,Latvia,Male,20,C1,76.4,0.94,Medium,Single,0.24,0,0.6,None,1,0.81|0.60|0.58|0.79|0.66|0.79|0.80|0.58|0.85|0.62|0.78|0.65|0.58|0.91|0.61|0.57|0.63|0.80|0.76|0.87|0.90|0.81|0.66|1.00|0.48|0.93|0.72|0.46|0.73|0.60|0.71|0.45,Engineering,2025-11-02T11:58:25Z
LA000254,TSI Riga,USA,Latvia,Prefer not to say,22,C1,76.9,0.83,Medium,Single,0.2,0,0.3,Tutoring,1,0.68|0.83|0.98|0.67|0.50|0.73|0.42|0.74|0.69|0.65|0.75|0.66|0.70|0.86|0.61|0.52|0.73|0.50|0.74|0.58|0.66|0.44|0.82|0.68|0.79|0.86|0.57|0.60|0.75|0.78|0.67|0.82,Computer Science,2025-11-02T11:58:25Z
LA000255,Daugavpils University,Slovakia,Latvia,Other,27,B2,74.4,0.95,High,Married,0.17,0,0.1,LanguageMentor,0,0.44|0.63|0.92|0.66|0.73|0.82|0.95|0.70|0.72|0.69|0.88|0.79|0.82|0.87|0.83|0.86|0.58|0.55|0.80|0.66|0.88|0.93|0.78|0.89|0.73|0.78|0.78|0.99|0.69|0.52|0.65|0.66,Computer Science,2025-11-02T11:58:25Z
LA000256,Daugavpils University,Sri Lanka,Latvia,Prefer not to say,23,C2,84.4,0.93,High,Other,0.24,0,0.6,LanguageMentor,1,0.86|0.71|0.82|0.68|0.66|0.69|0.76|0.84|0.44|0.67|0.77|0.60|0.69|0.83|0.53|0.64|0.90|0.49|0.59|0.57|0.60|0.79|0.77|0.75|0.69|0.75|0.63|0.84|0.70|0.63|0.70|0.61,Computer Science,2025-11-02T11:58:25Z
LA000257,TSI Riga,Italy,Latvia,Prefer not to say,22,A2,76.6,0.99,High,Married,0.54,0,0.1,LanguageMentor,1,0.69|0.49|0.59|0.52|0.74|0.75|0.71|0.84|0.70|0.75|0.80|0.65|0.76|0.79|0.53|0.75|0.76|0.67|0.66|0.74|0.67|0.77|1.00|0.73|0.72|0.81|0.90|0.74|0.72|0.55|0.60|0.68,English Philology,2025-11-02T11:58:25Z
LA000258,Daugavpils University,Pakistan,Latvia,Prefer not to say,32,A2,75,0.83,High,Other,0.2,1,0.6,None,0,0.65|0.51|0.74|0.82|0.72|0.84|0.78|0.66|0.70|0.70|0.71|0.91|0.57|0.64|0.75|0.57|0.70|0.85|0.65|0.70|1.00|0.72|0.51|0.79|0.77|1.00|0.85|0.62|0.50|0.71|0.54|0.64,Psychology,2025-11-02T11:58:25Z
LA000259,TSI Riga,Ukraine,Latvia,Female,21,A2,77.9,0.87,Low,Other,0.43,0,0.1,None,1,0.94|0.59|0.81|0.68|0.75|0.55|0.76|0.72|0.68|0.91|0.78|0.78|0.87|0.93|0.89|0.68|0.42|0.90|0.66|0.78|0.76|0.54|0.67|0.64|0.87|0.80|0.72|0.73|0.79|0.72|0.89|0.83,Economics,2025-11-02T11:58:25Z
LA000260,TSI Riga,Bangladesh,Latvia,Other,20,C1,68.7,0.81,Medium,Single,0.26,0,0.6,BuddyProgram,1,0.62|0.69|0.84|0.62|0.67|0.76|0.75|0.49|0.78|0.89|0.85|0.65|0.67|0.75|0.67|0.62|0.61|0.68|0.77|0.63|0.89|0.67|0.60|0.74|0.82|0.52|0.69|0.77|0.68|0.96|0.64|0.74,Logistics,2025-11-02T11:58:25Z
LA000261,Daugavpils University,Sri Lanka,Latvia,Other,22,B1,72,0.86,Low,Single,0.11,1,0.6,Counseling,0,0.87|0.70|0.79|0.60|0.87|0.85|0.64|0.61|0.87|0.55|0.87|0.78|0.76|0.73|0.63|0.92|0.42|0.76|0.71|0.72|0.77|0.72|0.47|0.65|0.74|0.85|0.52|0.63|0.86|0.73|0.76|0.56,Computer Science,2025-11-02T11:58:25Z
LA000262,TSI Riga,Latvia,Latvia,Female,23,C1,64.7,1,Medium,Married,0.27,0,0.1,LanguageMentor,1,0.91|0.52|0.67|0.66|0.80|1.00|0.72|0.76|0.71|0.72|0.66|0.56|0.91|0.68|0.77|0.49|0.75|0.93|0.71|0.81|0.69|0.52|0.68|0.69|0.62|0.72|0.72|0.72|0.56|0.64|0.82|0.68,Engineering,2025-11-02T11:58:25Z
LA000263,Daugavpils University,Slovakia,Latvia,Male,23,B1,78.6,0.84,High,Married,0.2,0,0.1,Tutoring,1,0.89|0.73|0.56|0.93|0.76|0.46|0.54|0.83|0.82|0.84|0.65|0.56|0.85|0.80|0.73|0.67|0.90|0.84|0.70|0.74|0.72|0.70|0.73|0.79|0.79|0.69|0.50|0.71|0.74|0.60|0.69|0.71,Computer Science,2025-11-02T11:58:25Z
LA000264,Daugavpils University,Bangladesh,Latvia,Male,20,B1,50.3,0.97,Low,Other,0.64,1,0.6,None,0,0.92|0.63|0.95|0.79|0.67|0.72|0.87|0.62|0.72|0.87|0.87|0.53|0.88|0.77|0.46|0.44|0.67|0.53|0.83|0.51|0.63|0.54|0.48|0.56|0.79|0.64|0.57|0.58|0.74|0.71|0.87|0.57,Computer Science,2025-11-02T11:58:25Z
LA000265,Daugavpils University,Italy,Latvia,Male,28,A2,67.2,0.97,Low,Single,0.24,0,0.1,None,1,0.59|0.65|0.81|0.81|0.67|0.75|0.75|0.71|0.58|0.96|0.74|0.69|0.87|0.79|0.77|0.64|0.78|0.73|1.00|0.85|0.70|0.62|0.85|0.83|0.69|0.71|0.44|0.75|0.80|0.53|0.78|0.65,Engineering,2025-11-02T11:58:25Z
LA000266,TSI Riga,India,Latvia,Other,23,C2,81.3,0.79,High,Single,0.18,0,0.6,None,1,0.88|0.72|0.79|0.61|0.62|0.52|0.45|0.79|0.81|0.94|0.58|0.77|0.64|0.69|0.89|0.47|0.79|0.79|0.48|0.94|0.83|0.59|0.62|0.62|0.65|0.89|0.59|0.59|0.98|0.64|0.77|0.69,English Philology,2025-11-02T11:58:25Z
LA000267,TSI Riga,Spain,Latvia,Prefer not to say,22,B1,87.4,0.9,High,Other,0.63,0,0.1,None,1,0.82|0.88|0.81|0.64|0.67|0.75|0.64|0.88|0.62|0.49|0.47|0.62|0.47|0.52|0.62|0.60|0.69|0.42|0.77|0.68|0.48|0.68|0.39|0.41|0.77|0.69|0.75|0.75|0.90|1.00|0.60|0.68,Logistics,2025-11-02T11:58:25Z
LA000268,TSI Riga,Vietnam,Latvia,Other,23,B1,73.7,0.96,Low,Other,0.13,0,0.6,LanguageMentor,1,0.71|0.84|0.41|0.57|0.70|0.43|0.90|0.73|1.00|0.66|0.90|0.73|0.70|0.75|0.70|0.75|0.65|0.93|0.73|0.74|0.70|0.69|0.81|0.86|0.81|0.90|0.77|0.81|0.96|0.79|0.66|0.62,Logistics,2025-11-02T11:58:25Z
LA000269,TSI Riga,Sri Lanka,Latvia,Female,23,C1,63.8,0.96,Medium,Married,0.17,0,0.6,BuddyProgram,0,0.81|0.65|0.68|0.64|0.59|0.91|0.55|0.66|0.42|1.00|1.00|0.59|0.69|0.92|0.66|0.73|0.60|0.78|0.78|0.75|0.84|0.52|0.84|0.60|0.87|0.62|0.64|0.72|0.60|0.76|0.75|0.68,Data Science,2025-11-02T11:58:25Z
LA000270,Daugavpils University,Slovakia,Latvia,Female,19,A2,79.4,0.93,High,Married,0.18,1,0.1,None,0,0.76|0.44|0.66|0.72|0.79|0.73|0.40|0.54|1.00|0.87|0.54|0.86|0.69|0.67|0.77|0.79|0.69|0.66|0.87|0.76|0.70|0.78|0.76|0.81|0.63|0.75|0.54|0.80|0.67|0.67|0.86|0.62,English Philology,2025-11-02T11:58:25Z
LA000271,Daugavpils University,Sri Lanka,Latvia,Male,19,B1,50,0.97,High,Other,0.22,0,0.6,Tutoring,0,0.87|0.80|0.70|0.70|0.59|1.00|0.73|0.67|0.69|0.91|0.51|0.71|0.83|1.00|0.72|0.80|0.61|0.75|0.82|0.82|0.79|0.74|0.61|0.80|0.68|0.79|0.74|0.96|0.53|0.64|0.57|0.70,Computer Science,2025-11-02T11:58:25Z
LA000272,TSI Riga,USA,Latvia,Female,23,C1,76.7,0.83,Low,Other,0.1,0,0.3,None,1,0.72|0.72|0.85|0.67|0.55|0.95|0.79|0.69|0.79|0.73|1.00|0.64|0.82|0.74|0.76|0.59|0.74|0.90|0.82|0.97|0.60|0.63|0.68|0.76|0.91|0.77|0.36|0.75|0.70|0.86|0.57|0.54,Engineering,2025-11-02T11:58:25Z
LA000273,Daugavpils University,USA,Latvia,Female,28,B2,84,0.9,Low,Other,0.46,0,0.3,LanguageMentor,1,0.86|0.79|0.63|0.96|0.55|0.69|0.73|0.70|0.84|0.61|0.81|0.44|0.61|0.70|0.78|0.69|0.88|0.79|0.96|0.95|0.74|0.66|0.97|0.61|0.64|0.69|0.65|0.74|0.58|0.98|0.71|0.69,Computer Science,2025-11-02T11:58:25Z
LA000274,TSI Riga,Bangladesh,Latvia,Prefer not to say,21,C2,76.2,0.82,Medium,Married,0.09,1,0.6,LanguageMentor,0,0.46|0.91|0.50|0.64|0.65|0.61|0.69|0.74|0.59|0.60|0.57|0.80|0.71|0.79|0.55|0.57|0.97|0.71|0.44|0.80|0.74|0.82|0.67|0.61|0.66|0.88|0.75|0.86|0.56|0.58|0.82|0.87,Data Science,2025-11-02T11:58:25Z
LA000275,TSI Riga,Italy,Latvia,Prefer not to say,21,B1,61.7,0.88,High,Single,0.26,1,0.1,LanguageMentor,0,0.53|0.87|0.70|0.63|0.56|0.81|0.60|0.84|0.80|0.57|0.58|0.67|0.64|0.64|0.80|0.84|0.81|0.72|0.71|0.85|0.68|0.57|0.79|0.75|0.68|0.55|0.59|0.67|0.94|0.71|0.79|0.52,Engineering,2025-11-02T11:58:25Z
LA000276,Daugavpils University,Spain,Latvia,Male,23,C2,79.1,0.95,Medium,Single,0.22,0,0.1,None,0,0.83|0.80|0.66|0.72|0.72|0.74|0.75|0.81|0.79|0.79|0.88|0.57|0.71|0.63|0.84|0.82|0.81|0.71|0.70|0.67|0.65|0.45|0.77|0.65|0.91|0.69|0.76|0.80|0.83|0.53|0.63|0.71,English Philology,2025-11-02T11:58:25Z
LA000277,Daugavpils University,Latvia,Latvia,Other,25,B2,64.9,0.97,Low,Other,0.33,0,0.1,Tutoring,1,0.84|0.71|0.66|0.76|0.71|0.67|0.71|0.75|0.73|0.71|0.70|0.81|0.51|0.59|0.58|0.68|1.00|0.76|0.81|0.73|0.85|0.91|0.60|0.61|0.64|0.68|0.71|0.60|0.49|0.84|0.68|0.82,Logistics,2025-11-02T11:58:25Z
LA000278,Daugavpils University,Latvia,Latvia,Female,25,A2,63.4,0.91,Medium,Other,0.5,0,0.1,None,1,0.72|0.75|0.83|0.76|0.87|0.80|0.88|0.64|0.49|0.87|0.65|0.72|0.72|0.91|0.71|0.79|0.82|0.70|0.73|0.76|0.94|0.70|0.65|0.76|0.62|0.73|0.50|0.68|0.54|0.82|0.99|0.71,Engineering,2025-11-02T11:58:25Z
LA000279,TSI Riga,Italy,Latvia,Female,23,C2,76.5,0.92,Medium,Other,0.37,0,0.1,BuddyProgram,1,0.86|0.78|0.88|0.93|0.63|0.76|0.68|0.66|0.85|0.68|0.72|0.80|0.58|0.77|0.68|0.88|0.68|0.75|0.85|0.55|0.84|0.72|0.58|0.95|0.82|0.69|0.87|0.65|0.64|0.65|0.46|0.74,Psychology,2025-11-02T11:58:25Z
LA000280,TSI Riga,India,Latvia,Female,22,A2,77.9,0.85,High,Other,0.14,0,0.6,None,1,0.87|0.68|0.67|0.56|0.62|0.83|0.40|0.64|0.71|0.72|0.84|0.73|0.51|0.54|0.78|0.80|0.68|0.96|0.90|0.66|0.77|0.71|0.80|0.40|0.74|0.67|0.64|0.73|0.77|0.90|0.70|0.87,Data Science,2025-11-02T11:58:25Z
LA000281,Daugavpils University,Italy,Latvia,Prefer not to say,27,A2,55.2,0.92,Medium,Single,0.34,0,0.1,None,1,0.61|0.65|0.80|0.77|0.70|0.82|0.82|0.74|0.63|0.57|0.63|0.92|0.37|0.55|0.77|0.51|0.78|0.53|0.92|0.86|0.85|0.62|0.86|0.87|0.82|0.68|0.89|0.67|0.87|0.59|0.77|0.77,Logistics,2025-11-02T11:58:25Z
LA000282,Daugavpils University,Spain,Latvia,Other,28,C1,70.6,0.93,Low,Other,0.38,0,0.1,LanguageMentor,1,0.85|0.63|0.74|0.80|0.78|0.94|0.86|0.59|0.74|0.77|0.79|0.63|0.98|0.74|0.71|0.60|0.79|0.47|0.74|0.56|0.75|0.62|0.55|0.73|0.72|0.75|0.75|0.42|0.60|0.87|1.00|0.65,Economics,2025-11-02T11:58:25Z
LA000283,Daugavpils University,Bangladesh,Latvia,Female,25,A2,68.3,0.88,Medium,Other,0.32,1,0.6,LanguageMentor,0,0.83|0.73|0.59|0.40|0.61|0.68|0.68|0.79|1.00|0.63|0.87|0.78|0.93|0.77|0.73|0.61|0.74|0.56|0.68|0.84|0.77|0.52|0.64|0.75|0.72|0.59|0.79|0.72|0.76|0.80|0.78|0.67,English Philology,2025-11-02T11:58:25Z
LA000284,TSI Riga,USA,Latvia,Female,23,A2,82.4,1,Medium,Married,0.16,1,0.3,None,0,0.69|0.66|0.53|0.76|0.79|0.67|0.64|0.77|0.90|0.84|0.73|0.70|0.81|0.76|0.73|0.72|0.80|0.53|0.83|0.75|0.64|0.74|0.89|0.64|0.78|0.84|0.80|0.72|0.66|0.50|0.59|0.59,Data Science,2025-11-02T11:58:25Z
LA000285,TSI Riga,Slovakia,Latvia,Prefer not to say,23,B2,70.3,0.91,Medium,Other,0.42,1,0.1,None,0,0.65|0.67|0.65|0.75|0.72|0.64|0.62|0.90|0.64|0.43|0.65|0.89|0.69|0.77|0.65|0.72|0.54|0.81|0.57|0.45|0.70|0.70|0.77|0.74|0.90|0.61|0.79|0.69|0.55|0.96|0.89|0.62,Computer Science,2025-11-02T11:58:25Z
LA000286,TSI Riga,Brazil,Latvia,Male,22,B1,66.6,0.88,High,Married,0.34,1,0.5,Counseling,0,0.85|0.63|0.68|0.82|0.72|0.86|1.00|0.71|0.76|0.96|0.95|1.00|0.74|0.88|0.67|0.98|0.86|0.63|0.67|0.61|0.62|0.80|0.81|0.65|0.66|0.75|0.73|0.74|0.39|0.73|0.78|0.94,Data Science,2025-11-02T11:58:25Z
LA000287,TSI Riga,Nigeria,Latvia,Male,22,A2,61.4,0.72,High,Single,0.33,1,0.7,LanguageMentor,0,0.85|0.68|0.99|1.00|0.87|0.98|0.72|0.81|0.70|0.62|0.75|0.62|0.69|0.78|1.00|0.70|1.00|0.78|0.63|0.66|0.78|0.73|0.75|0.83|0.82|0.82|0.75|0.71|0.84|0.64|0.71|0.55,Business,2025-11-02T11:58:25Z
LA000288,Daugavpils University,Slovakia,Latvia,Other,21,C1,79.6,0.89,High,Married,0.37,0,0.1,None,1,0.72|0.64|0.83|0.79|0.76|0.84|0.74|0.79|0.67|0.63|0.68|0.79|0.67|0.57|0.52|0.65|0.81|0.69|0.66|0.54|0.82|0.74|0.65|0.90|0.77|0.98|0.96|0.85|0.70|0.75|0.69|1.00,Business,2025-11-02T11:58:25Z
LA000289,TSI Riga,Vietnam,Latvia,Other,23,A2,46.2,0.87,Medium,Married,0.03,1,0.6,None,0,0.96|0.75|0.74|0.85|0.78|0.59|0.76|0.61|0.97|0.86|0.81|0.92|0.83|0.97|0.78|0.84|1.00|0.74|0.67|0.67|0.88|0.71|0.71|0.74|0.66|0.69|0.66|0.79|0.85|0.53|0.75|0.94,Logistics,2025-11-02T11:58:25Z
LA000290,TSI Riga,Italy,Latvia,Prefer not to say,23,C1,65.2,1,Low,Other,0.05,0,0.1,Tutoring,1,0.81|0.78|0.79|0.76|0.84|0.32|0.58|0.51|0.61|0.59|0.87|0.63|0.67|0.77|0.72|0.70|0.58|0.61|0.73|0.77|0.70|0.68|0.56|0.75|0.72|0.70|0.74|0.47|0.70|0.55|0.67|0.73,Engineering,2025-11-02T11:58:25Z
LA000291,Daugavpils University,Pakistan,Latvia,Prefer not to say,24,B2,54.7,0.76,Low,Married,0.36,0,0.6,BuddyProgram,1,0.55|0.66|0.89|0.43|0.67|0.78|0.68|0.75|0.59|0.70|0.76|0.74|0.50|0.70|0.62|0.87|0.89|0.49|0.76|0.90|0.62|0.69|0.66|0.79|0.67|0.73|0.88|0.78|0.73|0.78|0.78|0.81,Engineering,2025-11-02T11:58:25Z
LA000292,Daugavpils University,Sri Lanka,Latvia,Female,26,B2,72.8,0.86,Low,Single,0.26,0,0.6,LanguageMentor,1,0.74|0.73|0.46|0.90|0.82|0.92|0.48|0.73|0.62|0.79|0.84|0.81|0.95|0.71|0.73|0.84|0.61|0.67|0.62|0.67|0.61|0.80|0.85|0.75|0.73|0.70|0.62|1.00|0.71|0.77|0.93|0.58,Business,2025-11-02T11:58:25Z
LA000293,Daugavpils University,Bangladesh,Latvia,Prefer not to say,21,C1,64.6,0.94,High,Married,0.3,0,0.6,None,1,0.69|0.99|0.96|0.71|0.72|0.49|1.00|0.61|0.54|0.89|0.80|0.85|0.86|0.68|0.73|0.66|0.60|0.67|0.69|0.75|0.48|0.80|0.66|0.70|0.77|0.90|0.72|0.66|0.57|0.60|0.79|0.86,Economics,2025-11-02T11:58:25Z
LA000294,Daugavpils University,Nigeria,Latvia,Male,27,C2,63.7,0.89,Low,Single,0.2,0,0.7,LanguageMentor,1,0.60|0.60|0.97|0.96|0.71|0.81|0.76|0.78|0.58|1.00|0.61|0.62|0.53|0.71|0.60|0.58|0.83|0.81|0.62|0.81|0.66|1.00|0.86|0.84|0.73|0.86|0.84|0.59|0.51|0.78|0.63|0.65,Computer Science,2025-11-02T11:58:25Z
LA000295,TSI Riga,Bangladesh,Latvia,Prefer not to say,31,A2,66.3,0.88,Low,Other,0.63,0,0.6,LanguageMentor,0,0.76|0.72|0.65|0.65|0.65|0.71|0.53|0.76|0.64|0.67|0.74|0.71|0.66|0.66|0.71|0.57|0.58|0.53|0.47|0.79|0.31|0.24|0.72|0.66|0.80|0.83|0.89|0.79|0.89|0.56|0.93|0.56,Business,2025-11-02T11:58:25Z
LA000296,TSI Riga,Italy,Latvia,Prefer not to say,23,B2,67.9,0.95,Medium,Married,0.24,0,0.1,None,1,0.68|0.70|0.62|0.80|0.48|0.78|0.64|0.72|1.00|0.66|0.77|0.52|0.77|0.79|0.85|0.62|0.98|0.83|0.80|0.71|0.82|0.74|0.88|0.78|0.64|0.65|0.60|0.63|0.55|0.67|0.71|0.97,Logistics,2025-11-02T11:58:25Z
LA000297,Daugavpils University,Ukraine,Latvia,Male,24,C2,68.2,0.91,Medium,Married,0.18,0,0.1,None,1,0.72|0.80|0.66|0.46|1.00|0.61|0.65|0.95|0.72|0.73|0.71|0.70|0.81|0.85|0.75|0.92|0.62|0.92|0.65|0.77|0.91|0.80|0.89|0.77|0.76|0.52|0.60|0.81|0.98|0.52|0.69|0.83,Engineering,2025-11-02T11:58:25Z
LA000298,Daugavpils University,Ukraine,Latvia,Other,20,B2,68.5,0.87,Medium,Other,0.11,1,0.1,Tutoring,0,0.80|0.40|0.53|0.80|0.85|0.70|0.64|0.63|0.63|0.83|0.78|0.90|0.58|0.79|0.77|0.66|0.58|0.76|0.64|0.76|1.00|0.75|0.66|0.73|0.77|0.69|0.73|0.66|0.88|0.68|0.90|0.75,English Philology,2025-11-02T11:58:25Z
LA000299,Daugavpils University,Slovakia,Latvia,Male,25,C1,71.5,0.86,Medium,Married,0.37,0,0.1,BuddyProgram,1,0.78|0.84|0.69|0.61|0.66|0.73|0.44|0.73|0.75|0.68|0.69|0.56|0.51|0.87|0.67|0.91|0.88|0.71|0.43|0.82|0.77|0.58|0.69|0.86|0.62|0.68|0.51|0.56|0.74|0.71|0.89|0.90,Logistics,2025-11-02T11:58:25Z
LA000300,TSI Riga,Ukraine,Latvia,Other,22,C2,82.9,0.96,High,Single,0.21,0,0.1,None,1,0.91|0.75|0.60|0.87|0.71|0.63|0.70|0.62|0.39|0.89|0.77|0.81|0.82|1.00|0.81|0.78|0.99|0.63|0.83|0.47|0.80|0.59|0.56|0.88|0.83|0.89|0.97|0.83|0.84|0.65|0.74|0.72,Business,2025-11-02T11:58:25Z
LA000301,Daugavpils University,USA,Latvia,Prefer not to say,23,B1,72.2,0.86,Low,Single,0.08,1,0.3,BuddyProgram,0,0.80|0.64|0.72|0.83|0.54|0.60|0.76|0.84|0.53|0.84|0.77|0.88|0.71|0.59|0.86|0.63|0.50|0.80|0.65|0.77|0.68|0.65|0.64|0.73|1.00|0.75|0.82|0.91|0.71|0.75|0.58|0.84,English Philology,2025-11-02T11:58:25Z
LA000302,TSI Riga,Brazil,Latvia,Prefer not to say,25,B2,68.5,0.84,Low,Other,0.44,1,0.5,BuddyProgram,0,0.77|0.66|1.00|0.83|0.75|0.77|0.80|0.66|0.68|0.80|0.55|0.74|0.51|0.76|0.70|0.63|1.00|0.82|0.84|0.74|0.62|0.61|0.63|0.82|0.82|0.55|0.54|0.57|0.89|0.74|0.74|0.70,Engineering,2025-11-02T11:58:25Z
LA000303,Daugavpils University,Ukraine,Latvia,Male,18,A2,69.7,0.74,High,Married,0.4,1,0.1,Tutoring,0,0.85|0.75|0.83|0.53|0.78|0.65|0.93|0.79|0.42|0.56|0.86|0.79|0.89|0.72|0.89|0.83|0.57|0.85|0.65|0.72|0.74|0.84|0.87|0.65|0.84|0.81|0.63|0.53|0.65|0.77|0.60|0.78,Psychology,2025-11-02T11:58:25Z
LA000304,Daugavpils University,USA,Latvia,Female,28,C2,76.8,0.83,Medium,Married,0.26,0,0.3,None,0,0.66|0.52|0.55|1.00|0.64|0.70|0.54|0.62|0.61|0.84|0.64|0.70|0.57|0.62|0.81|0.61|0.49|0.82|0.73|0.65|0.75|0.68|0.89|0.69|0.84|0.90|0.69|0.58|0.68|0.88|0.73|0.88,English Philology,2025-11-02T11:58:25Z
LA000305,TSI Riga,Latvia,Latvia,Female,22,C1,77.2,0.89,High,Other,0.63,0,0.1,BuddyProgram,0,0.74|0.82|0.63|0.69|0.73|0.84|0.62|0.64|0.57|0.95|0.51|0.80|0.52|0.72|0.64|0.68|0.83|0.58|0.67|0.50|0.42|0.53|0.68|0.42|0.93|0.70|0.88|0.80|0.71|0.45|0.86|0.57,Data Science,2025-11-02T11:58:25Z
LA000306,TSI Riga,Bangladesh,Latvia,Prefer not to say,21,C1,70.2,0.91,Medium,Other,0.42,0,0.6,None,1,0.75|0.61|0.91|0.73|0.69|0.90|0.91|0.52|0.79|0.71|0.56|0.56|0.79|0.79|0.76|0.80|0.42|0.64|0.76|0.65|0.73|0.61|0.62|0.65|0.71|0.77|0.92|0.70|0.68|0.58|0.50|0.76,Data Science,2025-11-02T11:58:25Z
LA000307,Daugavpils University,USA,Latvia,Male,25,C1,90.4,0.98,Low,Married,0.2,0,0.3,None,1,0.74|0.82|1.00|0.72|0.66|0.62|0.86|0.66|0.88|0.76|0.91|0.60|0.75|0.56|0.84|0.78|0.73|0.83|0.68|0.57|1.00|0.78|0.93|0.63|0.73|0.70|0.55|0.80|0.60|0.71|0.72|0.62,English Philology,2025-11-02T11:58:25Z
LA000308,Daugavpils University,Spain,Latvia,Other,24,B2,72.3,0.92,High,Other,0.2,0,0.1,Tutoring,1,0.74|0.75|0.68|0.67|0.62|0.84|1.00|0.86|0.36|0.78|0.66|0.85|0.90|0.80|0.60|0.64|0.70|0.71|0.75|0.79|0.81|0.42|0.56|0.81|0.59|0.80|0.99|0.75|0.68|0.78|0.61|0.78,Logistics,2025-11-02T11:58:25Z
LA000309,Daugavpils University,Nigeria,Latvia,Other,25,C2,68.6,1,Medium,Married,0.52,0,0.7,None,1,0.61|0.79|0.77|0.74|0.85|0.91|0.82|1.00|0.76|1.00|0.66|0.71|0.86|0.82|0.53|0.62|0.82|0.68|0.56|0.81|0.62|0.90|0.95|0.36|0.72|0.86|0.83|0.70|0.68|0.76|0.96|0.74,Data Science,2025-11-02T11:58:25Z
LA000310,Daugavpils University,Sri Lanka,Latvia,Male,24,C2,81.7,0.94,Low,Married,0.23,0,0.6,None,1,0.52|0.98|0.74|0.65|0.98|0.96|0.78|0.85|0.49|0.51|0.80|0.69|0.71|0.92|0.81|0.87|0.79|0.90|0.59|0.56|0.50|0.57|0.71|0.53|0.86|0.69|0.75|0.77|0.79|0.78|0.83|0.82,Logistics,2025-11-02T11:58:25Z
LA000311,Daugavpils University,USA,Latvia,Female,21,C2,75.9,0.7,Low,Single,0.33,1,0.3,LanguageMentor,0,0.92|0.51|0.78|0.70|0.92|0.54|0.60|0.77|0.71|0.44|0.66|0.71|0.82|0.85|0.66|0.75|0.70|0.81|0.67|0.61|0.52|0.85|0.92|0.95|0.66|0.68|0.58|0.54|0.87|0.61|0.56|0.96,Psychology,2025-11-02T11:58:25Z
LA000312,Daugavpils University,Sri Lanka,Latvia,Male,23,C2,50.6,0.87,Low,Married,0.15,0,0.6,None,1,0.85|0.77|0.85|0.40|0.72|0.70|0.90|0.66|0.71|1.00|0.65|0.71|0.89|0.53|1.00|0.71|0.80|0.47|0.74|0.61|0.69|0.78|0.67|0.65|0.75|0.59|0.64|0.93|0.68|0.87|0.67|0.84,Economics,2025-11-02T11:58:25Z
LA000313,TSI Riga,India,Latvia,Male,24,C2,63,0.82,Medium,Married,0.55,1,0.6,None,0,0.85|0.57|0.65|0.73|0.61|0.79|0.56|0.64|0.81|0.54|0.75|0.62|0.60|0.67|0.50|0.65|1.00|0.67|0.80|0.68|0.77|0.66|0.74|0.82|0.63|0.79|0.88|0.66|0.77|0.48|0.86|0.67,Computer Science,2025-11-02T11:58:25Z
LA000314,TSI Riga,Ukraine,Latvia,Female,27,C1,76.5,0.83,High,Other,0.4,1,0.1,None,0,0.71|0.68|0.89|0.64|0.64|0.87|0.71|0.67|0.92|0.66|0.89|0.71|0.73|0.99|0.63|0.57|0.65|0.58|0.78|0.72|0.81|0.79|0.80|0.89|0.72|0.57|0.73|0.73|0.83|0.55|0.65|0.81,Data Science,2025-11-02T11:58:25Z
LA000315,TSI Riga,Sri Lanka,Latvia,Male,27,C2,75.9,0.87,Low,Single,0.19,0,0.6,BuddyProgram,1,0.96|0.92|0.80|0.79|0.91|0.70|0.74|0.88|0.64|0.90|0.78|0.71|0.59|0.77|0.71|0.92|0.85|0.60|0.73|0.51|0.80|0.57|1.00|0.72|0.69|0.69|0.66|0.66|0.73|0.61|0.73|0.58,Engineering,2025-11-02T11:58:25Z
LA000316,TSI Riga,USA,Latvia,Female,20,C2,64.6,0.91,High,Married,0.5,0,0.3,BuddyProgram,1,0.64|0.76|0.48|0.66|0.84|0.85|0.82|0.94|0.83|0.62|0.46|0.65|0.75|0.79|0.95|0.67|0.78|0.76|0.58|0.55|0.89|0.47|1.00|0.72|0.74|0.49|0.57|0.65|0.71|0.80|0.79|0.82,Computer Science,2025-11-02T11:58:25Z
LA000317,TSI Riga,USA,Latvia,Other,23,B1,57,0.91,High,Married,0.35,0,0.3,None,0,1.00|0.68|0.76|0.78|0.80|0.69|0.74|0.72|0.64|0.61|0.76|0.57|0.69|0.73|0.54|0.66|0.76|0.71|0.58|0.62|0.51|0.66|0.48|0.56|0.60|0.91|0.77|0.61|0.60|0.62|0.94|0.75,English Philology,2025-11-02T11:58:25Z
LA000318,Daugavpils University,Slovakia,Latvia,Female,24,B1,75.6,0.97,High,Single,0.16,0,0.1,BuddyProgram,0,0.87|0.70|0.76|0.67|0.88|0.59|0.73|0.86|0.45|0.72|0.82|0.72|0.89|0.70|0.70|0.74|0.62|0.61|0.77|0.65|0.75|1.00|0.74|0.85|0.53|0.65|0.71|0.73|0.55|0.90|0.59|0.82,Logistics,2025-11-02T11:58:25Z
LA000319,TSI Riga,Ukraine,Latvia,Male,21,C2,76.1,0.94,Low,Married,0.39,0,0.1,None,0,0.80|0.91|0.83|0.82|0.76|0.73|0.57|0.91|0.68|0.65|0.75|0.83|0.80|0.79|0.77|0.59|0.87|0.68|0.87|0.69|0.45|0.48|0.56|0.69|1.00|0.71|0.84|0.58|0.61|0.61|0.86|0.64,Economics,2025-11-02T11:58:25Z
LA000320,TSI Riga,Ukraine,Latvia,Female,20,B2,78.2,0.83,Medium,Single,0.11,0,0.1,None,1,0.84|0.57|0.52|0.64|0.87|0.58|0.71|0.88|0.74|0.68|0.81|0.71|0.61|0.97|0.83|0.97|0.53|0.65|0.88|0.72|1.00|0.68|0.73|0.76|0.98|0.58|0.70|0.88|0.67|0.92|0.56|0.67,Data Science,2025-11-02T11:58:25Z
LA000321,Daugavpils University,Slovakia,Latvia,Male,25,B1,53.8,0.84,High,Other,0.12,0,0.1,Tutoring,1,0.85|0.58|0.66|0.73|0.56|0.59|0.96|0.66|0.58|0.69|0.64|0.50|0.70|0.72|0.73|0.77|0.61|0.72|0.77|0.83|0.56|0.71|0.77|0.79|0.68|0.76|0.58|0.66|0.69|0.63|0.94|0.74,Data Science,2025-11-02T11:58:25Z
LA000322,TSI Riga,Spain,Latvia,Male,22,B2,64.4,0.97,High,Single,0.3,0,0.1,LanguageMentor,1,0.81|0.71|0.83|0.79|0.84|0.54|0.67|0.79|0.62|0.62|0.75|0.93|0.85|0.66|0.83|0.85|0.72|0.63|0.68|0.73|0.85|0.84|1.00|0.84|0.76|0.91|1.00|0.87|0.82|0.70|0.81|0.73,Business,2025-11-02T11:58:25Z
LA000323,TSI Riga,Spain,Latvia,Female,26,A2,69.7,0.94,Low,Other,0.35,0,0.1,LanguageMentor,1,0.90|0.78|0.66|0.73|0.76|0.85|0.81|1.00|0.75|0.80|0.70|0.70|0.69|0.66|0.60|0.83|0.70|0.59|0.97|0.49|0.67|0.84|0.70|0.92|0.58|0.78|0.73|0.55|0.65|0.55|0.47|0.72,Computer Science,2025-11-02T11:58:25Z
LA000324,TSI Riga,Slovakia,Latvia,Male,23,C1,84.7,0.69,Low,Married,0.2,1,0.1,Tutoring,0,0.59|0.74|0.55|0.69|0.77|0.97|0.59|0.93|0.80|0.86|0.73|0.67|0.64|0.87|0.80|0.74|0.74|0.67|0.64|0.63|0.89|0.89|0.70|0.67|0.74|0.74|0.69|0.45|0.84|0.99|0.67|0.85,Economics,2025-11-02T11:58:25Z
LA000325,TSI Riga,India,Latvia,Male,24,C2,70.5,0.93,Low,Other,0.42,1,0.6,None,0,0.80|0.69|0.43|0.89|0.52|0.87|0.74|0.63|0.80|0.72|0.77|0.72|0.87|0.53|0.93|0.73|0.84|0.77|0.70|0.89|0.57|0.84|0.53|0.75|0.91|0.63|0.82|0.72|0.65|0.46|0.78|0.77,Psychology,2025-11-02T11:58:25Z
LA000326,TSI Riga,Sri Lanka,Latvia,Prefer not to say,28,A2,82.7,0.92,High,Other,0.47,0,0.6,BuddyProgram,1,0.70|0.73|0.81|0.52|0.69|0.88|0.81|0.80|0.71|0.85|0.68|0.60|0.63|0.82|0.52|0.61|0.72|0.66|0.79|0.80|0.71|0.95|0.76|0.70|0.60|0.75|0.73|0.85|0.67|1.00|0.72|0.62,Psychology,2025-11-02T11:58:25Z
LA000327,Daugavpils University,Ukraine,Latvia,Female,24,C2,50.6,0.88,Low,Married,0.19,0,0.1,None,1,0.59|0.75|0.69|0.68|0.66|0.57|0.64|0.89|0.73|0.81|0.58|0.65|0.96|0.78|0.89|0.62|0.71|0.70|0.88|0.73|0.78|0.85|0.97|0.59|0.65|0.97|0.89|0.80|0.88|0.72|0.50|0.99,Psychology,2025-11-02T11:58:25Z
LA000328,Daugavpils University,USA,Latvia,Male,27,B2,64,0.8,High,Single,0.17,0,0.3,Counseling,1,0.66|0.81|0.62|0.57|0.94|0.59|0.82|0.62|0.60|0.63|0.76|0.81|0.72|0.52|1.00|0.61|0.57|0.71|0.64|0.75|0.48|0.73|0.42|0.91|0.80|0.64|0.73|0.76|0.64|0.71|0.92|0.89,Logistics,2025-11-02T11:58:25Z
LA000329,TSI Riga,USA,Latvia,Female,25,A2,68.8,0.94,Low,Other,0.08,0,0.3,Tutoring,1,0.64|0.92|0.70|1.00|0.96|0.81|0.65|0.73|0.80|0.77|0.89|0.81|0.69|0.71|0.76|0.70|0.72|0.77|0.82|0.79|0.76|0.62|0.73|0.85|0.90|0.66|0.73|0.65|0.53|0.76|0.68|0.58,Computer Science,2025-11-02T11:58:25Z
LA000330,TSI Riga,Nigeria,Latvia,Prefer not to say,24,B2,59.5,0.8,Medium,Other,0.33,0,0.7,Tutoring,1,0.66|0.77|0.73|0.85|0.58|0.86|0.65|0.68|0.96|0.64|0.70|0.70|0.61|0.81|0.82|0.74|0.73|0.87|0.63|0.56|0.88|0.72|0.80|0.88|0.67|0.56|0.88|0.80|0.67|0.64|0.70|0.80,Engineering,2025-11-02T11:58:25Z
LA000331,Daugavpils University,USA,Latvia,Male,24,C2,62.3,0.77,Medium,Married,0.05,1,0.3,None,0,0.86|0.86|0.70|0.67|0.71|0.59|0.72|0.81|0.71|0.55|0.89|0.93|0.88|0.88|0.47|0.69|0.71|0.57|0.55|0.74|0.69|0.61|1.00|0.76|0.76|0.93|0.73|0.67|0.71|1.00|0.67|0.81,Psychology,2025-11-02T11:58:25Z
LA000332,TSI Riga,Latvia,Latvia,Prefer not to say,26,C2,82.5,1,Medium,Other,0.09,0,0.1,None,1,0.58|0.80|0.61|0.73|0.69|0.61|0.60|0.78|0.49|0.82|0.92|0.65|0.85|0.68|0.89|0.61|0.64|0.73|0.93|0.31|0.79|0.60|0.68|0.75|0.78|0.63|0.76|0.68|0.80|0.74|1.00|0.52,Economics,2025-11-02T11:58:25Z
LA000333,TSI Riga,Pakistan,Latvia,Prefer not to say,24,B1,76.1,0.91,Medium,Married,0.48,0,0.6,LanguageMentor,1,0.65|0.86|0.68|0.70|0.81|0.93|0.90|0.84|0.83|0.87|0.81|0.75|0.77|0.87|0.56|0.88|0.71|0.81|0.83|0.50|0.79|0.72|0.67|0.68|0.84|0.85|1.00|0.79|0.79|0.69|0.65|0.78,Engineering,2025-11-02T11:58:25Z
LA000334,TSI Riga,Bangladesh,Latvia,Other,26,C1,79.5,0.71,Medium,Other,0.1,1,0.6,Tutoring,0,0.62|0.55|0.69|0.92|0.83|1.00|0.66|0.69|0.65|0.75|0.47|0.77|0.76|0.48|0.83|0.75|0.73|0.96|0.88|0.78|0.72|0.89|0.57|0.63|0.89|0.60|0.69|0.63|0.53|0.58|0.65|0.57,English Philology,2025-11-02T11:58:25Z
LA000335,TSI Riga,Vietnam,Latvia,Prefer not to say,22,C2,55.5,0.94,Medium,Single,0.56,0,0.6,Tutoring,0,0.60|0.57|0.90|0.63|0.69|0.65|0.52|0.72|0.41|0.56|0.89|0.67|0.71|0.59|0.68|0.65|0.66|0.85|0.73|0.66|0.76|0.69|0.90|0.74|0.82|0.61|0.53|0.41|0.90|0.73|0.74|0.79,Data Science,2025-11-02T11:58:25Z
LA000336,TSI Riga,Nigeria,Latvia,Male,28,C1,71.5,0.93,Medium,Single,0.31,0,0.7,BuddyProgram,1,0.82|0.69|0.61|0.93|0.73|0.87|0.72|0.88|0.86|0.62|0.79|0.82|0.88|0.78|0.77|0.71|0.85|0.84|0.57|0.73|0.79|0.74|0.89|0.88|0.72|0.57|0.72|0.74|0.68|0.76|0.93|0.72,English Philology,2025-11-02T11:58:25Z
LA000337,TSI Riga,Pakistan,Latvia,Male,23,A2,74.3,0.82,High,Other,0.45,0,0.6,None,1,0.81|0.59|0.51|0.55|0.51|0.61|0.54|0.85|0.79|0.59|0.85|0.48|0.71|0.77|0.55|0.67|1.00|0.99|0.72|0.65|0.91|0.70|0.88|0.67|0.96|0.77|0.64|0.46|0.78|0.56|0.97|0.68,Computer Science,2025-11-02T11:58:25Z
LA000338,TSI Riga,Ukraine,Latvia,Male,18,C1,68.2,0.91,High,Single,0.2,0,0.1,None,0,0.57|0.80|0.72|0.67|0.63|0.44|0.65|0.81|0.66|0.77|0.77|0.67|0.71|0.70|0.54|0.64|0.71|0.67|0.79|0.84|0.50|0.83|0.63|0.94|0.78|0.90|0.79|0.62|0.90|0.72|0.69|0.52,Psychology,2025-11-02T11:58:25Z
LA000339,TSI Riga,Brazil,Latvia,Male,22,B2,79.8,0.85,Medium,Other,0.48,0,0.5,LanguageMentor,1,0.47|0.83|0.73|0.81|0.57|0.77|0.60|0.62|0.75|0.81|0.92|0.50|0.72|0.83|1.00|0.67|0.56|0.74|0.83|0.91|0.64|0.87|0.61|0.63|0.64|0.95|0.61|0.82|0.80|0.90|0.94|0.66,Engineering,2025-11-02T11:58:25Z
LA000340,TSI Riga,Ukraine,Latvia,Female,23,A2,83.4,0.86,Low,Other,0.12,0,0.1,None,1,0.81|0.78|0.67|0.64|0.83|0.64|0.73|0.70|0.72|0.87|0.62|0.67|0.78|0.84|0.57|0.78|0.70|0.91|0.72|0.84|0.53|0.52|0.66|0.75|0.60|0.84|0.74|0.62|0.59|0.75|0.99|0.81,English Philology,2025-11-02T11:58:25Z
LA000341,TSI Riga,Spain,Latvia,Other,22,B2,73,0.84,Low,Married,0.69,0,0.1,BuddyProgram,1,0.99|0.84|0.59|0.80|0.93|0.76|0.68|0.82|0.67|0.51|0.74|0.82|0.72|0.38|0.65|0.63|0.72|0.67|0.63|0.70|0.34|0.74|0.44|0.44|0.49|0.75|0.80|0.65|0.65|0.76|0.61|0.67,Business,2025-11-02T11:58:25Z
LA000342,Daugavpils University,Bangladesh,Latvia,Other,23,C1,74.9,0.93,Medium,Married,0.16,0,0.6,LanguageMentor,0,0.85|0.98|0.63|0.69|0.78|0.85|0.58|0.86|0.63|0.77|0.69|0.78|0.74|0.80|0.65|0.70|0.72|0.90|0.78|0.66|0.79|0.79|0.81|0.73|0.67|0.71|0.78|0.86|0.68|0.60|0.79|0.80,Computer Science,2025-11-02T11:58:25Z
LA000343,TSI Riga,USA,Latvia,Female,28,A2,72.7,0.87,High,Single,0.05,0,0.3,None,1,0.85|0.75|0.81|0.67|1.00|0.71|0.94|0.77|0.70|1.00|0.59|0.84|0.60|1.00|1.00|0.70|0.78|0.84|0.70|0.73|0.65|1.00|0.65|0.84|0.87|0.65|1.00|0.72|0.70|0.62|0.79|0.94,Economics,2025-11-02T11:58:25Z
LA000344,TSI Riga,Ukraine,Latvia,Other,22,B2,86.7,0.85,Low,Single,0.64,0,0.1,Tutoring,1,0.75|0.65|0.66|0.87|0.62|0.46|0.72|0.56|0.75|0.76|0.86|0.83|0.74|0.79|0.76|0.76|0.41|0.61|0.43|0.54|0.52|0.55|0.62|0.41|0.81|0.58|0.91|0.45|0.73|0.70|0.86|0.76,English Philology,2025-11-02T11:58:25Z
LA000345,TSI Riga,Latvia,Latvia,Male,23,B2,59.1,0.95,Low,Other,0.37,0,0.1,None,1,0.64|0.75|0.82|0.77|0.75|1.00|0.81|0.94|0.83|0.78|0.76|0.82|0.90|0.74|0.87|0.81|0.87|0.85|0.63|0.73|0.69|0.54|0.86|0.59|0.64|0.54|0.90|0.73|0.72|0.73|0.88|0.55,Logistics,2025-11-02T11:58:25Z
LA000346,TSI Riga,Vietnam,Latvia,Female,25,B1,59.9,0.81,High,Other,0.44,1,0.6,None,0,0.71|0.76|0.95|0.70|0.78|0.59|0.81|0.68|0.96|0.75|0.43|0.65|0.53|0.76|0.81|0.71|0.73|0.56|0.83|0.81|0.55|0.55|0.72|0.73|0.80|0.97|0.50|0.70|0.60|0.75|0.75|0.72,Data Science,2025-11-02T11:58:25Z
LA000347,Daugavpils University,Nigeria,Latvia,Prefer not to say,23,B2,86.3,0.9,High,Other,0.52,0,0.7,None,1,0.50|0.63|0.77|0.60|0.77|0.84|0.79|0.81|0.62|0.67|0.83|0.86|0.71|0.80|0.73|0.87|0.90|0.82|0.87|0.57|0.82|0.73|0.73|0.63|0.74|1.00|0.81|0.62|0.78|0.59|0.98|0.60,Psychology,2025-11-02T11:58:25Z
LA000348,TSI Riga,Nigeria,Latvia,Female,20,B1,76.9,1,Medium,Married,0.16,0,0.7,None,1,0.69|0.82|0.77|0.84|0.86|1.00|0.54|0.69|0.71|0.68|0.62|0.82|0.70|0.90|0.77|1.00|0.94|0.98|0.70|0.93|0.74|0.84|0.76|0.85|0.92|0.69|0.56|0.58|0.61|0.78|0.66|0.57,Economics,2025-11-02T11:58:25Z
LA000349,Daugavpils University,Nigeria,Latvia,Male,28,B1,80.3,0.83,Medium,Single,0.43,1,0.7,BuddyProgram,0,0.76|0.85|0.63|0.82|0.80|0.66|0.66|0.75|0.69|0.78|0.53|0.78|0.77|0.80|0.87|0.73|0.98|0.78|0.75|0.66|0.71|0.70|0.67|0.71|0.71|0.83|0.71|0.76|0.84|0.81|0.64|0.67,English Philology,2025-11-02T11:58:25Z
LA000350,TSI Riga,Nigeria,Latvia,Female,20,C1,55.9,0.9,Medium,Married,0.4,0,0.7,LanguageMentor,1,0.68|0.77|0.78|0.67|1.00|0.83|0.74|0.71|0.79|0.43|0.82|0.90|0.74|0.78|0.41|0.50|1.00|0.75|0.85|0.87|0.59|0.74|0.74|0.79|0.74|0.66|1.00|0.70|0.95|0.64|0.54|0.57,Engineering,2025-11-02T11:58:25Z
LA000351,TSI Riga,Ukraine,Latvia,Other,22,C1,57.4,0.89,High,Married,0.46,1,0.1,LanguageMentor,0,0.67|0.82|0.75|0.93|0.90|0.80|0.66|0.91|0.68|1.00|0.69|0.67|0.88|0.88|0.92|0.42|0.52|0.89|0.64|0.87|0.81|0.92|0.83|0.68|0.66|0.71|0.77|0.97|0.93|0.70|0.65|0.90,Engineering,2025-11-02T11:58:25Z
LA000352,Daugavpils University,Latvia,Latvia,Prefer not to say,20,C1,91.8,0.83,Low,Other,0.26,0,0.1,BuddyProgram,1,0.77|0.85|0.61|0.51|0.55|0.30|0.86|0.75|0.77|0.61|0.86|0.74|0.69|0.78|0.48|0.76|0.66|0.84|0.71|0.63|0.70|0.61|0.70|0.49|0.93|0.93|0.94|0.69|0.95|0.88|0.57|0.56,Computer Science,2025-11-02T11:58:25Z
LA000353,TSI Riga,Ukraine,Latvia,Other,26,B1,70.6,0.95,Medium,Other,0.04,0,0.1,None,1,0.76|0.64|0.73|0.71|0.65|0.69|0.71|0.57|0.76|0.56|0.71|0.60|0.62|0.85|0.75|0.79|0.75|0.67|0.76|0.61|0.85|0.74|0.63|0.68|0.96|0.96|0.75|0.85|0.77|0.64|0.68|0.66,Computer Science,2025-11-02T11:58:25Z
LA000354,Daugavpils University,Ukraine,Latvia,Other,19,A2,59.7,0.98,Medium,Other,0.24,0,0.1,None,1,0.58|0.62|0.86|0.59|0.87|0.76|0.69|0.91|0.70|0.78|0.46|0.85|0.98|0.69|0.83|0.77|0.45|0.68|0.76|0.89|0.68|0.60|0.71|0.81|0.67|0.61|0.75|0.65|0.76|0.78|0.49|0.86,Psychology,2025-11-02T11:58:25Z
LA000355,TSI Riga,Vietnam,Latvia,Prefer not to say,20,C2,78.2,0.89,Low,Single,0.13,0,0.6,Tutoring,1,0.61|0.94|0.55|0.50|0.91|0.80|0.79|0.72|0.77|0.76|0.78|0.83|0.76|1.00|1.00|0.77|0.73|0.75|0.56|0.83|0.84|0.79|0.91|0.60|0.72|0.78|0.69|0.76|0.73|0.69|0.67|0.66,Business,2025-11-02T11:58:25Z
LA000356,TSI Riga,Slovakia,Latvia,Male,22,C1,79.5,0.71,High,Other,0.12,0,0.1,BuddyProgram,0,0.61|0.97|0.65|0.75|0.85|0.84|0.74|0.65|0.86|0.87|0.56|0.70|0.70|0.70|0.63|0.77|0.94|0.87|0.61|0.73|0.78|0.53|0.89|0.57|0.76|0.55|0.71|0.61|0.69|0.92|0.66|1.00,Logistics,2025-11-02T11:58:25Z
LA000357,Daugavpils University,Nigeria,Latvia,Other,19,B2,66.3,0.84,Low,Other,0.39,0,0.7,LanguageMentor,0,0.81|0.67|0.71|0.65|0.72|0.53|0.74|0.55|0.80|0.74|0.80|0.57|0.79|0.56|0.73|0.64|0.59|0.79|0.52|0.80|0.42|0.74|0.69|0.69|0.61|0.75|0.77|0.88|0.74|0.69|0.85|0.46,Computer Science,2025-11-02T11:58:25Z
LA000358,TSI Riga,Vietnam,Latvia,Male,20,C1,72.2,0.78,Medium,Other,0.04,0,0.6,None,1,0.60|0.87|0.80|0.60|0.58|0.65|0.61|0.95|0.78|0.83|0.74|0.70|0.92|0.84|0.72|0.72|0.59|0.85|0.72|0.65|0.72|0.59|0.62|0.89|0.87|0.70|0.73|0.41|0.78|0.75|0.75|0.82,Logistics,2025-11-02T11:58:25Z
LA000359,TSI Riga,Pakistan,Latvia,Female,19,B2,75,0.88,Medium,Single,0.14,1,0.6,None,0,0.66|0.69|0.49|0.85|0.71|1.00|0.60|0.65|0.53|0.60|0.68|0.92|0.56|0.82|0.72|0.70|0.74|0.72|0.73|0.75|0.81|0.79|0.51|0.63|0.93|0.86|0.95|0.89|0.72|0.58|0.53|0.72,Data Science,2025-11-02T11:58:25Z
LA000360,TSI Riga,Spain,Latvia,Other,28,C1,75.5,0.93,Low,Married,0.19,1,0.1,LanguageMentor,0,0.65|0.72|0.76|0.49|0.75|0.82|0.84|0.73|0.88|0.75|0.61|0.47|0.97|0.51|0.76|0.40|0.90|0.80|0.77|0.66|0.66|0.82|0.73|0.67|0.99|0.98|0.70|0.58|0.67|0.73|0.82|0.88,Business,2025-11-02T11:58:25Z
LA000361,TSI Riga,USA,Latvia,Other,27,A2,66.7,0.98,Low,Married,0.04,0,0.3,BuddyProgram,1,0.53|0.72|0.77|0.79|0.64|0.87|0.83|0.63|0.47|0.79|0.87|0.71|0.51|0.76|0.77|0.81|0.91|0.63|0.84|0.53|0.75|0.84|0.68|0.93|0.58|0.88|0.48|0.78|0.76|0.91|0.73|0.49,Data Science,2025-11-02T11:58:25Z
LA000362,TSI Riga,USA,Latvia,Other,25,B1,80.2,0.97,Medium,Single,0.13,0,0.3,None,1,0.67|0.63|0.90|0.65|0.62|0.79|0.98|0.72|0.65|0.62|0.35|0.86|0.77|0.74|0.62|0.55|0.55|0.82|0.80|0.73|0.97|0.91|0.71|0.74|0.60|0.87|0.67|0.86|0.57|0.92|0.65|0.98,Economics,2025-11-02T11:58:25Z
LA000363,Daugavpils University,USA,Latvia,Prefer not to say,22,C1,65.3,0.86,Low,Married,0.62,0,0.3,BuddyProgram,1,0.51|0.61|0.65|0.71|0.74|0.87|0.48|0.83|0.85|0.93|0.92|0.83|0.90|0.78|0.72|0.71|0.44|0.51|0.68|0.50|0.60|0.50|0.54|0.47|0.56|0.63|0.68|0.92|0.68|0.77|0.73|0.88,Computer Science,2025-11-02T11:58:25Z
LA000364,Daugavpils University,Sri Lanka,Latvia,Other,24,B2,74.4,0.91,Low,Married,0.26,0,0.6,None,1,0.81|0.57|0.70|0.74|0.68|0.73|0.84|0.79|0.62|0.83|0.72|0.80|0.85|0.62|0.78|0.90|0.75|0.65|0.74|0.58|0.91|0.87|0.75|0.80|0.92|0.43|0.84|0.55|0.55|0.74|0.51|0.75,Engineering,2025-11-02T11:58:25Z
LA000365,TSI Riga,India,Latvia,Female,20,B1,74.3,0.86,Medium,Single,0.36,0,0.6,LanguageMentor,1,0.80|0.63|0.61|0.67|0.75|0.78|0.75|0.69|0.52|0.71|0.50|1.00|0.67|0.70|0.76|0.68|0.97|0.82|0.98|0.76|0.96|0.60|0.81|0.91|0.85|0.71|0.75|0.87|0.69|0.65|0.58|0.91,Economics,2025-11-02T11:58:25Z
LA000366,TSI Riga,Ukraine,Latvia,Prefer not to say,27,A2,77.4,1,Medium,Single,0.51,0,0.1,Tutoring,0,0.71|0.82|0.68|0.73|0.67|0.67|0.63|0.44|0.56|0.70|0.58|0.86|0.70|0.82|0.82|0.67|0.88|0.74|0.65|0.63|0.71|0.52|0.86|0.62|0.67|0.73|0.75|0.60|0.82|0.90|0.79|0.69,Business,2025-11-02T11:58:25Z
LA000367,TSI Riga,Vietnam,Latvia,Prefer not to say,24,B1,52.7,0.88,Medium,Other,0.38,0,0.6,None,0,0.86|0.50|0.73|0.56|0.53|0.91|0.78|0.49|0.91|0.80|0.60|0.65|0.76|0.76|0.61|0.85|0.72|0.72|0.81|0.69|0.72|0.56|0.66|0.74|0.55|0.63|0.79|0.68|0.51|0.61|0.58|0.71,Business,2025-11-02T11:58:25Z
LA000368,TSI Riga,Pakistan,Latvia,Prefer not to say,20,A2,70.4,0.9,Low,Single,0.09,1,0.6,None,0,0.76|0.59|0.76|0.84|0.66|0.80|0.58|0.52|0.66|0.83|0.77|0.50|0.86|1.00|0.63|0.69|0.67|0.77|0.74|0.94|0.92|0.71|0.82|0.64|0.81|0.90|0.83|0.76|0.78|0.68|0.80|0.47,Business,2025-11-02T11:58:25Z
LA000369,Daugavpils University,Slovakia,Latvia,Prefer not to say,22,B1,76.4,0.93,Medium,Other,0.18,1,0.1,None,0,0.84|0.82|0.70|0.90|0.78|0.90|0.65|0.67|0.63|0.93|0.84|0.75|0.58|0.87|0.70|0.79|0.83|0.62|0.53|0.75|0.68|0.81|0.60|0.91|0.99|0.66|0.71|0.91|0.93|0.71|0.59|1.00,Data Science,2025-11-02T11:58:25Z
LA000370,TSI Riga,Vietnam,Latvia,Other,25,A2,84.4,0.9,High,Married,0.68,0,0.6,LanguageMentor,1,0.92|0.98|0.96|0.79|0.62|0.88|0.91|0.68|0.67|0.85|0.64|0.71|0.63|0.50|0.69|0.63|0.56|0.64|0.70|0.65|0.47|0.23|0.74|0.46|0.56|0.75|0.49|0.78|0.64|1.00|0.87|0.77,Engineering,2025-11-02T11:58:25Z
LA000371,Daugavpils University,Bangladesh,Latvia,Male,28,C2,53.1,1,High,Married,0.54,0,0.6,LanguageMentor,1,0.93|0.80|0.65|0.57|0.49|0.72|0.43|0.93|0.71|0.93|0.95|0.84|0.68|0.57|0.62|0.60|0.75|0.61|0.81|0.82|0.90|0.74|0.68|0.87|0.74|0.92|0.75|0.81|0.93|0.50|0.73|0.75,Data Science,2025-11-02T11:58:25Z
LA000372,TSI Riga,Bangladesh,Latvia,Male,23,B2,48.9,0.84,Low,Single,0.11,0,0.6,BuddyProgram,1,0.90|0.49|0.75|1.00|0.70|0.87|0.50|0.59|0.60|0.88|0.74|0.73|0.79|0.87|0.67|0.83|0.63|0.86|0.61|0.72|0.73|0.73|0.60|0.79|0.59|0.75|0.52|0.77|0.69|0.67|0.81|0.73,Logistics,2025-11-02T11:58:25Z
LA000373,Daugavpils University,Bangladesh,Latvia,Prefer not to say,18,B1,68.6,0.76,Medium,Other,0.1,1,0.6,Tutoring,0,0.80|0.76|0.83|0.74|0.64|0.70|0.94|0.78|0.99|0.88|0.65|0.67|0.80|0.72|1.00|0.67|0.57|0.55|0.83|0.94|0.76|0.66|0.91|0.83|0.76|0.69|0.74|0.67|0.75|0.71|0.89|0.74,Data Science,2025-11-02T11:58:25Z
LA000374,TSI Riga,Vietnam,Latvia,Prefer not to say,23,C2,70,0.89,Medium,Single,0.29,0,0.6,LanguageMentor,1,0.57|0.71|0.69|0.78|0.67|0.50|0.77|0.65|0.83|0.89|0.59|0.74|0.73|0.40|0.76|0.76|0.80|0.73|0.62|0.79|0.67|0.68|0.64|0.70|0.67|0.74|0.77|0.75|0.62|0.89|0.53|0.73,English Philology,2025-11-02T11:58:25Z
LA000375,Daugavpils University,India,Latvia,Male,22,C1,76.6,0.88,Medium,Married,0.25,0,0.6,None,1,0.62|0.65|0.56|0.67|0.82|0.44|0.73|0.67|0.88|0.75|0.70|0.68|0.69|0.71|0.74|0.84|0.81|0.74|0.66|0.79|0.62|0.59|0.53|0.69|0.69|0.74|0.87|0.81|0.91|0.76|0.92|0.67,Business,2025-11-02T11:58:25Z
LA000376,TSI Riga,Nigeria,Latvia,Male,27,B1,63.8,1,Medium,Single,0.33,0,0.7,LanguageMentor,1,0.83|0.83|0.73|0.79|0.60|0.86|0.75|0.72|0.65|0.68|0.70|0.65|0.74|0.81|0.77|0.68|0.56|0.65|0.76|0.86|0.86|0.59|0.91|0.47|0.86|0.94|0.81|0.48|0.74|0.65|0.65|0.73,Engineering,2025-11-02T11:58:25Z
LA000377,TSI Riga,USA,Latvia,Female,29,B1,63.7,0.92,Low,Other,0.31,0,0.3,BuddyProgram,1,0.62|0.72|0.70|0.86|0.74|0.80|0.65|0.71|0.73|0.77|0.57|0.76|0.54|0.63|0.87|0.51|0.61|0.95|0.80|0.71|0.67|0.82|0.76|0.59|0.93|0.92|0.70|0.74|1.00|0.57|0.67|0.56,Logistics,2025-11-02T11:58:25Z
LA000378,Daugavpils University,Sri Lanka,Latvia,Male,21,B2,74.7,0.79,Low,Single,0.24,1,0.6,Tutoring,0,0.70|0.80|0.70|0.72|0.69|0.35|0.74|0.81|0.89|0.64|0.64|0.97|0.48|0.67|0.63|0.76|0.70|0.77|0.87|0.42|0.71|0.80|0.33|0.96|0.67|0.71|0.58|0.75|0.71|0.85|0.77|0.54,Economics,2025-11-02T11:58:25Z
LA000379,TSI Riga,Nigeria,Latvia,Other,21,C1,75.8,0.8,Low,Other,0.23,0,0.7,Tutoring,1,0.73|0.81|0.53|0.61|0.75|0.84|0.72|0.74|0.80|0.87|0.85|0.85|0.64|0.76|0.53|0.67|0.84|0.58|0.88|0.72|0.74|0.59|0.86|0.68|0.58|0.68|0.70|0.86|0.78|0.57|0.72|0.86,Data Science,2025-11-02T11:58:25Z
LA000380,TSI Riga,Brazil,Latvia,Prefer not to say,25,B1,77.6,0.88,High,Married,0.12,1,0.5,LanguageMentor,0,0.75|0.75|0.79|0.45|0.66|0.85|0.66|0.70|0.77|0.68|0.70|0.78|0.64|0.67|0.77|0.81|0.88|0.76|0.76|0.71|0.72|0.78|0.83|0.59|0.81|0.76|0.70|0.66|0.80|0.69|0.92|0.60,Psychology,2025-11-02T11:58:25Z
LA000381,TSI Riga,India,Latvia,Prefer not to say,25,B2,72.5,0.71,Low,Single,0.22,0,0.6,LanguageMentor,1,0.94|0.61|0.77|0.73|0.60|0.71|0.88|0.95|0.68|0.69|0.83|1.00|0.79|0.70|0.64|0.55|0.62|0.74|0.73|0.80|0.68|0.89|0.63|0.63|0.86|0.63|0.78|0.79|0.53|0.89|0.80|0.87,Engineering,2025-11-02T11:58:25Z
LA000382,TSI Riga,Slovakia,Latvia,Prefer not to say,24,A2,85,0.86,High,Single,0.32,0,0.1,None,1,0.85|0.68|0.71|0.85|0.89|0.77|0.73|0.82|0.53|0.75|0.85|0.97|0.56|0.71|0.73|0.74|0.75|0.89|0.78|0.72|0.79|0.81|0.65|0.73|0.69|0.61|1.00|0.68|0.68|0.57|0.65|0.96,Computer Science,2025-11-02T11:58:25Z
LA000383,TSI Riga,Ukraine,Latvia,Female,22,B2,71.3,0.95,Medium,Single,0.44,0,0.1,None,1,0.70|0.67|0.75|0.66|0.91|0.61|0.89|0.47|0.82|0.75|0.88|0.38|0.63|0.44|0.57|0.82|0.58|0.50|0.72|0.81|0.74|0.91|0.72|0.66|0.74|0.46|0.59|0.72|0.73|0.63|0.83|0.86,Computer Science,2025-11-02T11:58:25Z
LA000384,Daugavpils University,Nigeria,Latvia,Other,24,B1,80.2,0.8,Low,Other,0.04,1,0.7,LanguageMentor,0,0.64|0.64|0.70|0.70|0.81|0.41|0.84|0.66|0.96|0.64|0.73|0.79|0.83|0.73|0.77|0.78|0.81|0.70|0.68|0.34|0.87|0.86|0.72|0.87|0.65|0.82|0.88|0.90|0.69|0.64|0.97|0.74,English Philology,2025-11-02T11:58:25Z
LA000385,Daugavpils University,Spain,Latvia,Prefer not to say,25,C2,67,0.76,Medium,Other,0.12,0,0.1,None,1,0.58|0.88|0.40|0.75|0.82|0.70|0.67|0.78|0.62|1.00|0.64|0.78|0.63|0.62|0.86|0.76|0.58|0.94|0.66|0.79|0.57|0.84|0.81|0.74|0.59|0.67|0.60|0.73|0.69|0.72|0.59|0.73,English Philology,2025-11-02T11:58:25Z
LA000386,TSI Riga,USA,Latvia,Female,23,B1,60.4,0.69,High,Single,0.31,0,0.3,Tutoring,1,0.72|0.86|0.77|0.69|0.76|0.80|0.69|0.71|0.76|0.70|0.65|0.62|0.81|0.99|0.77|0.65|0.79|0.71|0.69|0.58|0.77|0.61|0.73|0.64|0.87|0.57|0.92|0.74|0.77|0.68|0.62|0.73,Logistics,2025-11-02T11:58:25Z
LA000387,Daugavpils University,Pakistan,Latvia,Female,18,A2,76.3,0.91,High,Married,0.25,0,0.6,None,1,0.88|0.78|0.73|0.55|0.96|0.67|0.79|0.69|0.65|0.61|0.77|0.55|0.63|0.81|0.65|0.92|0.84|0.63|0.59|0.75|0.56|0.80|0.87|0.52|0.94|0.50|0.77|0.74|0.49|0.60|1.00|0.66,English Philology,2025-11-02T11:58:25Z
LA000388,Daugavpils University,Spain,Latvia,Prefer not to say,21,A2,68.2,0.88,High,Other,0.03,1,0.1,Tutoring,0,0.65|0.88|0.52|0.82|0.74|0.57|0.87|0.88|0.80|0.54|0.49|0.63|0.73|0.94|0.72|0.88|0.77|0.73|0.40|0.56|0.80|0.89|0.91|0.72|0.76|0.63|0.53|0.72|0.53|1.00|0.80|0.93,Business,2025-11-02T11:58:25Z
LA000389,TSI Riga,Spain,Latvia,Female,27,A2,80.9,0.84,Medium,Single,0.12,0,0.1,Tutoring,0,0.55|0.76|0.83|0.74|0.90|0.59|0.62|0.73|0.64|0.60|0.63|0.69|0.83|0.68|0.63|0.83|0.91|0.70|0.86|0.68|0.68|0.70|0.82|0.80|0.69|0.61|0.69|0.76|0.91|0.55|0.53|0.70,Logistics,2025-11-02T11:58:25Z
LA000390,Daugavpils University,Sri Lanka,Latvia,Prefer not to say,23,B1,75.4,0.95,Low,Other,0.44,0,0.6,Tutoring,1,0.74|0.64|0.91|0.65|0.83|0.54|0.67|0.81|0.95|0.79|0.73|0.76|0.84|0.53|0.67|0.71|0.59|0.48|0.79|0.77|0.51|0.94|0.66|0.70|0.77|0.85|0.71|0.76|0.78|0.70|0.75|0.76,Economics,2025-11-02T11:58:25Z
LA000391,TSI Riga,Bangladesh,Latvia,Female,20,C1,74.2,0.9,Low,Married,0.21,0,0.6,Counseling,0,0.67|0.74|0.95|0.79|0.78|0.75|0.44|0.76|0.78|0.73|0.86|0.86|0.59|0.82|0.72|0.75|0.78|0.68|0.72|0.60|0.40|0.84|0.93|0.90|1.00|0.52|0.84|0.73|0.81|0.80|0.70|0.66,Business,2025-11-02T11:58:25Z
LA000392,TSI Riga,Latvia,Latvia,Female,24,A2,59.5,0.99,High,Married,0.82,1,0.1,Tutoring,0,1.00|0.87|0.57|0.71|0.52|0.83|0.73|0.54|0.68|0.69|0.77|0.56|0.87|0.45|0.63|0.61|0.65|0.41|0.26|0.56|0.74|0.72|0.48|0.54|0.88|0.67|0.70|0.69|0.84|1.00|0.54|0.31,Psychology,2025-11-02T11:58:25Z
LA000393,Daugavpils University,Latvia,Latvia,Other,21,C1,79.6,0.89,Low,Single,0.05,1,0.1,None,0,0.79|0.86|0.59|0.69|0.66|0.72|0.85|0.71|0.61|0.62|0.52|0.75|0.86|0.87|0.66|0.51|0.53|0.77|0.86|0.59|0.88|0.52|0.78|0.70|0.82|0.49|0.88|0.79|0.72|0.71|0.45|0.87,Data Science,2025-11-02T11:58:25Z
LA000394,Daugavpils University,India,Latvia,Other,25,B2,61.4,0.92,High,Married,0.27,1,0.6,None,0,0.79|0.61|0.69|0.56|0.60|0.67|0.87|0.62|0.84|0.68|0.56|1.00|0.73|0.94|0.87|0.82|0.82|0.96|0.88|0.76|0.69|0.56|0.64|0.69|0.79|0.82|0.46|0.62|0.82|0.72|0.59|0.77,English Philology,2025-11-02T11:58:25Z
LA000395,Daugavpils University,Bangladesh,Latvia,Prefer not to say,26,B1,66,0.7,High,Other,0.13,0,0.6,BuddyProgram,0,0.71|0.62|0.65|0.78|0.59|0.50|0.68|0.69|0.54|0.53|0.73|0.78|1.00|0.53|0.68|0.64|0.87|0.56|0.62|0.56|0.88|0.64|0.83|0.77|0.74|0.90|0.65|0.69|0.82|0.76|0.64|0.92,Economics,2025-11-02T11:58:25Z
LA000396,TSI Riga,Latvia,Latvia,Prefer not to say,21,C2,80.5,0.95,Medium,Single,0.29,0,0.1,None,1,0.70|0.51|0.93|0.73|0.63|0.85|0.83|0.83|0.73|0.97|0.62|0.69|0.76|0.52|0.78|0.68|0.71|0.71|0.58|0.80|0.66|0.82|0.75|0.52|0.68|0.76|0.91|0.73|0.51|0.67|0.44|0.87,Data Science,2025-11-02T11:58:25Z
LA000397,TSI Riga,Bangladesh,Latvia,Prefer not to say,19,C2,57.2,1,Medium,Married,0.35,0,0.6,LanguageMentor,1,0.68|0.68|0.31|0.77|0.60|0.64|0.91|0.87|0.67|0.96|0.90|0.80|0.70|0.64|0.89|0.66|0.99|0.77|0.85|0.65|0.65|0.62|0.74|0.93|0.77|0.75|0.76|0.65|0.76|0.44|0.67|0.80,Engineering,2025-11-02T11:58:25Z
LA000398,Daugavpils University,Pakistan,Latvia,Prefer not to say,26,B1,53.1,0.91,High,Single,0.27,0,0.6,Tutoring,0,0.64|0.82|0.79|0.83|0.55|0.80|0.79|0.63|0.74|0.79|0.78|0.48|0.78|0.86|0.52|0.90|0.76|0.73|0.64|0.85|0.57|0.78|0.63|0.83|1.00|0.65|0.61|0.60|0.83|0.86|0.74|0.65,Business,2025-11-02T11:58:25Z
LA000399,Daugavpils University,Bangladesh,Latvia,Prefer not to say,21,C1,64.3,0.77,High,Single,0.28,0,0.6,BuddyProgram,1,0.82|0.70|0.70|0.77|0.62|0.65|0.82|0.90|1.00|0.78|0.94|0.61|0.77|0.73|0.67|0.83|0.51|0.98|0.61|0.80|0.67|0.73|0.73|0.88|0.58|0.98|0.37|0.56|0.80|0.60|0.75|0.68,Psychology,2025-11-02T11:58:25Z
LA000400,Daugavpils University,USA,Latvia,Male,20,C1,77.5,0.83,High,Married,0.27,1,0.3,None,0,0.78|0.72|0.63|0.73|0.62|0.67|0.82|0.66|0.87|0.53|0.83|0.59|0.51|0.80|0.59|0.80|0.63|0.76|0.87|0.70|0.77|0.83|0.63|0.68|0.94|0.71|0.62|0.53|0.64|0.65|0.75|0.77,Computer Science,2025-11-02T11:58:25Z
LA000401,TSI Riga,Bangladesh,Latvia,Prefer not to say,28,C1,84.5,0.74,High,Married,0.4,0,0.6,Counseling,1,0.67|0.84|0.50|1.00|0.61|0.72|0.65|0.91|0.52|0.87|0.88|0.78|0.56|0.62|0.82|0.81|0.80|0.74|1.00|0.78|0.90|0.71|0.67|0.75|0.76|0.73|0.84|0.64|0.81|0.92|0.75|0.81,Computer Science,2025-11-02T11:58:25Z
LA000402,Daugavpils University,Spain,Latvia,Male,21,C2,68.7,0.93,Medium,Single,0.28,0,0.1,LanguageMentor,1,0.62|0.87|0.62|0.69|0.48|0.82|0.65|0.97|0.85|0.88|0.68|0.49|0.70|0.63|0.90|0.76|0.70|0.73|0.74|0.94|0.90|0.52|0.67|0.90|0.82|0.59|0.45|0.58|0.50|0.66|0.74|0.60,Logistics,2025-11-02T11:58:25Z
LA000403,TSI Riga,USA,Latvia,Male,28,B2,70.9,0.92,Medium,Other,0.13,0,0.3,BuddyProgram,1,0.77|0.70|0.88|0.61|0.68|0.81|0.81|0.80|0.79|0.67|0.81|0.58|0.90|0.85|0.74|0.97|0.72|0.81|0.64|0.74|0.43|0.56|0.84|0.81|0.82|0.68|0.84|0.58|0.59|0.93|0.70|0.42,Logistics,2025-11-02T11:58:25Z
LA000404,Daugavpils University,Sri Lanka,Latvia,Male,25,C1,97.9,0.73,Medium,Married,0.45,0,0.6,LanguageMentor,1,0.46|0.67|0.53|0.68|0.89|0.79|0.74|0.68|0.60|0.76|0.32|0.83|0.77|0.83|0.86|0.63|0.83|0.93|0.56|0.95|0.75|0.79|0.60|0.74|0.84|0.96|1.00|0.52|0.96|0.75|0.77|0.96,Computer Science,2025-11-02T11:58:25Z
LA000405,TSI Riga,USA,Latvia,Other,22,C2,82.6,0.98,High,Married,0.17,0,0.3,None,1,0.60|0.56|0.70|0.77|0.97|0.64|0.65|0.60|0.87|0.69|0.65|0.79|0.52|0.66|1.00|0.86|0.70|0.71|0.57|1.00|0.87|0.82|0.71|0.92|0.84|0.77|0.83|0.68|0.85|0.66|0.79|0.82,English Philology,2025-11-02T11:58:25Z
LA000406,Daugavpils University,Bangladesh,Latvia,Other,25,B1,65,0.82,Medium,Other,0.25,0,0.6,Tutoring,0,0.83|0.87|0.44|0.47|0.34|0.72|0.50|0.82|0.65|0.43|0.77|0.65|0.93|0.81|0.62|0.95|0.77|0.63|0.75|0.76|0.88|0.51|0.53|0.79|0.90|0.69|0.68|0.63|0.91|0.93|0.88|0.51,Data Science,2025-11-02T11:58:25Z
LA000407,Daugavpils University,India,Latvia,Male,27,C2,74.7,0.85,Medium,Other,0.31,0,0.6,BuddyProgram,1,0.62|0.92|0.64|0.54|0.71|0.78|0.65|0.65|0.62|0.86|0.65|0.94|0.65|0.77|0.65|0.83|0.66|0.72|0.32|0.50|0.66|0.71|0.70|0.81|0.79|0.61|0.85|0.82|0.56|0.56|0.90|0.83,Economics,2025-11-02T11:58:25Z
LA000408,Daugavpils University,Nigeria,Latvia,Prefer not to say,24,C1,89.2,0.88,High,Married,0.17,0,0.7,None,1,0.78|0.80|0.48|0.65|0.71|0.74|0.92|0.79|0.99|0.94|0.95|0.59|0.80|0.81|0.73|0.85|0.78|0.79|0.63|0.93|0.91|0.85|0.75|0.69|0.73|0.74|0.55|0.69|0.72|0.43|0.79|0.87,Business,2025-11-02T11:58:25Z
LA000409,TSI Riga,Nigeria,Latvia,Prefer not to say,21,C2,87.8,0.88,High,Other,0.17,0,0.7,Counseling,1,0.66|0.78|0.67|0.55|0.68|0.89|0.83|0.63|0.47|0.63|0.77|0.93|0.66|0.58|0.70|0.91|0.67|0.74|0.71|0.77|0.74|0.42|0.81|0.72|0.70|0.62|0.47|0.82|0.97|0.51|0.69|0.75,Psychology,2025-11-02T11:58:25Z
LA000410,Daugavpils University,Vietnam,Latvia,Prefer not to say,28,C1,84.5,0.9,High,Other,0.4,0,0.6,BuddyProgram,1,0.65|0.85|0.76|0.61|0.66|0.85|0.69|0.69|0.70|0.88|0.86|0.59|0.71|0.61|0.70|0.79|0.48|0.81|1.00|0.62|0.73|0.94|0.97|0.52|0.72|0.70|0.84|0.80|0.86|0.77|0.94|0.73,Logistics,2025-11-02T11:58:25Z
LA000411,TSI Riga,Vietnam,Latvia,Male,25,C1,81.5,0.89,Medium,Other,0.31,0,0.6,Tutoring,1,0.85|0.78|0.96|0.74|0.71|0.74|0.71|0.78|0.97|0.74|0.76|0.77|0.76|0.72|0.53|0.80|0.81|0.83|0.75|0.59|0.74|0.76|0.75|0.81|0.71|0.75|0.79|0.77|0.78|0.59|0.49|0.75,English Philology,2025-11-02T11:58:25Z
LA000412,Daugavpils University,Pakistan,Latvia,Other,29,B2,74.9,0.83,Medium,Other,0.2,0,0.6,None,1,0.82|0.40|0.58|0.58|0.84|0.41|0.90|0.84|0.55|0.79|0.80|0.79|0.62|0.51|0.48|0.72|0.74|0.72|0.99|0.62|0.81|0.67|0.72|0.47|0.78|0.57|0.93|0.64|0.55|0.55|0.77|0.73,Engineering,2025-11-02T11:58:25Z
LA000413,TSI Riga,USA,Latvia,Male,25,C2,81.7,0.88,Medium,Other,0.23,0,0.3,None,1,0.82|0.80|0.88|0.65|0.67|0.73|1.00|0.76|0.44|0.80|0.66|0.88|0.59|0.67|0.87|0.62|0.75|0.71|0.72|0.73|0.79|0.94|0.91|0.80|0.91|0.63|0.55|0.81|0.80|0.69|0.78|0.72,English Philology,2025-11-02T11:58:25Z
LA000414,TSI Riga,Bangladesh,Latvia,Female,29,C1,63.6,0.89,Medium,Single,0.14,0,0.6,LanguageMentor,1,0.53|0.62|0.85|0.92|0.60|0.87|0.92|0.85|0.77|0.79|0.66|0.83|0.85|0.77|0.78|0.74|0.91|0.67|0.99|0.86|0.55|0.76|0.95|0.68|0.98|0.75|0.92|0.79|0.79|0.57|0.94|0.49,Business,2025-11-02T11:58:25Z
LA000415,TSI Riga,Italy,Latvia,Prefer not to say,23,B2,81.7,0.8,Medium,Other,0.22,0,0.1,None,1,0.81|0.58|0.75|1.00|0.58|0.90|0.78|0.62|0.55|0.82|0.73|0.71|0.63|0.63|0.78|0.71|0.73|0.60|0.42|0.62|0.82|0.89|0.64|0.57|0.64|0.31|0.69|0.90|0.63|0.78|0.76|0.88,Computer Science,2025-11-02T11:58:25Z
LA000416,TSI Riga,Italy,Latvia,Male,19,C1,67.9,0.9,High,Other,0.33,0,0.1,LanguageMentor,0,0.81|0.65|0.84|0.78|0.77|0.79|0.56|0.80|0.67|0.64|0.60|0.86|0.73|0.77|0.52|0.87|0.73|0.71|0.62|0.68|0.87|0.51|0.60|0.59|0.69|0.81|0.70|0.81|0.87|0.53|0.98|0.58,Data Science,2025-11-02T11:58:25Z
LA000417,Daugavpils University,Pakistan,Latvia,Other,18,B1,71.6,0.95,Low,Other,0.48,0,0.6,BuddyProgram,1,0.91|0.67|0.78|0.77|0.62|0.78|0.79|0.80|0.79|0.69|0.82|1.00|0.47|0.75|0.81|0.85|1.00|0.77|0.77|0.83|0.79|0.98|0.77|0.69|0.68|0.55|0.97|0.81|0.69|0.78|0.63|0.71,Logistics,2025-11-02T11:58:25Z
LA000418,Daugavpils University,Latvia,Latvia,Male,22,C1,83.6,0.86,High,Other,0.3,0,0.1,None,1,0.72|0.67|0.85|0.63|0.88|0.66|0.75|0.88|0.45|0.64|0.71|1.00|0.51|0.77|0.82|0.71|0.69|0.98|0.78|0.89|0.64|1.00|0.88|0.65|0.79|0.74|0.85|0.70|1.00|0.57|0.73|0.62,Economics,2025-11-02T11:58:25Z
LA000419,TSI Riga,Slovakia,Latvia,Other,23,C1,76.7,0.91,High,Other,0.03,0,0.1,LanguageMentor,1,0.86|0.46|0.74|0.62|0.71|0.81|0.46|0.71|0.67|0.82|0.83|0.91|0.94|0.75|0.91|0.93|0.78|0.77|0.74|0.87|0.69|0.73|0.71|0.82|0.68|0.68|0.94|0.96|0.64|0.74|0.72|0.72,Computer Science,2025-11-02T11:58:25Z
LA000420,TSI Riga,Brazil,Latvia,Prefer not to say,23,C1,56.1,0.88,Low,Married,0.05,0,0.5,LanguageMentor,1,0.89|0.91|0.78|0.74|0.86|0.79|0.87|0.62|0.61|0.69|0.74|0.90|0.61|0.70|0.71|0.89|0.61|0.83|0.53|0.55|0.85|0.89|0.77|0.57|0.86|0.95|0.79|0.86|0.54|0.48|0.87|0.67,Psychology,2025-11-02T11:58:25Z
LA000421,Daugavpils University,USA,Latvia,Male,23,C2,78.6,0.88,Low,Other,0.46,0,0.3,None,1,0.64|0.69|0.74|0.61|0.66|0.67|0.75|0.58|0.82|0.78|0.72|0.67|0.59|0.63|0.87|0.84|0.53|0.73|0.61|0.70|0.67|0.84|0.76|0.95|0.73|0.85|0.73|0.84|0.86|0.57|0.69|0.60,Engineering,2025-11-02T11:58:25Z
LA000422,TSI Riga,Italy,Latvia,Male,24,A2,67.7,1,High,Married,0.39,1,0.1,Tutoring,0,0.86|0.79|0.64|0.64|0.69|0.61|0.64|0.65|0.49|0.95|0.72|0.81|0.53|0.97|0.61|0.69|0.80|0.45|0.63|0.75|0.55|0.63|0.61|0.70|0.53|0.76|0.78|0.70|0.85|0.77|0.76|0.71,Business,2025-11-02T11:58:25Z
LA000423,TSI Riga,Brazil,Latvia,Male,23,B2,77,0.88,Low,Married,0.58,0,0.5,Tutoring,1,0.94|0.59|0.83|0.68|0.67|0.78|0.74|0.73|0.59|0.63|0.53|0.60|0.71|0.70|0.73|0.69|0.60|0.91|0.87|0.39|0.76|0.59|0.71|0.43|0.72|0.77|0.72|0.72|0.65|0.93|0.75|0.54,Logistics,2025-11-02T11:58:25Z
LA000424,Daugavpils University,Pakistan,Latvia,Male,29,B1,78.3,1,Low,Other,0.51,0,0.6,None,1,0.80|0.79|0.86|0.78|0.71|0.57|0.79|0.74|0.83|0.85|0.86|0.71|0.67|0.62|0.66|0.80|0.80|0.46|0.80|0.79|0.62|0.63|0.86|0.84|0.80|0.72|0.63|0.70|0.46|0.67|0.53|0.68,English Philology,2025-11-02T11:58:25Z
LA000425,Daugavpils University,Slovakia,Latvia,Female,21,C1,69.4,0.83,Medium,Other,0.44,0,0.1,None,1,0.37|0.59|0.56|0.78|0.87|0.59|0.79|0.75|0.84|0.53|0.76|0.85|0.64|0.86|0.72|0.52|0.80|0.68|0.61|0.74|0.79|0.62|0.75|0.83|0.82|0.87|0.76|0.79|0.66|0.70|0.70|0.80,Logistics,2025-11-02T11:58:25Z
LA000426,TSI Riga,Italy,Latvia,Prefer not to say,23,C2,83.2,0.87,Low,Other,0.37,0,0.1,None,1,0.76|0.75|0.81|0.50|0.65|0.70|0.91|0.51|0.61|0.63|0.80|0.75|0.62|0.85|0.61|0.72|0.85|0.61|0.88|0.67|0.82|0.83|0.83|0.82|0.63|0.48|0.49|0.60|0.50|0.83|0.79|0.63,Business,2025-11-02T11:58:25Z
LA000427,TSI Riga,Spain,Latvia,Female,25,B1,89.5,0.82,High,Married,0.25,1,0.1,None,0,0.87|0.69|0.87|0.86|0.87|0.70|0.93|0.60|0.66|0.78|0.74|0.71|0.84|0.75|0.76|0.49|0.74|0.87|0.89|0.82|0.62|0.74|0.77|0.80|0.90|0.71|0.68|0.59|0.62|0.65|0.65|0.91,Psychology,2025-11-02T11:58:25Z
LA000428,TSI Riga,Pakistan,Latvia,Male,18,C1,59.7,0.83,High,Married,0.1,1,0.6,None,0,0.80|0.75|1.00|0.83|0.88|0.64|0.69|0.88|0.55|0.52|0.83|0.71|0.75|0.62|0.68|0.69|0.95|0.50|0.69|1.00|0.58|0.92|0.55|0.84|0.80|1.00|0.88|0.53|0.68|0.67|0.60|0.66,Engineering,2025-11-02T11:58:25Z
LA000429,TSI Riga,USA,Latvia,Female,20,C2,74.5,0.87,High,Single,0.34,1,0.3,LanguageMentor,0,0.61|0.92|0.58|0.93|0.95|0.82|0.83|0.61|0.77|0.81|0.85|0.66|0.81|0.69|1.00|0.69|0.70|0.97|0.84|0.73|0.62|0.78|0.70|0.74|0.56|0.70|0.71|0.64|0.75|0.87|0.74|0.94,Logistics,2025-11-02T11:58:25Z
LA000430,Daugavpils University,Ukraine,Latvia,Female,22,A2,80.2,0.97,Low,Single,0.21,0,0.1,Tutoring,0,0.70|0.86|0.63|0.84|0.74|0.62|0.60|0.66|0.57|0.68|0.76|0.76|0.55|0.52|0.57|0.80|0.77|0.76|0.65|0.89|0.67|0.91|0.84|0.77|0.65|0.97|0.79|0.83|0.67|0.64|1.00|0.79,Business,2025-11-02T11:58:25Z
LA000431,Daugavpils University,Brazil,Latvia,Prefer not to say,24,B2,56,0.89,Low,Other,0.33,0,0.5,BuddyProgram,1,0.59|0.70|0.66|0.77|0.82|0.75|0.81|0.63|0.59|0.77|0.87|0.77|0.59|0.86|0.70|0.88|0.67|0.57|0.73|0.79|0.83|0.70|0.73|0.66|0.62|0.93|0.60|0.60|0.60|0.45|0.85|0.72,Economics,2025-11-02T11:58:25Z
LA000432,Daugavpils University,Pakistan,Latvia,Prefer not to say,26,C2,60.3,0.69,High,Married,0.31,1,0.6,None,0,0.80|0.96|0.55|0.72|0.84|0.96|0.75|0.92|0.69|0.72|0.54|0.63|0.72|0.87|0.74|0.69|0.63|0.55|0.66|0.80|0.72|0.54|0.87|0.76|0.70|0.73|0.72|0.78|0.59|0.60|0.82|0.61,Economics,2025-11-02T11:58:25Z
LA000433,Daugavpils University,Spain,Latvia,Female,20,C2,68.5,0.89,High,Other,0.21,0,0.1,LanguageMentor,1,0.59|0.66|0.57|0.72|0.56|0.63|0.90|0.97|0.72|0.86|0.78|0.59|0.77|0.63|0.78|0.87|0.73|0.63|1.00|0.77|0.79|0.83|0.67|0.45|0.69|0.54|0.88|0.61|0.66|0.65|0.57|0.89,English Philology,2025-11-02T11:58:25Z
LA000434,TSI Riga,Sri Lanka,Latvia,Prefer not to say,19,C1,81.2,0.62,High,Married,0.05,0,0.6,Tutoring,1,0.77|0.62|0.53|0.93|0.78|0.57|0.97|0.55|0.80|1.00|0.68|0.81|1.00|0.49|0.71|0.77|0.68|0.71|0.70|0.63|0.41|0.56|0.73|0.81|0.54|0.50|0.85|0.65|0.80|0.51|0.49|0.53,English Philology,2025-11-02T11:58:25Z
LA000435,Daugavpils University,Spain,Latvia,Other,23,C1,80,0.87,Low,Other,0.66,0,0.1,Counseling,1,0.45|0.57|0.86|0.68|0.56|0.64|0.84|0.35|0.71|0.93|0.65|0.58|0.82|0.83|0.74|0.50|0.57|0.69|0.50|0.44|0.40|0.57|0.53|0.47|0.78|0.52|0.88|0.55|0.71|0.67|0.85|0.61,Psychology,2025-11-02T11:58:25Z
LA000436,TSI Riga,Bangladesh,Latvia,Female,26,B1,67.4,0.95,High,Single,0.08,1,0.6,None,0,0.70|0.71|0.74|0.90|0.82|0.59|0.74|0.71|0.85|0.88|0.89|0.63|0.82|0.67|0.74|1.00|0.82|0.51|0.88|0.69|0.67|0.69|0.81|0.63|0.83|0.72|0.88|0.83|0.63|0.70|0.89|1.00,Computer Science,2025-11-02T11:58:25Z
LA000437,Daugavpils University,Latvia,Latvia,Male,29,B1,69.4,0.99,Medium,Single,0.19,0,0.1,LanguageMentor,1,0.58|0.94|0.84|0.64|0.88|0.49|0.66|0.93|1.00|0.77|0.80|0.91|0.79|0.55|0.88|0.60|0.65|0.94|0.70|0.67|0.88|0.77|0.74|0.68|0.68|0.64|0.84|0.83|0.90|0.61|0.80|0.45,Computer Science,2025-11-02T11:58:25Z
LA000438,Daugavpils University,Brazil,Latvia,Other,20,C2,75.9,0.86,High,Other,0.29,0,0.5,BuddyProgram,1,0.63|0.85|0.51|0.80|0.79|0.76|0.65|0.54|0.77|0.85|0.82|0.61|0.64|0.89|0.73|0.52|0.62|0.91|0.69|0.76|0.71|0.81|0.78|0.86|0.79|0.94|0.77|0.68|0.74|0.89|0.58|0.90,Data Science,2025-11-02T11:58:25Z
LA000439,TSI Riga,Nigeria,Latvia,Prefer not to say,28,A2,69.8,0.91,Low,Other,0.17,0,0.7,None,1,0.56|0.85|0.91|0.69|0.64|0.49|0.85|0.74|0.74|0.52|0.86|0.73|0.48|0.74|0.80|0.81|0.72|0.83|0.46|0.53|0.55|0.71|0.91|0.72|0.67|0.61|0.50|0.68|0.67|0.85|0.81|0.92,English Philology,2025-11-02T11:58:25Z
LA000440,Daugavpils University,Latvia,Latvia,Female,27,B1,79.9,0.9,Medium,Other,0.26,1,0.1,Counseling,0,0.52|0.73|0.80|0.54|0.82|0.83|1.00|0.71|0.83|0.63|1.00|0.90|0.71|0.87|0.75|0.43|0.73|0.60|0.84|0.56|0.80|0.63|0.78|0.96|0.89|0.92|0.95|0.74|0.55|0.83|0.77|0.60,Data Science,2025-11-02T11:58:25Z
LA000441,Daugavpils University,Brazil,Latvia,Male,28,B1,77.7,0.99,Medium,Other,0.18,0,0.5,LanguageMentor,1,0.88|0.68|0.68|0.70|0.72|0.58|0.47|0.72|0.75|0.96|0.75|0.59|0.71|0.92|0.60|0.76|0.77|0.57|0.83|0.82|0.57|0.64|0.78|0.72|0.63|0.70|0.55|0.89|0.80|0.91|0.76|0.51,English Philology,2025-11-02T11:58:25Z
LA000442,Daugavpils University,Pakistan,Latvia,Male,22,B2,72.5,0.83,Low,Single,0.3,0,0.6,Tutoring,1,1.00|0.50|0.86|0.89|0.97|0.57|0.76|0.49|0.83|0.74|0.83|0.76|0.79|0.60|0.97|0.73|0.89|0.70|0.69|0.55|0.73|0.97|1.00|0.76|0.77|0.88|0.74|0.58|0.56|0.36|0.77|0.57,English Philology,2025-11-02T11:58:25Z
LA000443,TSI Riga,Vietnam,Latvia,Other,26,C1,71.8,0.96,Medium,Married,0.15,0,0.6,LanguageMentor,1,0.84|0.61|0.69|0.95|0.81|0.83|0.79|0.73|0.88|0.66|0.70|0.69|0.27|0.86|0.98|0.69|0.76|0.88|0.70|0.81|0.65|0.70|0.75|0.87|0.77|0.85|0.73|0.73|0.64|0.76|0.65|0.85,Logistics,2025-11-02T11:58:25Z
LA000444,Daugavpils University,Spain,Latvia,Male,26,B1,73.4,0.99,Low,Other,0.3,0,0.1,Tutoring,1,0.59|0.57|0.59|0.47|0.62|0.87|0.54|0.46|0.98|0.74|0.71|0.86|0.76|0.84|0.77|0.71|0.66|0.73|0.51|0.82|0.53|0.67|0.88|0.82|0.77|0.61|0.48|0.81|0.87|0.61|0.71|0.87,Computer Science,2025-11-02T11:58:25Z
LA000445,Daugavpils University,Vietnam,Latvia,Prefer not to say,21,A2,68.5,0.96,Medium,Single,0.21,1,0.6,None,0,0.85|0.69|0.66|0.74|0.85|0.66|0.63|0.90|0.67|0.78|0.62|0.81|0.78|1.00|0.53|0.74|0.88|0.99|0.90|0.71|0.82|0.91|0.82|0.78|0.71|0.53|0.45|0.74|0.70|0.53|0.68|0.86,Data Science,2025-11-02T11:58:25Z
LA000446,Daugavpils University,USA,Latvia,Prefer not to say,21,C2,80.9,1,Low,Married,0.46,0,0.3,None,1,0.76|0.90|0.65|0.77|0.84|0.69|0.81|0.67|0.74|0.94|0.68|0.60|0.51|0.95|0.80|0.74|0.60|0.63|0.78|0.61|0.74|0.69|0.66|0.69|0.77|0.78|0.68|0.80|0.75|0.78|0.75|0.60,Economics,2025-11-02T11:58:25Z
LA000447,TSI Riga,Italy,Latvia,Male,21,B2,65,0.82,Low,Married,0.47,1,0.1,Tutoring,0,0.63|0.56|0.66|0.52|0.82|1.00|1.00|0.61|0.83|0.63|0.66|0.79|0.74|0.72|0.55|0.58|0.57|0.70|0.92|0.65|0.91|0.89|0.55|0.67|0.68|1.00|0.76|0.61|0.72|0.83|0.67|0.83,Business,2025-11-02T11:58:25Z
LA000448,Daugavpils University,Ukraine,Latvia,Prefer not to say,21,B2,68.2,0.92,Medium,Married,0.14,1,0.1,LanguageMentor,0,0.54|0.56|0.84|0.52|0.65|0.68|0.67|0.65|0.64|0.68|0.71|0.66|0.87|0.78|0.75|0.76|0.76|0.82|0.74|0.66|0.91|0.80|0.59|0.65|0.92|0.66|0.47|0.81|1.00|0.72|0.82|0.75,Economics,2025-11-02T11:58:25Z
LA000449,Daugavpils University,Spain,Latvia,Prefer not to say,23,B2,59.3,0.98,Low,Married,0.43,0,0.1,Counseling,1,0.91|0.79|0.81|0.68|0.80|0.95|0.58|0.65|0.71|0.62|0.81|0.62|1.00|0.63|0.72|0.82|0.70|0.68|0.79|0.88|0.70|0.81|0.65|0.61|0.79|0.38|0.59|0.64|0.68|0.59|0.76|0.69,Business,2025-11-02T11:58:25Z
LA000450,Daugavpils University,Latvia,Latvia,Male,22,B1,65.3,0.81,High,Single,0.65,0,0.1,BuddyProgram,0,0.89|0.67|0.96|0.64|0.55|0.74|0.86|0.70|0.55|0.87|0.72|0.66|0.69|0.53|0.59|0.80|0.75|0.39|0.59|0.41|0.45|0.66|0.65|0.52|0.85|0.48|0.82|0.59|0.77|0.71|0.80|0.80,Logistics,2025-11-02T11:58:25Z
LA000451,TSI Riga,Vietnam,Latvia,Female,21,C2,79.4,0.86,Medium,Married,0.44,0,0.6,Tutoring,0,0.72|0.61|0.61|0.49|0.97|0.66|0.74|0.64|0.92|0.78|0.84|0.91|0.85|0.84|0.58|0.58|0.87|0.82|0.76|0.68|0.58|0.82|0.60|0.52|0.81|0.71|0.64|0.74|0.77|0.64|0.82|0.77,Data Science,2025-11-02T11:58:25Z
LA000452,TSI Riga,Slovakia,Latvia,Other,23,A2,73.5,0.79,Medium,Married,0.42,1,0.1,Tutoring,0,0.68|0.69|0.79|0.78|0.77|0.67|0.78|0.81|0.59|0.66|0.65|0.75|0.74|0.85|0.83|0.61|0.59|0.81|0.88|0.77|0.63|0.87|0.71|0.71|0.92|0.61|0.72|0.67|0.64|0.72|0.74|0.79,English Philology,2025-11-02T11:58:25Z
LA000453,Daugavpils University,Slovakia,Latvia,Prefer not to say,23,B2,84.3,0.79,Low,Other,0.13,0,0.1,Tutoring,1,0.68|0.81|0.61|0.84|0.98|0.65|0.48|0.62|0.68|0.69|0.81|0.77|0.80|0.77|0.86|0.57|0.67|0.66|0.51|0.73|0.90|0.61|0.89|0.82|0.79|0.78|0.66|0.60|1.00|0.70|0.53|0.66,Business,2025-11-02T11:58:25Z
LA000454,Daugavpils University,Sri Lanka,Latvia,Prefer not to say,20,C1,90.5,0.95,Medium,Married,0.57,0,0.6,None,1,0.89|0.95|0.59|0.62|0.72|0.90|0.82|0.78|0.65|0.67|0.74|0.64|0.78|0.72|0.75|0.82|0.80|0.71|0.63|0.51|0.64|0.87|0.79|0.68|0.63|0.88|0.74|0.70|0.52|0.79|0.55|0.72,Economics,2025-11-02T11:58:25Z
LA000455,Daugavpils University,USA,Latvia,Prefer not to say,27,C1,72.5,0.82,Medium,Married,0.26,1,0.3,LanguageMentor,0,0.58|0.62|0.72|0.73|0.62|0.87|0.63|0.68|0.72|0.72|0.61|0.69|0.66|0.65|0.79|0.97|0.52|0.86|0.79|0.93|0.79|0.76|0.68|0.77|0.55|0.61|0.70|0.94|0.81|0.56|0.73|0.83,English Philology,2025-11-02T11:58:25Z
LA000456,TSI Riga,Sri Lanka,Latvia,Male,23,B2,85,0.87,High,Married,0.43,1,0.6,None,0,0.42|0.77|0.81|0.70|0.72|0.72|0.86|0.97|1.00|0.70|0.56|0.50|0.75|0.90|0.71|0.66|0.66|0.59|0.74|0.66|0.58|0.80|0.46|0.62|0.63|0.83|0.62|0.89|0.50|0.84|0.60|0.58,Logistics,2025-11-02T11:58:25Z
LA000457,TSI Riga,Italy,Latvia,Prefer not to say,20,B1,80.2,0.77,High,Single,0.58,1,0.1,None,0,0.86|0.61|0.59|0.74|0.72|0.93|0.74|0.62|0.47|0.89|0.64|0.62|0.75|0.80|0.70|0.65|0.59|0.70|0.57|0.78|0.78|0.65|0.80|0.78|0.96|0.78|0.87|0.78|0.57|0.74|0.85|0.94,English Philology,2025-11-02T11:58:25Z
LA000458,TSI Riga,Italy,Latvia,Other,24,A2,68.4,0.77,Medium,Other,0.14,1,0.1,Tutoring,0,0.70|0.68|0.78|0.84|0.91|0.74|0.97|0.76|0.76|0.75|0.70|0.49|0.67|0.71|0.58|0.82|0.58|0.61|0.65|0.71|0.59|1.00|0.76|0.87|0.75|0.62|0.70|0.62|0.67|0.95|0.63|0.84,Psychology,2025-11-02T11:58:25Z
LA000459,TSI Riga,Sri Lanka,Latvia,Female,18,C2,62.9,0.81,Low,Other,0.48,1,0.6,None,0,0.83|0.75|0.61|0.66|0.64|1.00|0.56|0.57|0.71|0.61|0.73|0.67|0.86|0.90|0.85|0.49|0.70|0.81|0.65|0.57|0.50|0.90|0.82|0.54|0.79|1.00|0.90|0.96|0.76|0.88|0.69|0.82,Economics,2025-11-02T11:58:25Z
LA000460,Daugavpils University,Italy,Latvia,Female,22,C2,78.9,0.84,High,Other,0.19,0,0.1,Counseling,0,0.84|0.73|0.87|0.73|0.71|0.69|0.76|0.92|0.88|0.52|0.68|0.63|0.72|0.79|0.76|0.74|0.69|0.45|0.67|0.74|0.59|1.00|0.74|0.78|0.90|0.82|0.79|0.74|0.80|0.52|0.73|0.77,Computer Science,2025-11-02T11:58:25Z
LA000461,Daugavpils University,Italy,Latvia,Prefer not to say,28,C1,68.2,0.85,Medium,Married,0.37,0,0.1,LanguageMentor,1,0.49|0.51|0.81|0.64|0.72|0.65|0.79|0.59|0.61|0.69|0.65|0.94|0.62|0.87|0.76|0.68|0.68|0.91|0.62|0.85|0.64|0.74|0.75|0.91|0.53|0.50|0.75|0.62|0.59|0.73|0.63|0.64,Business,2025-11-02T11:58:25Z
LA000462,Daugavpils University,Spain,Latvia,Other,21,A2,66.1,1,Low,Single,0.1,0,0.1,LanguageMentor,1,0.70|0.74|0.72|0.99|0.53|0.86|0.84|0.79|0.76|0.83|0.82|0.73|0.91|0.63|0.80|0.75|0.66|0.61|0.70|0.73|0.56|0.60|0.73|0.84|0.56|0.94|0.69|0.49|0.52|0.67|0.92|0.87,Engineering,2025-11-02T11:58:25Z
LA000463,Daugavpils University,Italy,Latvia,Male,23,C1,76.2,0.9,Medium,Other,0.05,0,0.1,Tutoring,1,0.90|0.61|0.58|0.63|0.92|0.58|0.70|0.88|0.86|1.00|0.81|0.61|0.87|0.75|0.63|0.66|0.81|0.73|0.70|0.73|0.83|0.97|0.72|0.66|0.58|0.64|0.72|0.60|0.58|0.80|0.80|0.91,Business,2025-11-02T11:58:25Z
LA000464,TSI Riga,Vietnam,Latvia,Male,30,B1,70.8,0.98,Medium,Other,0.05,0,0.6,Tutoring,0,0.66|0.97|0.68|0.73|0.72|0.69|0.77|0.68|0.67|0.51|0.94|0.87|0.64|0.66|0.70|0.75|0.67|0.50|0.74|0.78|0.74|0.66|0.88|0.77|0.52|0.81|0.23|0.73|0.69|0.64|0.74|0.92,Psychology,2025-11-02T11:58:25Z
LA000465,TSI Riga,Bangladesh,Latvia,Male,22,B2,65.9,0.83,Medium,Single,0.29,1,0.6,None,0,0.59|0.77|0.74|0.75|0.82|0.84|0.83|0.66|0.66|0.52|0.67|0.95|0.66|0.76|0.87|0.81|0.82|0.73|0.51|0.59|0.85|0.70|0.76|0.54|0.53|0.90|0.81|0.49|0.71|0.91|0.87|0.78,Logistics,2025-11-02T11:58:25Z
LA000466,Daugavpils University,Pakistan,Latvia,Other,24,A2,73.4,0.87,Low,Single,0.39,0,0.6,None,1,0.90|0.84|0.72|0.76|0.98|0.81|0.55|0.64|0.50|0.82|0.48|0.71|1.00|0.69|0.76|0.64|0.96|0.68|0.68|0.85|0.72|0.47|0.82|0.77|1.00|0.86|0.67|0.71|0.71|0.69|0.77|0.70,Business,2025-11-02T11:58:25Z
LA000467,TSI Riga,USA,Latvia,Prefer not to say,24,B2,72.2,0.92,Medium,Single,0.21,1,0.3,LanguageMentor,0,0.74|0.97|0.83|0.86|0.76|0.62|0.61|0.50|0.85|0.84|0.83|0.70|0.83|0.54|0.82|0.70|0.61|0.71|0.79|0.55|0.68|0.64|0.78|0.53|0.81|0.91|0.58|0.74|0.63|0.64|0.72|1.00,Engineering,2025-11-02T11:58:25Z
LA000468,TSI Riga,Nigeria,Latvia,Male,20,C1,72.9,0.76,High,Married,0.22,0,0.7,None,0,0.56|0.74|0.71|0.42|0.73|0.79|0.87|0.71|0.50|0.58|0.58|0.84|0.85|0.65|0.64|0.83|0.74|0.40|0.58|0.52|0.86|0.60|0.98|0.62|0.75|0.58|0.76|0.92|0.89|0.65|0.53|0.78,Psychology,2025-11-02T11:58:25Z
LA000469,Daugavpils University,Spain,Latvia,Other,21,A2,75.1,0.95,Medium,Single,0.39,0,0.1,Tutoring,1,0.58|0.72|0.48|0.69|0.52|0.97|0.80|0.96|0.94|0.71|0.80|0.75|0.79|0.78|0.93|0.75|0.62|0.78|0.55|0.86|0.86|0.57|0.65|0.77|0.50|0.54|0.48|0.83|0.71|0.83|0.84|0.90,Psychology,2025-11-02T11:58:25Z
LA000470,Daugavpils University,USA,Latvia,Other,28,C1,73.7,0.8,Low,Single,0.36,0,0.3,LanguageMentor,1,0.62|0.54|0.73|0.72|0.72|0.69|0.67|0.96|0.71|0.72|0.82|0.78|0.58|0.78|0.75|0.79|0.61|0.37|0.69|0.63|0.77|0.71|0.92|0.60|0.67|0.59|0.90|0.53|0.54|0.64|0.69|0.58,Engineering,2025-11-02T11:58:25Z
LA000471,Daugavpils University,Sri Lanka,Latvia,Prefer not to say,23,B2,61.6,0.97,Medium,Married,0.09,0,0.6,BuddyProgram,1,0.59|0.77|0.62|0.74|0.86|0.80|0.59|0.59|0.63|0.75|0.85|0.91|0.98|0.53|0.75|0.79|0.76|0.76|0.67|0.83|1.00|1.00|0.80|0.70|0.71|0.69|0.70|0.54|0.88|0.75|0.54|0.70,Economics,2025-11-02T11:58:25Z
LA000472,TSI Riga,USA,Latvia,Male,26,A2,94.2,0.91,High,Married,0.18,0,0.3,None,0,0.74|0.76|0.68|0.72|0.55|0.71|0.88|0.78|0.83|0.81|0.79|0.56|0.64|0.92|0.58|0.61|0.79|0.80|0.71|0.89|0.68|0.59|0.49|0.67|0.90|0.88|0.62|0.67|0.67|0.66|0.76|0.60,Economics,2025-11-02T11:58:25Z
LA000473,TSI Riga,Vietnam,Latvia,Female,23,C1,71,0.79,High,Married,0.24,1,0.6,Counseling,0,0.69|0.81|0.81|0.77|0.67|0.99|0.79|0.67|0.61|0.90|0.73|0.71|0.77|0.83|0.78|0.67|0.73|0.69|0.81|0.69|0.43|0.83|0.60|0.60|0.75|0.63|0.90|0.75|0.76|0.69|0.79|0.69,Computer Science,2025-11-02T11:58:25Z
LA000474,TSI Riga,Sri Lanka,Latvia,Other,23,A2,52.8,0.75,High,Single,0.2,0,0.6,LanguageMentor,1,0.75|0.48|0.64|0.91|0.76|0.60|0.64|0.68|1.00|0.92|0.77|0.65|0.96|0.51|0.81|0.49|0.73|0.79|0.76|0.87|0.75|0.96|0.74|0.67|0.66|0.79|0.70|1.00|0.94|0.81|0.74|0.73,English Philology,2025-11-02T11:58:25Z
LA000475,Daugavpils University,Italy,Latvia,Male,25,A2,63.7,0.92,Low,Married,0.26,0,0.1,Tutoring,0,0.78|0.65|0.70|0.77|0.71|0.86|0.55|0.66|0.75|0.68|0.53|0.68|0.51|0.80|0.56|0.58|0.95|0.72|0.74|0.99|0.79|0.87|0.86|0.72|0.90|0.92|0.83|0.72|0.77|0.83|0.55|0.89,English Philology,2025-11-02T11:58:25Z
LA000476,TSI Riga,Pakistan,Latvia,Other,18,A2,71.7,0.95,Low,Single,0.1,0,0.6,LanguageMentor,1,0.54|0.84|0.72|0.48|0.75|0.53|0.69|0.72|0.84|0.85|0.66|0.59|0.59|0.72|0.79|0.80|0.66|0.89|0.69|0.59|0.65|0.57|0.67|0.71|0.74|0.79|0.70|0.96|0.86|0.65|0.78|0.69,Economics,2025-11-02T11:58:25Z
LA000477,Daugavpils University,India,Latvia,Prefer not to say,19,A2,77.3,0.96,Medium,Married,0.3,0,0.6,BuddyProgram,1,0.80|0.90|0.80|0.85|0.74|0.99|0.65|0.74|0.72|0.58|0.97|0.90|0.70|0.81|0.70|0.65|0.42|0.78|0.57|0.51|0.58|0.67|0.67|0.60|0.83|0.65|0.77|0.92|0.94|0.64|0.79|0.65,Data Science,2025-11-02T11:58:25Z
LA000478,TSI Riga,USA,Latvia,Prefer not to say,24,B1,76.2,0.95,Low,Married,0.45,0,0.3,Counseling,1,0.70|0.54|0.78|0.84|0.89|0.96|0.80|0.73|0.66|0.74|0.99|0.50|0.50|0.67|0.81|0.80|0.70|0.59|0.65|0.73|0.75|0.69|0.82|0.62|0.50|0.90|0.87|0.80|0.61|0.70|0.73|0.66,Business,2025-11-02T11:58:25Z
LA000479,Daugavpils University,India,Latvia,Female,23,C2,78.2,0.89,Low,Married,0.44,0,0.6,LanguageMentor,1,0.73|0.83|0.82|0.80|0.39|0.64|0.65|0.48|0.80|0.64|0.78|0.91|0.54|0.70|0.60|0.66|0.74|0.87|0.92|0.65|0.56|0.66|0.76|0.77|0.63|0.74|0.91|0.56|0.70|0.65|0.59|0.84,Logistics,2025-11-02T11:58:25Z
LA000480,TSI Riga,Pakistan,Latvia,Prefer not to say,23,C2,85.5,0.91,High,Single,0.13,0,0.6,None,1,0.69|0.70|0.75|0.73|0.69|0.52|0.62|0.59|0.92|0.59|0.27|0.72|0.65|0.88|0.66|0.73|0.78|0.58|0.87|0.70|0.67|0.86|0.66|0.98|0.62|0.69|0.68|0.78|0.74|0.74|0.48|0.69,Business,2025-11-02T11:58:25Z
LA000481,TSI Riga,Pakistan,Latvia,Other,22,B2,85.1,0.87,Low,Single,0.01,1,0.6,Tutoring,0,0.91|0.82|0.63|0.62|0.73|0.84|0.75|0.54|0.65|0.81|0.71|0.62|0.73|0.83|0.95|0.92|0.88|0.87|0.85|0.61|0.57|0.63|0.57|0.57|0.70|0.68|0.81|0.62|0.70|0.87|0.50|0.82,Data Science,2025-11-02T11:58:25Z
LA000482,TSI Riga,Latvia,Latvia,Prefer not to say,28,C2,62.1,0.89,High,Other,0.25,0,0.1,Tutoring,1,0.75|0.76|0.72|0.72|0.63|0.77|0.82|0.87|0.81|0.78|0.84|0.62|0.54|0.86|0.86|0.79|0.86|0.66|0.80|0.91|1.00|0.76|0.78|0.89|0.70|0.53|0.65|0.81|0.67|0.65|0.61|0.76,Engineering,2025-11-02T11:58:25Z
LA000483,Daugavpils University,Sri Lanka,Latvia,Prefer not to say,26,A2,76.7,1,Low,Married,0.17,0,0.6,None,1,0.43|0.80|0.52|0.79|0.76|0.54|0.72|0.66|0.94|0.69|0.93|0.99|0.86|0.71|0.84|0.79|0.76|0.69|0.76|0.85|0.74|0.75|0.83|0.83|0.81|0.52|0.71|0.78|0.75|0.78|0.65|0.67,Logistics,2025-11-02T11:58:25Z
LA000484,TSI Riga,Pakistan,Latvia,Other,25,B2,79.4,0.81,Medium,Married,0.25,0,0.6,BuddyProgram,0,0.68|0.67|0.81|0.76|0.52|0.92|0.42|0.50|0.74|0.66|0.44|0.58|0.83|0.84|0.90|0.72|0.88|0.83|0.60|0.79|0.61|0.30|0.73|0.71|0.75|0.71|0.81|0.69|0.76|0.68|0.86|0.54,Engineering,2025-11-02T11:58:25Z
LA000485,Daugavpils University,Ukraine,Latvia,Prefer not to say,26,A2,67.1,0.88,High,Other,0.27,0,0.1,None,1,0.49|0.65|0.78|0.75|0.80|0.79|0.46|0.82|0.78|0.45|0.75|0.83|0.94|0.77|0.44|0.81|0.66|0.68|0.84|0.83|0.72|0.61|0.92|0.70|0.74|1.00|0.72|0.68|0.69|0.68|0.84|0.85,English Philology,2025-11-02T11:58:25Z
LA000486,Daugavpils University,Bangladesh,Latvia,Other,22,B2,63.7,0.84,Medium,Single,0.29,0,0.6,LanguageMentor,0,0.71|0.75|0.91|0.82|0.79|0.83|0.71|0.61|0.42|0.73|0.76|0.67|0.90|0.73|0.65|0.57|0.79|0.68|0.59|0.91|0.75|0.81|0.87|0.83|0.56|0.62|0.71|0.81|0.73|0.78|0.65|0.69,Economics,2025-11-02T11:58:25Z
LA000487,Daugavpils University,Brazil,Latvia,Female,19,B2,55.1,0.8,High,Married,0.07,0,0.5,BuddyProgram,1,0.78|0.79|0.69|0.62|0.58|0.90|0.87|0.52|0.53|0.58|0.61|0.67|0.96|0.73|0.57|0.91|0.88|0.71|0.86|0.60|0.94|0.78|0.53|0.83|0.70|0.69|0.87|0.78|0.48|0.49|0.52|0.91,Computer Science,2025-11-02T11:58:25Z
LA000488,Daugavpils University,Italy,Latvia,Other,28,B1,83.5,0.95,Low,Married,0.34,0,0.1,BuddyProgram,0,0.55|0.67|0.60|0.78|0.89|0.74|0.66|0.80|0.69|0.68|0.79|0.67|0.94|0.54|0.78|0.51|0.71|0.78|0.62|0.60|0.72|0.71|0.87|0.65|0.65|0.86|0.91|0.48|0.86|1.00|0.60|0.74,Psychology,2025-11-02T11:58:25Z
LA000489,TSI Riga,Slovakia,Latvia,Male,23,C2,71.2,0.96,Medium,Married,0.27,1,0.1,LanguageMentor,0,0.90|0.78|0.74|0.84|0.73|0.78|1.00|0.81|0.57|0.61|0.62|0.72|0.69|0.68|0.85|0.81|0.65|0.96|0.55|0.89|0.80|0.65|0.62|0.69|0.69|0.59|0.68|0.69|0.62|0.65|0.69|0.96,English Philology,2025-11-02T11:58:25Z
LA000490,TSI Riga,Bangladesh,Latvia,Other,22,C2,63.1,0.68,Low,Married,0.09,0,0.6,BuddyProgram,1,0.70|0.78|0.78|0.81|0.62|0.63|0.55|0.54|0.69|0.73|0.66|0.69|0.58|0.54|0.57|0.68|0.76|0.78|0.61|0.81|0.80|0.79|0.86|0.86|0.54|0.69|0.83|0.95|0.85|0.79|0.69|0.76,Business,2025-11-02T11:58:25Z
LA000491,Daugavpils University,Sri Lanka,Latvia,Prefer not to say,21,A2,71.2,0.95,Low,Married,0.2,0,0.6,BuddyProgram,1,0.80|0.99|0.70|0.76|0.63|0.78|0.50|0.72|0.62|0.74|0.67|0.59|0.93|0.72|0.87|0.73|0.88|0.78|0.61|0.78|0.72|0.73|0.62|1.00|0.92|1.00|0.86|0.73|0.59|0.67|0.59|0.68,Data Science,2025-11-02T11:58:25Z
LA000492,TSI Riga,Vietnam,Latvia,Other,25,C1,87.3,0.86,Medium,Other,0.71,0,0.6,LanguageMentor,1,0.81|0.72|0.62|0.63|0.83|0.92|0.84|0.94|0.81|0.95|0.64|0.63|0.75|0.51|0.66|0.37|0.59|0.49|0.52|0.43|0.45|0.52|0.46|0.51|0.85|0.51|0.72|0.96|0.92|0.85|0.78|0.74,Data Science,2025-11-02T11:58:25Z
LA000493,TSI Riga,Nigeria,Latvia,Other,25,B1,63.1,0.93,Low,Single,0.3,0,0.7,Tutoring,1,0.78|0.76|0.62|0.72|0.61|0.68|0.42|0.96|0.66|0.73|0.59|0.58|0.79|0.86|0.80|0.70|0.92|0.64|0.59|0.87|0.87|0.54|0.82|0.72|0.97|0.66|0.84|1.00|0.60|0.92|0.63|0.81,Business,2025-11-02T11:58:25Z
LA000494,Daugavpils University,Italy,Latvia,Prefer not to say,27,A2,67,0.87,High,Other,0.39,0,0.1,LanguageMentor,0,0.67|0.62|0.83|0.91|1.00|0.80|0.71|0.53|0.60|0.81|0.72|0.70|0.75|0.84|0.69|0.75|0.56|0.60|0.64|0.54|0.64|0.89|0.75|0.87|0.78|0.59|0.68|0.80|0.53|0.69|0.77|0.62,Computer Science,2025-11-02T11:58:25Z
LA000495,Daugavpils University,Pakistan,Latvia,Female,22,B2,79.6,0.8,Low,Single,0.22,0,0.6,LanguageMentor,1,0.67|0.71|0.81|0.54|0.76|0.70|0.70|0.67|0.92|0.82|0.71|0.73|0.68|0.98|0.77|1.00|0.65|0.46|0.87|0.88|0.78|0.89|0.57|0.84|1.00|0.68|0.75|0.67|0.68|0.48|0.72|0.71,Data Science,2025-11-02T11:58:25Z
LA000496,TSI Riga,Vietnam,Latvia,Male,23,C1,81.7,0.89,Low,Other,0.5,0,0.6,LanguageMentor,0,0.52|0.56|0.58|0.70|0.79|0.84|0.47|0.68|0.76|0.72|0.57|0.78|0.64|0.88|0.86|0.42|0.48|0.70|0.62|0.85|0.68|0.88|0.96|0.56|0.76|0.73|0.75|0.58|0.73|0.60|0.78|0.91,Business,2025-11-02T11:58:25Z
LA000497,Daugavpils University,USA,Latvia,Female,20,C2,72.1,0.83,Low,Married,0.36,0,0.3,BuddyProgram,1,0.78|0.68|0.85|0.69|0.80|0.48|0.91|0.90|0.51|0.53|0.65|0.65|0.88|0.73|0.56|0.70|0.77|0.66|0.72|0.72|0.57|0.69|0.72|0.81|0.82|0.91|0.88|0.81|0.66|0.68|0.62|0.75,Data Science,2025-11-02T11:58:25Z
LA000498,TSI Riga,Slovakia,Latvia,Male,24,B1,63.2,0.89,High,Married,0.32,0,0.1,None,0,0.75|0.72|0.62|0.65|0.76|0.71|0.81|0.72|0.64|0.79|0.74|0.72|0.81|0.73|0.69|0.79|0.77|0.67|0.74|1.00|0.60|0.54|0.68|0.76|0.61|0.85|0.85|0.48|0.73|0.83|0.79|0.79,English Philology,2025-11-02T11:58:25Z
LA000499,TSI Riga,Nigeria,Latvia,Other,22,A2,70,0.76,Low,Married,0.08,0,0.7,BuddyProgram,0,0.75|0.65|0.88|0.77|0.72|0.71|0.79|0.72|0.76|0.77|0.75|0.63|0.77|0.74|0.85|0.74|0.49|0.50|0.87|0.56|0.47|0.64|0.86|0.94|0.66|0.49|0.63|0.76|0.57|0.61|0.64|0.91,English Philology,2025-11-02T11:58:25Z
LA000500,Daugavpils University,Bangladesh,Latvia,Other,22,C2,66.9,0.92,High,Other,0.61,0,0.6,Tutoring,1,0.65|0.76|0.73|0.86|0.67|0.54|0.50|0.73|0.75|0.83|0.58|0.61|0.69|0.74|0.77|0.40|0.66|0.83|0.66|0.11|0.54|0.48|0.50|0.41|0.75|0.94|0.84|0.65|0.78|0.80|0.60|0.84,Computer Science,2025-11-02T11:58:25Z
LA000501,Daugavpils University,India,Latvia,Prefer not to say,22,C1,58.1,0.83,High,Married,0.3,1,0.6,BuddyProgram,0,0.80|0.82|0.69|0.71|0.78|0.55|0.73|0.83|1.00|0.65|0.64|0.70|0.61|0.58|0.54|0.76|0.59|0.43|0.57|0.66|0.84|0.82|0.76|0.70|0.79|0.64|0.76|0.94|0.74|0.86|0.65|0.89,English Philology,2025-11-02T11:58:25Z
LA000502,Daugavpils University,Ukraine,Latvia,Female,23,B1,63.8,1,Medium,Single,0.05,1,0.1,None,0,0.80|0.70|0.92|0.87|0.87|0.79|0.82|0.78|0.50|0.79|0.69|0.67|0.67|0.88|0.56|0.57|0.74|0.59|0.60|0.61|0.63|0.84|0.68|0.60|0.71|0.62|0.69|0.77|0.65|0.61|0.79|0.95,Psychology,2025-11-02T11:58:25Z
LA000503,TSI Riga,Pakistan,Latvia,Female,23,A2,85.1,0.77,Low,Married,0.41,0,0.6,Tutoring,0,1.00|0.80|0.77|0.60|0.48|0.65|0.71|0.57|0.69|0.66|0.65|0.89|0.59|0.77|0.86|0.85|0.79|0.88|0.58|0.85|0.94|0.69|0.74|0.76|0.71|0.73|0.80|0.71|0.66|0.43|0.53|0.76,Economics,2025-11-02T11:58:25Z
LA000504,Daugavpils University,Spain,Latvia,Female,23,B2,69.2,0.88,Low,Other,0.17,0,0.1,BuddyProgram,1,0.57|0.77|0.64|0.81|0.87|0.70|0.82|0.91|0.53|0.64|0.72|0.84|0.61|0.64|0.82|0.69|0.54|0.61|0.61|0.94|0.85|0.66|0.49|1.00|0.96|0.68|0.71|0.70|0.84|0.83|0.76|0.38,Psychology,2025-11-02T11:58:25Z
LA000505,TSI Riga,Nigeria,Latvia,Other,22,C1,83.5,0.95,Medium,Married,0.09,0,0.7,Tutoring,1,0.61|0.74|0.40|0.67|0.85|0.96|0.62|0.67|1.00|0.75|0.52|0.49|0.73|0.45|0.79|0.62|0.63|0.79|0.71|0.82|0.59|0.83|0.62|0.67|0.73|0.95|0.52|0.60|0.96|0.80|1.00|0.78,Economics,2025-11-02T11:58:25Z
LA000506,TSI Riga,Brazil,Latvia,Female,25,A2,90.7,0.98,High,Other,0.42,1,0.5,LanguageMentor,0,0.60|0.58|0.73|0.93|0.47|0.70|0.68|0.67|0.79|0.39|0.67|0.56|0.64|0.58|0.67|0.45|0.83|0.83|0.58|0.66|0.73|0.71|0.77|0.68|0.62|0.64|1.00|0.70|0.72|0.72|0.88|0.90,Psychology,2025-11-02T11:58:25Z
LA000507,Daugavpils University,Slovakia,Latvia,Female,18,C1,76.4,0.8,Medium,Married,0.35,0,0.1,None,1,0.76|0.81|0.62|0.62|0.78|0.96|0.93|0.69|0.56|0.58|0.35|0.64|0.80|0.73|0.56|0.74|0.88|0.51|0.48|0.71|0.71|0.79|0.67|0.89|0.82|0.73|0.80|0.77|0.57|0.78|0.80|0.77,Engineering,2025-11-02T11:58:25Z
LA000508,TSI Riga,Spain,Latvia,Prefer not to say,23,B1,81.3,0.96,Low,Married,0.24,0,0.1,LanguageMentor,1,0.89|0.81|0.53|0.69|0.75|0.51|0.75|0.77|0.78|0.52|0.72|0.81|0.81|0.94|0.52|0.61|0.80|0.75|0.62|0.63|0.70|0.78|0.48|0.65|0.64|0.96|0.84|0.66|0.76|0.52|0.81|0.45,Logistics,2025-11-02T11:58:25Z
LA000509,TSI Riga,India,Latvia,Male,25,B2,74,0.88,Low,Single,0.09,1,0.6,Tutoring,0,0.65|0.74|0.89|0.79|1.00|0.67|0.79|0.52|0.99|0.65|0.67|0.52|0.45|0.51|0.61|0.57|0.79|0.56|0.78|0.72|0.70|0.69|0.56|0.48|0.48|0.69|0.88|0.90|0.83|0.68|0.88|0.98,English Philology,2025-11-02T11:58:25Z
LA000510,Daugavpils University,Slovakia,Latvia,Other,24,C1,64.9,0.86,High,Married,0.22,1,0.1,LanguageMentor,0,0.47|0.70|0.92|0.65|0.54|0.74|0.95|0.39|0.75|0.81|0.48|0.56|0.89|0.57|0.82|0.75|0.68|0.97|0.75|0.61|0.51|0.44|0.93|0.71|0.58|1.00|0.65|0.63|0.54|0.69|0.63|1.00,Computer Science,2025-11-02T11:58:25Z
LA000511,TSI Riga,Spain,Latvia,Prefer not to say,26,A2,75.6,0.81,Medium,Single,0.26,1,0.1,None,0,0.58|0.54|0.67|0.95|0.46|0.48|0.67|0.78|0.29|1.00|0.89|0.58|0.70|0.77|0.88|0.64|0.69|0.78|0.55|0.81|0.66|0.95|0.80|0.75|0.59|0.82|0.80|0.73|0.64|0.70|0.66|0.95,Logistics,2025-11-02T11:58:25Z
LA000512,Daugavpils University,India,Latvia,Other,28,C1,69.1,0.89,Low,Other,0.66,0,0.6,None,1,0.95|0.74|0.66|0.66|0.68|0.89|0.71|0.79|0.75|0.73|0.69|0.80|0.61|0.73|0.40|0.59|0.63|0.40|0.48|0.58|0.70|0.61|0.34|0.49|0.77|0.84|0.73|0.80|0.56|0.75|0.76|0.74,Engineering,2025-11-02T11:58:25Z
LA000513,Daugavpils University,Slovakia,Latvia,Prefer not to say,24,B2,64.5,0.9,Low,Other,0.39,0,0.1,BuddyProgram,1,0.51|0.97|0.72|0.59|0.75|0.53|0.96|0.47|0.79|0.78|0.80|0.62|0.63|0.86|0.68|0.61|0.72|0.63|0.56|0.63|0.79|0.95|0.88|0.94|0.72|0.77|0.93|0.63|0.80|0.83|0.72|0.51,Computer Science,2025-11-02T11:58:25Z
LA000514,Daugavpils University,Nigeria,Latvia,Prefer not to say,22,B2,72.9,0.79,Low,Other,0.28,0,0.7,Tutoring,1,0.72|0.59|0.60|0.85|0.78|0.72|0.61|0.72|0.83|0.82|0.78|0.65|0.77|0.79|0.61|0.65|0.48|0.84|0.67|0.56|0.67|0.54|0.62|0.85|0.70|0.80|0.79|0.78|0.56|0.42|0.61|0.39,Engineering,2025-11-02T11:58:25Z
LA000515,Daugavpils University,Pakistan,Latvia,Prefer not to say,23,A2,76.2,0.9,Medium,Married,0.55,0,0.6,Tutoring,1,0.74|0.71|1.00|0.91|0.51|0.71|0.74|0.86|0.54|0.71|0.78|0.49|0.66|0.54|0.71|0.58|0.83|0.77|0.77|0.72|0.81|0.55|0.55|0.94|0.65|0.73|0.48|0.73|0.76|0.64|0.63|0.66,Engineering,2025-11-02T11:58:25Z
LA000516,Daugavpils University,Slovakia,Latvia,Other,26,B2,71,0.87,Low,Single,0.06,0,0.1,None,1,0.86|0.79|0.83|0.64|0.92|0.78|1.00|0.79|0.66|0.49|0.69|0.66|0.81|0.74|0.58|0.84|0.51|0.65|0.67|0.57|0.81|0.86|0.81|0.47|0.34|0.55|0.70|0.71|0.89|0.52|0.83|0.83,Data Science,2025-11-02T11:58:25Z
LA000517,TSI Riga,Sri Lanka,Latvia,Other,22,A2,71.8,0.78,Medium,Other,0.38,0,0.6,None,1,0.76|0.77|0.71|0.66|0.86|0.75|0.47|0.64|0.59|0.58|0.73|0.52|0.68|0.64|0.72|0.72|0.68|0.84|0.61|0.72|0.63|0.69|0.81|0.56|0.79|0.82|0.69|0.80|0.77|0.80|0.73|0.65,Economics,2025-11-02T11:58:25Z
LA000518,TSI Riga,Slovakia,Latvia,Prefer not to say,23,C2,70.6,0.81,Medium,Married,0.2,0,0.1,Tutoring,1,0.55|0.78|0.76|0.48|0.72|0.77|0.83|0.58|0.76|0.66|0.68|0.74|0.80|0.56|0.48|0.48|0.87|0.65|0.56|0.63|0.88|0.68|0.65|0.57|0.80|0.89|0.77|0.69|0.74|0.80|0.55|0.89,Engineering,2025-11-02T11:58:25Z
LA000519,TSI Riga,Spain,Latvia,Prefer not to say,26,C2,72.2,0.89,High,Other,0.2,0,0.1,BuddyProgram,1,0.66|1.00|0.74|0.48|0.92|0.66|0.78|0.66|0.81|0.65|0.56|0.91|0.61|0.72|0.78|0.89|0.81|0.61|0.85|0.73|0.60|0.65|0.93|0.91|0.60|0.64|0.37|0.84|0.62|0.78|0.70|0.86,English Philology,2025-11-02T11:58:25Z
LA000520,TSI Riga,Slovakia,Latvia,Female,25,B2,62.5,0.97,Medium,Married,0.06,0,0.1,None,1,1.00|0.68|0.80|0.81|0.64|0.80|0.73|1.00|0.77|0.70|0.57|0.76|0.70|0.74|0.62|0.72|0.69|0.83|0.85|0.42|0.74|0.69|0.79|0.69|0.75|0.75|0.66|0.77|0.59|0.77|0.66|0.54,Logistics,2025-11-02T11:58:25Z
LA000521,Daugavpils University,Latvia,Latvia,Prefer not to say,19,A2,71.6,1,Low,Other,0.47,1,0.1,BuddyProgram,0,0.68|0.67|0.57|0.67|0.86|0.72|0.71|0.64|0.73|0.81|0.64|0.38|0.62|1.00|0.80|0.84|0.96|0.79|0.93|0.87|0.53|0.80|0.75|0.92|0.60|0.71|0.85|0.65|0.93|0.95|0.80|0.59,Engineering,2025-11-02T11:58:25Z
LA000522,Daugavpils University,Nigeria,Latvia,Other,23,C1,72.4,0.89,High,Single,0.06,0,0.7,None,1,0.66|0.92|0.76|0.69|0.76|0.87|0.71|0.95|0.74|0.58|0.56|0.70|0.93|0.67|0.85|0.60|0.62|0.88|0.73|0.62|0.94|0.89|0.69|0.64|0.65|0.74|0.75|0.65|0.79|0.72|0.58|0.85,Engineering,2025-11-02T11:58:25Z
LA000523,TSI Riga,Ukraine,Latvia,Female,25,B2,69.3,0.73,High,Other,0.4,0,0.1,None,1,0.72|0.43|1.00|0.79|0.79|0.58|0.99|0.91|0.65|0.70|0.84|0.60|0.74|0.86|0.63|0.29|0.96|0.96|0.65|0.75|0.67|0.62|0.85|0.78|0.55|0.73|0.68|0.52|0.47|0.89|0.89|0.67,Data Science,2025-11-02T11:58:25Z
LA000524,TSI Riga,Latvia,Latvia,Other,22,A2,67.1,0.77,Medium,Married,0.36,0,0.1,BuddyProgram,0,0.49|0.66|0.76|0.68|0.73|0.67|0.68|0.59|0.90|0.90|0.73|0.75|0.64|0.90|0.91|0.59|0.76|0.74|0.76|0.73|0.76|0.84|0.80|0.79|0.92|0.76|0.70|0.51|0.73|0.93|0.87|0.73,Engineering,2025-11-02T11:58:25Z
LA000525,TSI Riga,Brazil,Latvia,Prefer not to say,22,C2,66.4,0.91,High,Single,0.33,0,0.5,None,1,0.57|0.86|0.86|0.60|0.60|0.71|0.91|0.73|0.53|0.61|0.87|0.54|0.64|0.55|0.76|0.58|0.67|0.69|0.66|0.87|0.93|0.87|0.83|0.86|0.99|0.74|0.84|0.89|0.75|0.53|0.56|0.74,Data Science,2025-11-02T11:58:25Z
LA000526,TSI Riga,Bangladesh,Latvia,Other,23,B1,77.3,0.97,Medium,Other,0.64,0,0.6,Tutoring,1,0.72|0.64|0.70|0.59|0.86|0.64|0.69|0.94|0.67|0.49|0.68|0.76|0.71|0.65|0.63|0.58|0.57|0.54|0.43|0.57|0.80|0.30|0.64|0.52|0.60|0.72|0.67|0.81|0.91|0.73|0.87|0.70,English Philology,2025-11-02T11:58:25Z
LA000527,Daugavpils University,Nigeria,Latvia,Prefer not to say,23,C1,80,0.96,High,Married,0.14,0,0.7,Counseling,1,0.92|0.79|0.94|0.74|0.65|0.66|0.79|0.61|0.87|0.89|0.75|0.68|0.77|0.65|0.81|0.37|0.92|0.68|0.82|0.77|0.79|0.91|0.84|0.67|0.66|0.81|0.84|0.75|0.63|0.76|0.69|0.58,Logistics,2025-11-02T11:58:25Z
LA000528,Daugavpils University,Brazil,Latvia,Male,23,C2,84.3,0.93,High,Single,0.46,0,0.5,None,1,0.65|0.58|0.97|0.66|0.63|0.82|0.89|0.69|0.78|0.57|0.86|0.69|0.51|0.74|0.88|0.81|0.81|0.77|0.79|0.76|0.47|0.72|0.73|0.94|0.90|1.00|0.63|0.88|0.69|0.63|0.62|0.71,Psychology,2025-11-02T11:58:25Z
LA000529,TSI Riga,Bangladesh,Latvia,Other,23,B2,82.6,0.99,Medium,Single,0.52,0,0.6,Tutoring,1,0.73|0.89|0.74|0.80|0.75|0.83|0.82|0.91|0.85|0.85|0.61|0.71|0.82|0.57|0.78|0.67|0.83|0.69|0.68|0.60|0.62|0.83|0.66|0.80|0.75|0.77|0.65|0.93|0.83|0.63|0.64|0.81,Computer Science,2025-11-02T11:58:25Z
LA000530,Daugavpils University,Nigeria,Latvia,Other,25,C2,76,0.99,Medium,Other,0.19,0,0.7,Tutoring,1,0.72|0.55|0.77|0.79|0.84|0.71|0.55|0.86|0.85|0.69|0.84|0.76|0.56|0.73|0.68|0.77|0.68|0.55|0.65|0.56|0.70|0.79|0.67|0.83|0.87|0.70|0.83|0.67|0.73|0.85|0.82|0.99,Psychology,2025-11-02T11:58:25Z
LA000531,Daugavpils University,Nigeria,Latvia,Other,23,C1,67.2,0.89,High,Married,0.2,0,0.7,LanguageMentor,1,0.78|0.67|0.71|0.79|0.56|0.74|0.65|0.74|0.84|0.73|0.65|0.66|0.65|0.57|0.75|0.76|0.74|0.55|0.72|0.79|1.00|0.92|0.82|0.55|0.71|0.68|0.43|0.71|0.89|0.89|0.87|0.74,English Philology,2025-11-02T11:58:25Z
LA000532,Daugavpils University,Spain,Latvia,Prefer not to say,19,B1,84.8,1,Medium,Single,0.19,0,0.1,None,1,0.81|0.82|0.55|0.76|0.81|0.71|0.60|0.79|0.69|0.69|0.53|0.75|0.74|0.82|0.79|0.90|0.68|0.92|0.87|0.83|0.45|0.75|0.96|0.73|0.72|0.52|0.61|0.63|0.86|0.77|0.76|0.58,Economics,2025-11-02T11:58:25Z
LA000533,Daugavpils University,Nigeria,Latvia,Prefer not to say,27,B1,81.2,0.82,Medium,Married,0.18,0,0.7,None,0,0.73|0.67|0.84|0.86|0.83|0.83|0.66|0.76|0.81|0.67|0.54|0.65|0.65|0.93|0.80|0.80|0.70|0.71|0.43|0.72|0.99|0.82|0.93|0.91|0.71|0.69|0.56|0.58|0.57|0.67|0.65|0.55,Data Science,2025-11-02T11:58:25Z
LA000534,TSI Riga,Brazil,Latvia,Female,25,C1,77.5,0.86,High,Married,0.26,0,0.5,BuddyProgram,1,0.93|0.71|0.71|0.76|0.85|0.65|0.74|0.88|0.54|0.82|0.46|0.85|0.50|0.61|0.64|0.86|0.70|0.59|0.53|0.62|0.71|0.75|0.66|0.63|0.99|0.66|1.00|0.75|0.67|0.73|0.83|0.87,Computer Science,2025-11-02T11:58:25Z
LA000535,Daugavpils University,Sri Lanka,Latvia,Female,18,B2,81.1,0.93,High,Other,0.28,0,0.6,Tutoring,0,0.80|0.78|0.57|0.73|0.77|0.63|0.91|0.72|0.61|0.57|0.80|0.57|0.61|0.49|1.00|0.73|0.70|0.64|0.67|0.86|0.39|0.69|0.85|0.57|0.74|0.86|0.51|0.63|0.87|0.80|0.82|1.00,Logistics,2025-11-02T11:58:25Z
LA000536,TSI Riga,Ukraine,Latvia,Female,25,B1,59.4,0.69,Medium,Married,0.3,1,0.1,Tutoring,0,0.87|0.75|0.77|0.76|1.00|0.59|0.62|0.70|0.57|0.60|0.80|0.87|0.64|0.77|0.62|0.62|0.70|0.77|1.00|0.57|0.81|0.60|0.61|0.66|0.87|0.75|0.51|0.59|0.78|0.73|0.73|0.62,Business,2025-11-02T11:58:25Z
LA000537,Daugavpils University,Sri Lanka,Latvia,Prefer not to say,27,C1,62.7,0.89,Medium,Other,0.39,0,0.6,BuddyProgram,1,1.00|0.72|0.70|0.71|0.94|0.62|0.80|1.00|0.83|0.50|0.81|0.57|0.82|0.67|0.91|0.74|0.68|0.69|0.83|0.60|0.64|0.84|0.80|0.91|0.74|0.83|0.80|0.87|0.69|0.75|1.00|0.44,Economics,2025-11-02T11:58:25Z
LA000538,Daugavpils University,Spain,Latvia,Other,25,C2,61.9,0.92,Medium,Other,0.14,1,0.1,LanguageMentor,0,0.72|0.94|0.60|0.62|0.77|0.34|0.70|0.80|0.87|0.60|0.75|0.82|0.75|0.58|0.82|0.83|0.77|0.52|0.78|0.55|0.77|0.68|0.76|0.77|0.80|0.96|0.75|0.57|0.57|0.85|0.79|0.90,Economics,2025-11-02T11:58:25Z
LA000539,Daugavpils University,Brazil,Latvia,Female,25,A2,79.4,1,Low,Single,0.3,1,0.5,None,0,0.50|0.83|0.59|0.74|0.86|0.92|0.87|0.81|0.75|0.75|0.77|0.78|0.61|0.85|0.86|0.94|0.69|0.82|0.82|0.67|0.54|0.66|0.64|0.78|0.83|0.52|0.72|0.66|0.54|0.40|0.72|0.72,Computer Science,2025-11-02T11:58:25Z
LA000540,Daugavpils University,Nigeria,Latvia,Female,22,B1,65.3,0.84,High,Single,0.12,0,0.7,LanguageMentor,1,0.62|0.77|0.61|0.69|0.75|0.95|0.80|0.62|0.85|0.74|0.79|0.60|0.78|0.86|0.87|0.85|0.59|0.84|0.78|1.00|0.73|0.74|0.56|0.65|0.59|0.74|0.77|0.74|0.95|1.00|0.62|0.62,Psychology,2025-11-02T11:58:25Z
LA000541,TSI Riga,Spain,Latvia,Male,21,B1,82.7,0.84,Medium,Married,0.19,0,0.1,Counseling,1,0.80|0.81|0.75|0.46|0.63|0.67|0.86|0.88|0.64|0.75|0.62|0.64|0.68|0.75|0.75|0.75|0.93|0.80|0.65|0.68|0.89|0.96|0.59|0.91|0.67|0.63|1.00|0.60|0.51|0.78|0.73|0.80,Economics,2025-11-02T11:58:25Z
LA000542,TSI Riga,USA,Latvia,Other,25,C2,77.2,0.84,Medium,Single,0.34,0,0.3,None,1,0.66|0.78|0.54|0.88|0.69|0.77|0.87|0.66|0.97|0.70|0.61|0.52|0.79|0.61|0.61|0.96|0.74|0.50|0.95|0.64|0.64|0.54|0.54|0.58|0.65|0.64|0.69|0.54|0.64|0.78|0.80|0.65,Logistics,2025-11-02T11:58:25Z
LA000543,Daugavpils University,Nigeria,Latvia,Female,23,A2,68.3,0.8,Low,Married,0.77,0,0.7,LanguageMentor,1,0.74|0.91|0.79|0.80|0.69|0.96|0.74|0.61|0.67|0.90|0.84|0.71|0.60|0.61|0.74|0.66|0.48|0.50|0.77|0.63|0.30|0.71|0.49|0.47|0.75|0.52|0.74|0.75|0.92|0.68|0.89|0.95,Psychology,2025-11-02T11:58:25Z
LA000544,Daugavpils University,Brazil,Latvia,Male,23,B2,78.6,0.93,Low,Other,0.28,0,0.5,None,1,0.63|0.87|0.82|0.67|0.64|0.75|0.63|0.56|0.67|0.70|0.86|0.59|0.66|0.80|0.92|0.88|0.78|0.64|0.73|0.82|0.87|0.54|0.82|0.93|0.59|0.70|0.48|0.79|0.96|0.95|0.63|0.80,Engineering,2025-11-02T11:58:25Z
LA000545,TSI Riga,Latvia,Latvia,Prefer not to say,21,A2,73.8,0.84,High,Married,0.37,0,0.1,None,1,0.66|0.75|0.55|0.62|0.73|0.50|0.83|0.83|0.83|1.00|0.87|0.78|0.66|0.84|0.73|0.63|0.83|0.77|0.56|0.58|0.74|0.54|0.45|0.75|0.77|0.67|0.76|0.74|0.71|0.73|0.75|0.67,Engineering,2025-11-02T11:58:25Z
LA000546,Daugavpils University,Slovakia,Latvia,Male,22,C1,59,0.96,Medium,Married,0.11,0,0.1,LanguageMentor,1,0.65|0.73|0.87|0.75|0.71|0.73|0.62|0.71|0.76|0.74|0.72|0.80|0.68|0.84|0.81|0.88|0.64|0.54|0.84|0.86|0.80|0.58|0.81|0.80|0.72|0.77|0.62|0.60|0.85|0.80|0.58|0.83,Economics,2025-11-02T11:58:25Z
LA000547,Daugavpils University,USA,Latvia,Female,22,A2,74.2,0.91,Medium,Married,0.18,0,0.3,BuddyProgram,1,0.96|0.68|0.61|1.00|0.76|0.89|0.88|0.63|0.76|0.68|1.00|0.88|0.77|0.55|0.58|0.55|0.54|0.79|0.53|0.60|0.66|0.60|0.69|0.85|0.88|0.72|0.75|0.53|0.67|0.69|0.75|0.77,Computer Science,2025-11-02T11:58:25Z
LA000548,TSI Riga,Pakistan,Latvia,Female,24,B2,59.6,0.94,Medium,Married,0.33,0,0.6,Tutoring,1,0.64|0.90|0.67|0.91|0.68|0.69|0.94|0.65|1.00|0.59|0.76|0.70|0.66|0.57|0.57|0.58|0.84|0.68|0.80|0.76|0.70|0.57|0.79|0.46|0.60|0.77|0.87|0.57|0.65|0.75|0.76|0.80,Business,2025-11-02T11:58:25Z
LA000549,TSI Riga,Pakistan,Latvia,Male,21,B1,79.1,0.75,High,Married,0.39,0,0.6,BuddyProgram,1,0.78|0.86|0.71|1.00|0.73|0.84|0.52|0.86|0.69|0.91|0.64|0.82|0.67|0.83|0.52|0.66|0.70|0.92|0.83|0.68|0.32|0.86|0.84|0.68|0.70|0.69|0.82|0.90|0.69|0.70|0.68|0.65,Economics,2025-11-02T11:58:25Z
LA000550,TSI Riga,India,Latvia,Female,25,C2,75.4,0.92,High,Single,0.38,0,0.6,Tutoring,1,0.90|0.92|0.90|0.48|0.89|0.70|0.71|0.78|0.53|0.78|0.92|0.70|0.90|0.58|0.59|0.61|0.33|0.83|0.73|0.69|0.83|0.81|0.78|0.69|0.78|0.91|0.71|0.66|0.56|0.97|0.82|0.53,Data Science,2025-11-02T11:58:25Z
LA000551,Daugavpils University,India,Latvia,Female,27,C1,80.1,0.91,High,Other,0.27,0,0.6,None,1,0.70|0.58|0.79|0.73|0.44|0.78|0.73|0.63|0.68|0.66|0.71|0.85|0.89|0.71|0.60|0.62|0.75|0.84|0.67|0.87|0.75|0.65|0.83|0.62|0.50|0.85|0.83|0.55|0.59|0.43|0.70|0.75,Computer Science,2025-11-02T11:58:25Z
LA000552,Daugavpils University,Bangladesh,Latvia,Female,21,C1,72.5,0.9,Medium,Married,0.42,0,0.6,None,1,0.66|0.83|0.76|0.58|0.58|0.74|0.75|0.55|0.92|0.66|0.64|0.51|1.00|0.72|0.65|0.78|0.49|0.68|0.67|0.52|0.82|0.81|0.56|0.64|0.47|0.57|0.67|0.74|0.69|0.72|0.67|0.65,Logistics,2025-11-02T11:58:25Z
LA000553,TSI Riga,Sri Lanka,Latvia,Female,26,B1,70.8,0.87,High,Other,0.19,0,0.6,None,0,0.86|0.51|0.82|0.54|0.72|0.65|0.71|0.53|0.72|0.89|0.57|0.70|0.74|0.54|0.69|0.52|0.79|0.88|0.83|0.71|0.77|0.75|0.82|0.55|0.83|0.83|0.70|0.66|0.70|0.83|1.00|0.59,Computer Science,2025-11-02T11:58:25Z
LA000554,TSI Riga,Latvia,Latvia,Female,21,C1,79.3,0.93,Low,Single,0.51,1,0.1,Tutoring,0,0.91|0.72|0.78|0.67|0.75|0.88|0.83|0.31|1.00|0.64|0.47|0.50|0.75|0.55|0.60|0.62|0.61|0.60|0.54|0.58|0.81|0.89|0.66|0.97|1.00|0.72|0.82|0.80|0.58|0.90|0.88|0.87,Data Science,2025-11-02T11:58:25Z
LA000555,TSI Riga,Latvia,Latvia,Female,23,B2,62.9,0.93,Low,Married,0.09,0,0.1,Tutoring,1,0.65|0.95|0.83|0.56|0.57|0.62|0.59|0.67|0.62|0.74|0.78|0.52|0.70|0.68|0.67|0.60|0.71|0.81|0.60|0.81|0.58|0.84|0.57|0.78|0.75|0.68|0.82|0.87|0.54|0.68|0.59|0.68,Engineering,2025-11-02T11:58:25Z
LA000556,TSI Riga,Bangladesh,Latvia,Prefer not to say,20,B2,71.2,0.98,High,Married,0.26,0,0.6,BuddyProgram,1,0.48|0.76|0.75|0.88|0.75|0.56|1.00|0.85|0.61|0.71|0.84|0.78|0.77|0.80|1.00|0.72|0.56|0.66|0.65|0.75|0.80|0.81|0.72|0.75|0.66|0.74|0.77|0.67|0.66|0.78|0.76|0.54,Economics,2025-11-02T11:58:25Z
LA000557,Daugavpils University,Slovakia,Latvia,Male,24,A2,64,0.74,High,Other,0.48,0,0.1,None,0,0.75|0.66|0.81|0.85|0.93|0.61|0.83|0.93|0.77|0.79|0.73|0.74|0.85|0.85|0.79|0.62|0.68|0.94|0.68|0.79|0.78|0.77|0.83|0.65|0.76|0.67|0.77|0.84|0.52|0.85|0.76|0.81,Economics,2025-11-02T11:58:25Z
LA000558,TSI Riga,Pakistan,Latvia,Prefer not to say,23,B2,75.2,0.95,Low,Married,0.45,0,0.6,None,1,0.64|0.87|0.69|0.72|0.82|0.55|0.47|0.74|0.89|0.92|0.77|0.82|0.84|0.72|0.68|0.50|0.64|0.62|0.58|0.87|0.69|0.79|0.91|0.70|0.66|0.76|0.87|0.77|0.92|0.79|0.53|0.83,Logistics,2025-11-02T11:58:25Z
LA000559,Daugavpils University,India,Latvia,Prefer not to say,20,B1,52.2,0.84,Medium,Married,0.05,0,0.6,Counseling,1,0.81|0.88|0.62|0.73|0.75|0.85|0.66|0.81|0.71|0.91|0.51|0.80|0.64|0.59|0.61|0.58|0.68|0.80|0.94|0.79|0.63|0.85|0.67|0.90|0.65|0.86|0.77|0.89|0.69|0.53|0.91|0.68,English Philology,2025-11-02T11:58:25Z
LA000560,TSI Riga,Vietnam,Latvia,Other,31,C2,76.8,0.84,Low,Married,0.23,0,0.6,Tutoring,1,0.62|0.93|0.75|0.70|0.62|0.80|0.74|0.88|0.65|0.92|1.00|0.69|0.76|0.73|0.89|0.64|0.68|0.61|0.44|0.52|0.36|0.87|0.91|0.42|0.90|0.71|0.63|0.79|0.91|0.86|0.77|0.91,English Philology,2025-11-02T11:58:25Z
LA000561,TSI Riga,Italy,Latvia,Male,24,A2,63.5,0.99,Low,Single,0.26,0,0.1,BuddyProgram,1,0.81|0.63|0.73|0.50|0.79|0.60|0.54|0.81|0.59|0.81|0.75|0.47|0.76|0.60|0.87|0.71|0.66|0.83|0.87|0.46|0.73|0.63|0.82|0.59|0.37|0.62|0.70|0.85|0.70|0.60|0.91|0.55,Data Science,2025-11-02T11:58:25Z
LA000562,TSI Riga,Spain,Latvia,Female,21,B1,91.4,0.77,Low,Married,0.11,0,0.1,None,0,0.52|0.60|0.87|0.84|0.54|0.82|0.76|0.59|0.78|0.74|0.82|0.73|0.97|0.63|0.69|0.72|0.88|0.73|0.81|0.50|0.73|0.93|0.69|0.54|1.00|0.91|0.78|0.74|0.69|0.82|0.88|0.72,Computer Science,2025-11-02T11:58:25Z
LA000563,TSI Riga,Nigeria,Latvia,Other,22,C2,61.8,0.9,High,Single,0.23,0,0.7,None,1,0.61|0.85|0.72|0.78|0.65|0.92|0.82|0.95|0.80|0.83|0.52|0.70|0.54|0.73|0.57|0.88|0.90|0.78|0.85|0.58|0.77|0.72|0.78|0.87|0.71|0.81|0.76|0.80|0.52|0.84|0.87|0.85,Business,2025-11-02T11:58:25Z
LA000564,TSI Riga,Nigeria,Latvia,Female,23,C2,71.7,0.74,High,Single,0.53,0,0.7,LanguageMentor,1,0.93|0.56|0.95|0.49|0.63|0.75|0.61|0.70|0.62|0.38|0.79|0.74|0.96|0.59|0.74|0.51|0.70|0.85|0.72|0.68|0.83|0.76|0.71|0.83|0.60|0.77|0.72|0.62|0.83|0.91|0.51|0.84,English Philology,2025-11-02T11:58:25Z
LA000565,TSI Riga,Italy,Latvia,Male,22,C1,67.3,0.91,Medium,Married,0.33,0,0.1,Tutoring,0,0.70|0.70|0.76|0.58|0.87|0.56|0.65|0.73|0.73|0.72|0.60|0.68|0.55|0.85|0.86|0.95|0.87|0.86|0.56|0.56|0.82|0.72|0.67|0.60|0.73|0.81|0.71|0.69|0.75|0.69|0.40|0.63,Data Science,2025-11-02T11:58:25Z
LA000566,TSI Riga,Bangladesh,Latvia,Male,27,A2,67.1,0.83,Medium,Single,0.22,0,0.6,LanguageMentor,1,0.81|0.82|0.74|0.75|0.79|0.65|0.74|0.98|0.34|0.87|0.55|0.84|0.69|0.51|0.65|0.65|0.75|0.64|0.57|0.62|0.79|0.78|0.87|0.79|0.68|0.60|0.84|0.90|0.58|0.61|0.68|0.71,Data Science,2025-11-02T11:58:25Z
LA000567,Daugavpils University,Latvia,Latvia,Male,26,B1,77.5,0.86,High,Married,0.16,0,0.1,None,0,0.62|0.60|0.82|0.80|0.65|0.63|0.83|0.90|0.90|0.66|0.52|0.69|0.72|0.62|0.71|0.99|0.83|0.82|0.90|0.72|0.70|0.95|0.64|0.59|0.54|0.73|0.61|0.63|0.48|0.76|0.85|0.67,Data Science,2025-11-02T11:58:25Z
LA000568,TSI Riga,Ukraine,Latvia,Female,24,B1,70.6,0.86,Low,Married,0.13,1,0.1,BuddyProgram,0,0.67|0.85|0.83|0.80|0.81|0.61|0.68|0.73|0.70|0.55|0.83|0.98|0.67|0.74|0.84|0.75|0.86|0.42|0.74|0.83|0.61|0.69|0.57|0.70|0.82|0.60|0.84|0.61|0.93|0.83|0.78|0.64,Economics,2025-11-02T11:58:25Z
LA000569,TSI Riga,Vietnam,Latvia,Male,22,A2,76.2,0.91,Low,Single,0.32,0,0.6,LanguageMentor,1,0.85|0.83|0.73|0.85|0.82|0.85|0.91|0.50|0.98|0.78|0.67|0.71|0.79|0.70|0.63|0.53|0.62|0.69|0.78|0.78|1.00|0.64|0.93|0.86|0.73|0.83|0.94|0.92|0.48|0.37|0.65|0.97,Data Science,2025-11-02T11:58:25Z
LA000570,TSI Riga,Sri Lanka,Latvia,Female,24,B2,70,0.86,High,Married,0.2,0,0.6,LanguageMentor,1,0.62|1.00|0.73|1.00|0.76|0.72|0.77|0.61|0.67|0.86|0.70|0.87|0.72|0.73|0.53|0.78|0.85|0.88|0.65|0.79|0.84|0.68|0.96|0.74|0.71|0.82|0.71|0.71|0.60|0.73|0.85|0.79,Engineering,2025-11-02T11:58:25Z
LA000571,Daugavpils University,Brazil,Latvia,Female,25,C1,55.4,0.91,High,Married,0.21,0,0.5,BuddyProgram,1,0.87|0.65|0.72|0.57|0.66|0.80|0.54|0.74|0.71|0.68|0.76|0.73|0.63|0.73|0.58|0.83|0.55|0.71|0.80|0.65|0.83|0.72|0.76|0.73|0.84|0.65|0.57|0.79|0.81|0.58|0.72|0.90,Computer Science,2025-11-02T11:58:25Z
LA000572,TSI Riga,Sri Lanka,Latvia,Female,26,A2,73,0.9,Low,Other,0.36,1,0.6,BuddyProgram,0,0.60|0.66|0.74|0.65|0.69|0.72|0.85|0.56|0.80|0.55|0.69|0.77|0.64|0.63|0.55|0.75|0.83|0.83|0.75|0.61|0.82|0.67|0.64|0.91|0.90|0.61|0.70|0.68|0.73|0.79|0.77|0.66,Engineering,2025-11-02T11:58:25Z
LA000573,Daugavpils University,Italy,Latvia,Male,26,C1,86,0.87,Low,Single,0.27,0,0.1,None,1,0.74|0.63|0.71|0.75|0.80|0.87|0.83|0.63|0.69|0.84|0.77|0.69|0.87|0.66|0.86|0.79|0.48|0.96|0.82|0.64|0.94|0.86|0.59|0.75|0.84|0.67|0.76|0.65|0.69|0.78|0.67|0.79,English Philology,2025-11-02T11:58:25Z
LA000574,TSI Riga,Bangladesh,Latvia,Male,22,B2,81.8,0.87,Medium,Other,0.3,0,0.6,None,1,0.68|0.72|0.74|0.71|1.00|0.86|0.86|0.95|0.47|0.69|0.69|0.56|0.94|1.00|0.79|0.72|0.71|0.66|0.92|0.66|0.83|0.66|1.00|0.63|0.77|0.69|0.85|0.82|0.77|1.00|0.77|0.91,Psychology,2025-11-02T11:58:25Z
LA000575,Daugavpils University,Latvia,Latvia,Female,24,B2,65.4,0.92,Low,Other,0.49,1,0.1,LanguageMentor,0,0.78|0.62|0.85|0.58|0.64|0.83|0.86|0.64|0.59|0.73|0.86|0.74|0.86|0.70|0.87|0.82|0.85|0.68|0.85|0.77|0.88|0.69|0.68|0.59|0.58|0.66|0.78|0.73|0.85|0.96|0.65|0.63,English Philology,2025-11-02T11:58:25Z
LA000576,TSI Riga,Pakistan,Latvia,Other,26,A2,72.1,0.93,Low,Married,0.26,0,0.6,LanguageMentor,0,0.71|0.81|0.76|0.94|0.74|0.87|0.64|0.71|0.68|0.91|0.78|0.81|0.80|0.86|0.59|0.67|0.52|0.80|1.00|0.74|0.70|0.79|0.76|0.78|0.84|0.72|0.64|0.75|0.68|0.81|0.88|0.87,Economics,2025-11-02T11:58:25Z
LA000577,TSI Riga,USA,Latvia,Male,21,C1,66.4,0.96,Low,Single,0.42,0,0.3,LanguageMentor,1,0.81|0.75|0.86|0.74|0.72|0.91|0.61|0.57|0.72|0.87|0.71|0.64|0.85|0.82|0.75|0.70|0.67|0.64|0.89|0.48|0.81|1.00|0.75|0.88|0.92|0.57|0.75|0.95|0.69|0.74|0.76|0.33,English Philology,2025-11-02T11:58:25Z
LA000578,TSI Riga,Bangladesh,Latvia,Other,27,B2,82,0.9,Medium,Other,0.22,1,0.6,None,0,0.60|0.82|0.64|0.54|0.77|0.64|0.65|0.75|0.80|0.69|0.60|0.89|0.77|0.93|0.65|0.67|0.68|0.49|0.69|0.72|0.82|0.88|0.75|1.00|0.73|0.79|0.70|0.68|0.69|0.64|0.58|0.70,Engineering,2025-11-02T11:58:25Z
LA000579,Daugavpils University,Nigeria,Latvia,Female,23,B2,52.4,0.89,Medium,Married,0.16,0,0.7,LanguageMentor,1,0.64|0.78|0.71|0.96|0.63|0.67|0.63|0.45|0.81|0.59|0.75|0.69|0.71|0.82|0.67|0.63|0.83|0.71|0.70|0.82|0.49|0.80|0.70|0.59|0.84|0.82|0.71|0.80|1.00|0.79|0.54|0.69,Data Science,2025-11-02T11:58:25Z
LA000580,TSI Riga,Italy,Latvia,Prefer not to say,31,A2,74.7,0.81,Medium,Single,0.54,0,0.1,Counseling,1,0.78|0.70|0.67|0.75|0.75|0.92|0.69|0.76|0.79|0.54|0.31|0.86|0.58|0.78|0.68|0.77|0.73|0.71|0.77|0.62|0.66|0.78|0.70|0.71|0.48|0.69|0.77|0.56|0.49|0.71|0.75|0.93,Engineering,2025-11-02T11:58:25Z
LA000581,TSI Riga,Nigeria,Latvia,Female,22,C1,47,0.94,Medium,Other,0.25,0,0.7,LanguageMentor,1,0.74|0.63|0.81|0.84|0.63|0.61|0.51|0.82|0.84|0.74|0.78|0.87|0.69|0.76|0.88|0.75|0.73|0.56|1.00|0.79|0.64|0.62|0.70|0.72|0.84|0.89|0.73|0.85|0.87|0.91|0.89|0.63,Data Science,2025-11-02T11:58:25Z
LA000582,TSI Riga,Slovakia,Latvia,Male,20,B1,56.3,0.79,Medium,Single,0.29,0,0.1,BuddyProgram,1,0.86|0.68|0.61|0.49|0.43|0.73|0.89|0.64|0.78|0.47|0.63|0.80|0.85|0.57|0.53|0.72|0.67|0.82|0.85|0.82|0.76|0.66|0.69|0.72|0.69|0.52|0.94|0.58|0.73|0.52|0.90|0.57,Data Science,2025-11-02T11:58:25Z
LA000583,Daugavpils University,Vietnam,Latvia,Male,22,A2,77.6,0.87,Low,Other,0.3,0,0.6,LanguageMentor,1,0.84|0.54|0.52|0.90|0.84|0.52|0.60|0.77|0.75|0.71|0.41|0.91|0.68|0.73|0.87|0.80|0.97|0.74|0.48|0.89|0.58|0.59|0.36|0.62|0.93|0.65|0.74|0.66|0.74|0.77|0.64|0.56,Economics,2025-11-02T11:58:25Z
LA000584,Daugavpils University,Italy,Latvia,Prefer not to say,20,A2,71.6,0.98,Medium,Single,0.51,0,0.1,LanguageMentor,1,0.58|0.56|0.80|0.88|0.71|0.66|0.66|0.92|0.62|0.71|0.99|0.83|0.73|0.65|0.86|0.66|0.73|0.54|0.73|0.72|0.91|0.56|0.85|0.69|0.78|0.64|0.72|0.57|0.75|0.81|0.69|0.42,Engineering,2025-11-02T11:58:25Z
LA000585,Daugavpils University,India,Latvia,Female,23,B1,84.8,0.86,High,Single,0.22,1,0.6,BuddyProgram,0,0.96|0.76|0.69|0.82|0.86|0.73|0.56|0.66|0.76|0.73|0.80|0.72|0.70|0.63|0.82|0.80|0.83|0.62|0.72|0.69|0.74|0.58|0.60|0.80|0.56|0.52|0.80|0.74|0.66|0.67|0.53|0.80,Business,2025-11-02T11:58:25Z
LA000586,Daugavpils University,Spain,Latvia,Other,27,A2,87.9,0.9,Low,Other,0.17,0,0.1,Tutoring,1,0.58|0.76|0.56|0.60|0.83|0.79|0.79|0.84|0.71|0.71|0.70|0.63|0.65|0.67|0.78|0.74|0.82|0.66|0.80|0.79|0.63|0.83|0.77|0.44|0.72|0.83|0.77|0.81|0.71|0.70|0.72|0.68,English Philology,2025-11-02T11:58:25Z
LA000587,Daugavpils University,Vietnam,Latvia,Other,22,C2,73.8,0.98,High,Married,0.18,1,0.6,LanguageMentor,0,0.77|0.97|0.81|0.68|0.76|0.58|0.63|0.78|0.79|0.71|0.77|0.83|0.92|0.76|0.79|0.94|0.66|0.84|0.53|0.82|0.57|0.61|0.59|0.74|0.80|0.82|0.76|0.61|0.88|0.76|0.69|0.70,Psychology,2025-11-02T11:58:25Z
LA000588,TSI Riga,Ukraine,Latvia,Female,24,B2,85,0.73,Medium,Single,0.32,0,0.1,None,1,0.83|0.86|0.93|0.74|0.78|0.60|0.71|0.81|1.00|0.66|0.86|0.68|0.88|0.85|0.77|0.55|0.72|0.77|0.86|0.73|0.97|0.74|0.53|0.66|0.77|0.74|0.65|0.60|0.80|0.70|0.68|0.82,Computer Science,2025-11-02T11:58:25Z
LA000589,Daugavpils University,Pakistan,Latvia,Female,24,B2,73.4,0.96,Medium,Married,0.22,0,0.6,None,1,0.82|0.47|0.72|0.86|0.66|0.86|0.84|0.56|0.83|0.51|0.81|0.81|0.49|0.64|0.94|0.66|0.67|0.87|0.69|0.65|0.68|0.85|0.84|0.71|0.93|0.83|0.98|0.93|1.00|0.80|0.67|0.91,English Philology,2025-11-02T11:58:25Z
LA000590,TSI Riga,Ukraine,Latvia,Other,20,B2,71.5,0.89,Low,Single,0.11,0,0.1,LanguageMentor,1,0.83|0.70|0.53|0.81|0.75|0.93|0.87|0.82|0.92|0.68|0.60|0.84|0.53|0.84|0.53|0.59|0.52|0.49|0.56|0.47|0.81|0.56|0.87|0.75|0.87|0.62|0.63|0.76|0.72|0.62|0.98|0.85,English Philology,2025-11-02T11:58:25Z
LA000591,Daugavpils University,Pakistan,Latvia,Prefer not to say,28,A2,65.2,0.91,High,Married,0.32,0,0.6,BuddyProgram,1,0.73|0.69|0.54|0.79|0.82|0.64|0.66|0.63|0.63|0.72|0.72|0.52|0.58|0.92|0.68|0.79|0.78|0.63|0.78|0.74|0.59|0.72|0.80|0.70|0.76|0.85|0.88|0.64|0.69|0.91|0.69|0.83,Economics,2025-11-02T11:58:25Z
LA000592,Daugavpils University,India,Latvia,Prefer not to say,26,A2,64.7,0.95,High,Single,0.06,1,0.6,None,0,0.97|0.86|0.81|0.62|0.50|0.90|0.79|0.86|0.71|0.70|0.70|0.50|0.91|0.75|0.62|0.82|0.74|0.82|0.87|0.56|0.74|0.53|0.60|0.75|0.83|0.39|0.82|0.66|0.83|0.56|0.73|1.00,English Philology,2025-11-02T11:58:25Z
LA000593,TSI Riga,Italy,Latvia,Prefer not to say,25,B1,60.6,0.91,Low,Single,0.63,0,0.1,BuddyProgram,1,0.63|0.49|0.78|0.73|0.57|0.92|0.90|0.83|0.54|0.75|0.64|0.69|0.78|0.54|0.68|0.75|0.56|0.66|0.74|0.39|0.48|0.40|0.51|0.48|0.69|0.75|0.79|0.82|0.51|0.85|0.58|0.99,Psychology,2025-11-02T11:58:25Z
LA000594,Daugavpils University,India,Latvia,Female,19,C2,78.7,0.95,Low,Other,0.41,0,0.6,Counseling,1,0.90|0.73|0.79|0.57|0.92|0.55|0.80|0.60|0.70|0.78|0.79|0.48|0.65|0.77|0.72|0.81|0.78|0.58|0.53|0.92|0.70|0.69|0.72|0.68|0.69|0.68|0.96|0.93|0.53|0.63|0.80|0.46,Psychology,2025-11-02T11:58:25Z
LA000595,TSI Riga,Sri Lanka,Latvia,Female,26,A2,67.7,0.97,Low,Married,0.78,0,0.6,None,0,0.52|0.76|0.82|0.64|0.92|0.70|0.73|0.65|0.69|0.72|0.40|0.77|0.86|0.68|0.65|0.54|0.46|0.45|0.77|0.51|0.33|0.49|0.40|0.42|0.80|0.87|0.61|0.82|0.40|0.59|0.70|0.79,Psychology,2025-11-02T11:58:25Z
LA000596,Daugavpils University,Vietnam,Latvia,Other,22,C2,70.3,0.97,Low,Other,0.06,0,0.6,None,1,0.64|0.56|0.60|0.72|0.89|0.72|0.56|0.78|0.73|0.94|0.66|0.46|0.69|0.67|0.71|0.52|0.84|1.00|0.98|0.91|0.93|0.68|0.72|0.80|0.60|0.71|0.84|0.91|0.64|0.68|0.63|0.66,Logistics,2025-11-02T11:58:25Z
LA000597,TSI Riga,India,Latvia,Other,20,B1,83.5,0.95,Medium,Single,0.35,0,0.6,BuddyProgram,0,0.63|0.91|0.61|0.67|0.78|0.78|0.67|0.59|0.76|0.88|0.72|0.69|0.69|0.84|0.49|0.68|0.75|0.87|0.72|0.82|0.66|0.72|0.72|0.67|0.55|0.77|0.61|0.89|0.74|0.46|0.62|0.59,Computer Science,2025-11-02T11:58:25Z
LA000598,TSI Riga,Nigeria,Latvia,Other,26,C2,83.9,1,High,Single,0.24,0,0.7,Tutoring,1,0.73|0.62|0.62|0.67|0.98|0.65|0.82|0.56|0.42|0.66|0.66|0.69|0.64|0.62|0.87|0.41|0.77|0.95|0.77|0.75|0.72|0.70|0.76|0.69|0.96|0.51|0.81|0.77|0.75|0.74|0.61|0.73,Engineering,2025-11-02T11:58:25Z
LA000599,Daugavpils University,Vietnam,Latvia,Prefer not to say,18,B2,76,0.85,Medium,Other,0.21,0,0.6,None,1,0.83|1.00|0.95|0.72|0.52|0.47|0.85|0.60|0.75|0.73|0.46|0.70|0.72|0.91|1.00|0.55|0.56|0.89|0.74|0.64|0.72|0.64|0.85|0.66|0.70|0.87|0.81|0.59|0.58|0.61|0.76|0.89,Logistics,2025-11-02T11:58:25Z
LA000600,TSI Riga,Ukraine,Latvia,Female,27,C2,65.6,0.81,High,Single,0.45,0,0.1,BuddyProgram,1,0.67|0.74|0.56|0.74|0.86|0.82|0.82|0.87|0.65|0.64|0.77|0.63|0.79|0.65|0.53|0.63|0.76|0.53|0.76|0.67|0.45|0.82|0.95|0.71|0.68|0.75|0.49|0.80|0.79|0.75|0.64|0.85,Engineering,2025-11-02T11:58:25Z
