student_id,institution,country_home,country_host,gender,age,language_proficiency,gpa_prev,attendance_rate,socio_econ_status,marital_status,teaching_style_difference,dropout,cultural_distance,support_program,target_success,weekly_engagement,subject_field,timestamp_created
IT000001,University of Messina,Latvia,Italy,Male,25,C2,48.9,0.83,Low,Other,0.11,0,0.1,Tutoring,1,0.74|0.52|0.62|0.96|0.82|0.97|0.76|0.44|0.76|0.65|0.97|0.64|0.76|0.65|0.54|0.95|0.74|0.77|0.94|0.95|0.67|0.81|0.65|0.78|0.82|0.75|0.87|0.66|0.63|0.69|0.66|0.73,Economics,2025-11-02T11:58:25Z
IT000002,Politecnico di Torino,Pakistan,Italy,Female,24,A2,64.1,0.95,Medium,Other,0.2,1,0.6,None,0,0.59|0.81|0.65|0.71|0.72|0.68|0.95|0.78|0.73|0.86|0.79|0.72|0.83|0.85|0.71|0.92|0.57|0.69|0.70|0.62|0.62|0.48|0.64|0.63|0.63|0.75|0.74|0.63|0.71|0.78|0.54|0.62,Business,2025-11-02T11:58:25Z
IT000003,Politecnico di Torino,USA,Italy,Other,23,C2,63.4,0.94,High,Married,0.65,0,0.3,None,1,0.73|0.52|0.69|0.72|0.76|0.48|0.69|0.68|0.68|0.88|0.59|0.88|0.87|0.61|0.54|0.75|0.76|0.64|0.44|0.66|0.40|0.65|0.46|0.70|0.56|0.81|0.75|0.74|0.64|0.65|0.81|0.58,Business,2025-11-02T11:58:25Z
IT000004,University of Messina,Brazil,Italy,Female,23,B2,61.2,0.97,Low,Single,0.48,1,0.5,Tutoring,0,0.67|0.57|0.73|0.75|0.73|0.66|0.59|0.72|0.73|0.89|0.80|0.59|0.99|0.54|0.64|0.64|0.67|0.82|0.67|0.75|0.66|0.60|0.75|0.70|0.91|0.60|0.73|0.87|0.70|0.69|0.75|0.54,Computer Science,2025-11-02T11:58:25Z
IT000005,University of Messina,Ukraine,Italy,Other,23,B2,61.2,0.99,High,Single,0.5,1,0.1,LanguageMentor,0,0.72|0.76|0.83|0.74|0.65|0.74|0.87|0.60|0.73|0.98|0.99|0.99|0.79|0.82|0.61|0.72|0.54|0.78|0.89|0.70|0.85|0.78|0.68|0.80|0.67|0.69|0.69|0.80|0.46|0.70|0.86|0.51,Business,2025-11-02T11:58:25Z
IT000006,Politecnico di Torino,Brazil,Italy,Prefer not to say,24,C2,71,0.72,Medium,Single,0.15,0,0.5,LanguageMentor,1,0.88|1.00|0.50|0.65|0.58|0.82|0.68|0.98|0.76|0.58|0.64|0.51|0.80|0.75|0.66|0.69|0.70|0.53|1.00|0.77|0.81|0.70|0.73|0.89|0.38|0.70|0.76|0.59|0.72|0.51|0.94|0.54,Economics,2025-11-02T11:58:25Z
IT000007,University of Messina,Brazil,Italy,Female,31,B2,73.3,0.88,Low,Other,0.35,1,0.5,None,0,0.60|0.82|0.66|0.57|0.62|0.73|0.56|0.61|0.52|0.97|0.89|0.67|0.59|0.82|0.59|0.86|0.62|0.83|0.89|0.88|0.78|0.94|0.82|0.68|0.87|0.82|0.77|0.56|0.69|0.58|0.60|0.78,Psychology,2025-11-02T11:58:25Z
IT000008,University of Messina,Italy,Italy,Male,20,C2,68.9,0.82,Medium,Married,0.59,0,0.1,None,0,0.75|0.61|0.77|0.46|0.85|1.00|0.34|0.65|0.45|0.83|0.88|0.66|0.72|0.76|0.82|0.74|0.77|0.72|0.60|0.87|0.57|0.90|0.77|0.61|0.87|0.65|0.70|0.38|0.82|0.73|0.63|0.87,Business,2025-11-02T11:58:25Z
IT000009,University of Messina,Sri Lanka,Italy,Female,24,B1,79.4,0.93,Low,Single,0.12,0,0.6,Tutoring,1,0.91|0.81|1.00|0.96|0.87|0.70|0.65|0.59|0.73|0.75|0.76|0.48|0.71|0.63|0.59|0.71|0.72|0.68|0.59|0.67|0.67|0.84|0.80|0.61|0.54|0.75|0.71|0.56|0.65|0.86|0.56|0.71,Computer Science,2025-11-02T11:58:25Z
IT000010,University of Messina,Pakistan,Italy,Female,28,B2,71.6,0.85,Medium,Other,0.13,0,0.6,BuddyProgram,1,0.94|0.62|0.84|0.72|1.00|0.72|0.50|0.74|0.76|0.74|0.57|0.74|0.69|1.00|0.66|0.66|0.67|0.86|0.62|0.84|0.86|0.64|0.93|0.66|0.61|0.68|0.71|0.81|0.66|0.62|0.69|0.80,English Philology,2025-11-02T11:58:25Z
IT000011,Politecnico di Torino,Brazil,Italy,Female,18,B1,86.4,0.83,Medium,Single,0.25,1,0.5,LanguageMentor,0,0.76|0.73|0.81|0.95|0.53|0.70|0.77|0.92|0.77|0.68|0.78|0.79|0.81|0.58|0.80|0.60|0.59|0.63|0.71|0.85|0.85|0.56|0.61|0.90|0.61|0.62|0.77|0.79|0.63|0.91|0.84|0.54,English Philology,2025-11-02T11:58:25Z
IT000012,Politecnico di Torino,USA,Italy,Other,24,B1,80.4,0.88,Low,Single,0.37,0,0.3,BuddyProgram,1,0.88|0.66|0.80|0.68|0.57|0.70|0.78|0.70|0.79|0.79|0.86|0.89|0.86|0.82|0.81|0.62|0.94|0.64|0.68|0.71|0.70|0.80|0.90|0.71|0.94|0.56|0.82|0.91|0.61|0.87|0.65|0.72,Business,2025-11-02T11:58:25Z
IT000013,Politecnico di Torino,Nigeria,Italy,Prefer not to say,28,C1,59.9,0.9,Medium,Single,0.49,0,0.7,Tutoring,1,0.84|0.58|0.89|0.65|0.83|0.83|0.78|0.66|0.73|0.81|0.83|0.77|0.99|0.89|0.75|0.68|0.48|0.68|0.72|0.58|0.86|0.90|0.72|0.80|0.77|0.96|0.68|0.72|0.64|0.70|0.78|0.86,Psychology,2025-11-02T11:58:25Z
IT000014,University of Messina,India,Italy,Prefer not to say,19,A2,65,0.76,High,Married,0.42,0,0.6,LanguageMentor,1,0.59|0.74|0.66|0.73|0.81|0.52|0.69|0.89|1.00|0.68|1.00|0.67|0.65|0.78|0.39|0.68|0.67|0.75|0.62|0.77|0.62|0.36|0.60|0.82|0.48|0.71|0.71|0.77|0.62|0.59|0.75|0.69,Economics,2025-11-02T11:58:25Z
IT000015,University of Messina,Brazil,Italy,Other,21,A2,76.4,0.92,Medium,Married,0.52,0,0.5,None,1,0.76|0.79|0.68|0.70|0.66|0.35|0.68|0.85|0.74|0.81|0.83|0.67|0.83|0.74|0.97|0.83|0.66|0.79|0.76|0.81|0.74|0.42|0.76|0.68|0.73|0.90|0.63|0.81|0.74|0.66|0.64|0.63,Business,2025-11-02T11:58:25Z
IT000016,University of Messina,Nigeria,Italy,Other,25,C2,90.3,0.89,Low,Single,0.17,0,0.7,LanguageMentor,0,0.51|0.61|0.88|0.86|0.56|0.84|0.73|0.74|0.69|0.80|0.95|0.73|0.73|0.79|0.69|0.58|0.61|0.91|0.65|0.76|0.61|0.80|0.70|0.57|0.73|0.82|0.72|0.75|0.42|0.62|0.76|0.61,Data Science,2025-11-02T11:58:25Z
IT000017,Politecnico di Torino,USA,Italy,Female,25,B1,52.7,0.94,Low,Single,0.13,1,0.3,Tutoring,0,0.70|0.76|1.00|0.82|0.60|0.76|0.64|0.87|0.72|0.92|0.71|0.73|0.72|0.72|0.65|0.51|0.66|0.64|0.62|0.61|0.96|0.76|0.78|0.60|0.78|0.53|0.77|0.78|0.72|0.54|0.84|0.62,Psychology,2025-11-02T11:58:25Z
IT000018,University of Messina,Vietnam,Italy,Prefer not to say,23,C2,52.9,0.95,High,Single,0.12,0,0.6,None,0,0.59|0.76|0.87|0.66|0.73|0.67|0.59|0.48|0.90|0.84|0.83|0.68|0.76|0.66|0.62|0.70|0.68|0.76|0.78|0.58|0.86|0.90|0.81|0.96|0.92|0.51|0.86|0.66|0.68|0.93|0.84|0.55,Business,2025-11-02T11:58:25Z
IT000019,University of Messina,Slovakia,Italy,Prefer not to say,29,A2,80.1,0.95,Low,Other,0.37,0,0.1,None,1,0.83|0.74|0.58|1.00|0.95|0.55|1.00|0.59|0.83|0.72|0.73|0.76|0.77|0.52|0.73|0.78|0.66|0.75|0.86|0.60|0.71|0.70|0.59|0.61|0.73|0.60|0.57|0.76|0.74|0.63|0.64|0.82,Economics,2025-11-02T11:58:25Z
IT000020,Politecnico di Torino,Italy,Italy,Male,22,A2,65.2,0.81,High,Married,0.44,1,0.1,None,0,0.73|0.49|0.81|0.85|0.84|0.76|0.74|0.62|0.70|0.75|0.68|0.72|0.83|0.97|0.45|0.71|0.92|0.64|0.55|0.47|0.65|0.68|0.81|0.75|0.78|0.58|0.94|0.74|0.63|0.87|0.67|0.73,English Philology,2025-11-02T11:58:25Z
IT000021,Politecnico di Torino,Brazil,Italy,Other,24,B2,72,0.8,High,Single,0.16,0,0.5,None,1,0.67|0.76|0.64|0.81|0.65|0.82|0.86|0.73|0.48|0.73|0.82|0.44|0.68|0.62|0.66|0.84|0.69|0.74|0.74|0.81|1.00|0.77|0.64|0.65|0.84|0.70|0.62|0.69|0.69|0.92|0.71|0.72,Logistics,2025-11-02T11:58:25Z
IT000022,Politecnico di Torino,Pakistan,Italy,Male,22,A2,81.7,0.87,High,Other,0.55,0,0.6,None,1,0.70|0.80|0.65|0.85|0.73|0.88|0.73|0.92|0.86|0.84|0.61|0.60|0.75|0.52|0.86|0.64|0.87|0.70|0.83|0.56|0.36|0.65|0.81|1.00|0.50|0.77|0.69|0.96|0.81|0.68|0.54|0.78,English Philology,2025-11-02T11:58:25Z
IT000023,University of Messina,Sri Lanka,Italy,Prefer not to say,18,C2,70.1,0.84,Low,Single,0.09,0,0.6,BuddyProgram,1,0.90|0.70|0.66|0.64|0.78|0.84|0.71|0.53|0.79|0.73|0.72|0.63|0.70|0.72|0.86|0.81|0.55|0.80|0.60|0.85|0.63|0.74|0.65|0.75|0.57|0.86|0.98|0.63|0.78|0.87|0.76|0.73,Data Science,2025-11-02T11:58:25Z
IT000024,Politecnico di Torino,Nigeria,Italy,Female,25,B1,69.1,0.82,Low,Single,0.43,1,0.7,Tutoring,0,0.92|0.96|0.93|0.61|1.00|0.73|0.95|0.32|0.64|0.86|0.67|0.58|0.63|0.68|0.68|0.83|0.78|0.57|1.00|0.74|0.98|0.56|0.64|0.79|0.70|0.79|0.76|0.92|0.83|0.57|0.76|0.38,Psychology,2025-11-02T11:58:25Z
IT000025,Politecnico di Torino,Bangladesh,Italy,Female,28,A2,59.1,0.88,Medium,Single,0.15,1,0.6,Tutoring,0,0.56|0.81|0.86|0.63|0.58|0.77|0.38|0.68|0.61|0.81|0.79|0.81|0.50|0.77|0.74|0.65|0.57|0.76|0.76|0.72|0.76|0.59|0.76|0.50|0.68|0.73|0.70|0.68|0.64|0.57|0.86|0.70,Psychology,2025-11-02T11:58:25Z
IT000026,University of Messina,Ukraine,Italy,Male,23,B2,62.5,0.93,High,Other,0.17,0,0.1,None,1,0.25|0.49|0.85|0.84|0.98|0.93|0.75|0.66|0.62|0.72|0.98|0.77|0.72|0.61|0.71|0.79|0.92|0.57|0.81|0.85|0.97|0.85|0.61|0.84|0.57|0.67|0.97|0.87|0.75|0.59|0.73|0.70,Engineering,2025-11-02T11:58:25Z
IT000027,University of Messina,Pakistan,Italy,Other,18,C2,91.5,0.94,Low,Other,0.41,0,0.6,None,0,0.85|0.34|0.61|0.55|0.86|0.79|0.78|0.69|0.64|0.90|0.67|0.87|0.57|0.53|0.74|0.85|0.65|0.71|0.62|0.72|0.82|0.93|0.94|0.74|0.81|0.41|0.59|0.89|0.62|0.82|0.39|1.00,Data Science,2025-11-02T11:58:25Z
IT000028,University of Messina,Ukraine,Italy,Prefer not to say,19,C2,70.2,0.95,Medium,Single,0.22,0,0.1,Tutoring,1,0.89|0.88|0.58|0.91|0.61|0.64|0.62|0.63|0.68|0.66|0.91|0.66|0.66|0.86|0.85|0.83|0.74|0.96|0.75|0.65|0.86|0.75|0.77|0.64|0.89|0.63|0.76|0.75|1.00|0.55|0.87|0.84,Computer Science,2025-11-02T11:58:25Z
IT000029,Politecnico di Torino,Sri Lanka,Italy,Other,19,C2,75.5,1,Low,Other,0.29,0,0.6,None,1,0.68|0.50|0.56|0.80|0.94|0.91|0.64|0.89|0.94|0.64|0.74|0.75|0.89|0.83|0.88|0.52|0.58|0.56|0.79|0.82|0.55|0.69|0.64|0.55|0.75|0.82|0.89|0.76|0.84|0.78|0.53|0.67,Computer Science,2025-11-02T11:58:25Z
IT000030,University of Messina,Bangladesh,Italy,Prefer not to say,21,B2,82.7,0.97,High,Married,0.15,0,0.6,None,1,0.83|0.72|0.65|0.71|0.53|0.70|0.78|0.91|0.64|0.59|0.84|0.51|0.75|0.83|0.73|0.80|0.73|0.52|0.92|0.67|0.63|0.71|0.41|0.46|0.59|0.69|0.73|0.41|0.60|0.93|0.89|0.72,Psychology,2025-11-02T11:58:25Z
IT000031,Politecnico di Torino,Italy,Italy,Other,26,C2,69.5,0.77,Low,Married,0.17,0,0.1,BuddyProgram,1,0.83|0.82|0.72|0.68|0.78|0.63|0.54|0.89|0.66|0.47|0.85|0.86|0.75|0.68|0.70|0.75|0.89|0.91|0.70|0.56|0.78|0.65|0.97|0.93|0.73|0.63|0.71|0.97|0.53|0.66|0.82|0.90,Computer Science,2025-11-02T11:58:25Z
IT000032,Politecnico di Torino,Slovakia,Italy,Male,19,C1,82.7,0.89,Low,Married,0.17,1,0.1,BuddyProgram,0,0.68|0.80|0.74|0.83|0.64|0.76|0.78|0.52|0.83|0.59|0.70|0.68|0.61|0.57|0.64|0.60|0.94|0.84|0.78|0.77|0.71|0.89|0.73|1.00|0.63|0.89|0.85|0.57|0.68|0.37|0.84|0.69,English Philology,2025-11-02T11:58:25Z
IT000033,University of Messina,Bangladesh,Italy,Other,19,B2,69,0.95,Low,Married,0.32,0,0.6,Tutoring,1,0.62|0.73|0.86|0.85|0.78|1.00|0.60|0.64|0.67|0.68|0.84|0.88|0.83|0.51|0.73|0.72|0.57|0.82|0.84|0.86|0.81|0.81|0.81|0.68|0.77|0.44|0.82|0.72|0.48|0.47|1.00|0.65,Psychology,2025-11-02T11:58:25Z
IT000034,Politecnico di Torino,Brazil,Italy,Prefer not to say,21,C2,78.2,0.56,High,Other,0.23,1,0.5,BuddyProgram,0,0.77|0.69|0.65|0.50|0.59|1.00|0.70|0.91|0.82|0.70|0.78|0.85|0.79|0.99|0.69|0.57|0.72|0.78|0.94|0.58|0.92|0.97|0.62|0.68|0.77|0.76|0.71|0.75|0.56|0.81|0.76|0.77,Business,2025-11-02T11:58:25Z
IT000035,University of Messina,Slovakia,Italy,Prefer not to say,26,C2,77.4,0.87,Low,Other,0.47,1,0.1,BuddyProgram,0,0.64|0.87|0.94|0.94|0.80|0.81|1.00|0.97|0.84|0.74|0.81|0.63|0.77|0.85|0.74|1.00|0.64|0.64|0.87|0.73|0.65|0.71|1.00|0.63|0.58|0.87|0.69|0.85|0.75|1.00|0.90|0.86,Logistics,2025-11-02T11:58:25Z
IT000036,University of Messina,Ukraine,Italy,Other,20,B2,65.8,0.88,Medium,Married,0.3,0,0.1,LanguageMentor,1,0.73|1.00|0.49|0.94|0.79|0.82|0.74|0.81|0.93|0.77|0.91|0.80|0.87|0.56|0.79|0.43|0.83|0.80|0.66|0.68|0.86|0.90|0.77|0.81|0.72|0.56|0.90|0.74|0.75|0.47|0.90|0.62,Data Science,2025-11-02T11:58:25Z
IT000037,University of Messina,Bangladesh,Italy,Other,19,C1,67.6,0.83,High,Married,0.3,0,0.6,None,1,0.76|0.75|0.65|0.70|0.77|0.62|1.00|0.74|0.55|0.88|0.56|0.60|0.85|0.78|0.86|0.95|0.79|0.79|0.82|0.78|0.67|0.68|0.81|0.92|0.88|0.67|0.81|0.72|0.74|0.74|0.77|0.82,Psychology,2025-11-02T11:58:25Z
IT000038,University of Messina,USA,Italy,Prefer not to say,23,B1,72,0.93,High,Single,0.12,0,0.3,Tutoring,1,0.73|0.62|0.88|0.67|0.77|0.79|0.71|0.79|0.83|0.63|0.82|0.85|0.82|0.72|0.79|0.84|0.65|0.98|1.00|0.53|0.70|0.83|0.82|0.77|0.89|0.69|0.77|0.75|0.60|0.91|0.97|0.55,Data Science,2025-11-02T11:58:25Z
IT000039,University of Messina,USA,Italy,Female,20,B1,83.1,0.83,Low,Married,0.19,0,0.3,LanguageMentor,1,0.72|0.65|0.74|0.86|0.57|0.74|0.47|0.76|0.54|0.77|1.00|0.77|0.69|0.87|0.94|0.54|0.74|0.91|0.76|0.75|0.77|0.64|0.72|0.56|0.69|0.82|0.54|0.67|0.83|0.73|0.80|0.68,Computer Science,2025-11-02T11:58:25Z
IT000040,University of Messina,Pakistan,Italy,Prefer not to say,28,A2,82.9,0.78,High,Married,0.42,1,0.6,BuddyProgram,0,0.71|0.63|0.95|0.72|0.81|0.15|0.77|0.53|0.64|0.58|0.78|0.58|0.51|0.74|0.53|0.69|0.95|0.73|0.75|0.46|0.52|0.47|0.70|0.69|0.72|0.56|0.84|0.77|0.65|0.85|0.63|0.62,English Philology,2025-11-02T11:58:25Z
IT000041,University of Messina,Bangladesh,Italy,Other,24,C1,77.2,0.89,Medium,Married,0.56,1,0.6,None,0,0.84|0.76|0.62|0.58|0.67|0.64|0.52|0.68|0.99|1.00|0.77|0.90|0.82|0.85|0.59|0.71|0.60|0.88|0.60|0.82|0.93|0.81|0.74|0.83|0.76|0.90|0.55|0.77|0.89|0.85|0.92|0.74,Logistics,2025-11-02T11:58:25Z
IT000042,Politecnico di Torino,Sri Lanka,Italy,Other,25,B1,58,0.95,Medium,Married,0.16,0,0.6,None,0,0.82|0.62|0.68|0.79|0.87|0.71|0.91|0.79|0.52|0.52|0.84|0.82|0.78|0.93|0.82|0.60|0.62|0.75|0.71|0.72|0.73|0.94|0.70|0.93|0.76|0.66|0.87|0.56|0.85|0.76|0.62|0.58,Engineering,2025-11-02T11:58:25Z
IT000043,Politecnico di Torino,Latvia,Italy,Other,26,C1,62.7,0.99,Low,Other,0.34,1,0.1,None,0,0.66|0.66|0.80|0.71|0.78|0.78|0.90|0.68|0.79|0.54|0.85|0.68|0.67|0.61|0.97|0.64|0.52|0.93|0.68|0.93|0.71|0.69|0.58|0.70|0.51|0.86|0.77|0.76|0.87|0.66|0.78|0.73,English Philology,2025-11-02T11:58:25Z
IT000044,Politecnico di Torino,Spain,Italy,Prefer not to say,23,B2,87.6,0.95,Medium,Married,0.3,0,0.1,None,1,0.75|0.87|0.84|0.76|0.72|0.87|0.77|0.67|0.71|0.82|0.78|0.69|0.76|0.81|0.88|0.78|0.82|0.70|0.63|0.62|0.68|0.68|0.61|0.76|1.00|0.73|0.65|0.49|0.84|0.71|0.62|0.75,Business,2025-11-02T11:58:25Z
IT000045,Politecnico di Torino,USA,Italy,Other,22,B2,73.3,0.85,Medium,Married,0.08,0,0.3,None,1,0.48|0.81|0.69|0.66|0.72|0.77|0.65|0.68|0.58|0.83|0.80|0.83|0.87|0.90|0.71|0.69|0.80|0.78|0.71|0.79|0.67|0.69|0.74|0.90|0.96|0.79|0.79|0.87|0.78|0.59|0.58|0.64,Psychology,2025-11-02T11:58:25Z
IT000046,University of Messina,Italy,Italy,Male,27,A2,68.2,0.69,Low,Married,0.4,1,0.1,Tutoring,0,0.76|0.71|0.78|0.91|0.94|0.78|0.69|0.78|0.67|0.64|0.80|0.75|0.64|0.78|0.77|0.65|0.67|0.45|0.66|0.74|0.80|0.45|0.54|0.89|0.80|0.64|0.68|0.39|0.58|0.66|0.67|0.88,Psychology,2025-11-02T11:58:25Z
IT000047,Politecnico di Torino,Italy,Italy,Prefer not to say,24,C1,64.8,1,Medium,Other,0.42,0,0.1,None,1,0.82|0.58|0.80|0.85|1.00|0.83|0.97|0.69|0.50|0.42|0.64|0.60|0.73|0.82|0.86|0.63|0.78|0.46|0.54|0.81|0.72|0.82|0.84|0.86|0.72|0.72|0.67|0.78|0.63|0.88|0.60|0.65,Engineering,2025-11-02T11:58:25Z
IT000048,University of Messina,Spain,Italy,Male,23,B2,70.3,0.84,Low,Single,0.18,0,0.1,BuddyProgram,1,0.92|0.85|0.60|0.59|0.59|0.61|0.87|0.45|1.00|0.47|0.77|0.82|0.92|0.73|0.59|0.80|0.60|0.61|0.86|0.62|0.78|0.48|0.81|0.57|0.76|0.54|0.96|0.75|0.70|0.43|0.55|0.65,Computer Science,2025-11-02T11:58:25Z
IT000049,Politecnico di Torino,Brazil,Italy,Other,21,B1,73.6,0.83,Medium,Single,0.51,1,0.5,BuddyProgram,0,0.75|0.73|0.56|0.82|0.75|0.60|0.82|0.69|0.83|0.62|0.68|0.89|0.58|0.85|0.68|0.85|0.81|0.62|0.78|0.83|0.54|0.65|0.74|0.61|0.77|0.86|0.55|0.76|0.65|0.73|0.68|0.75,Logistics,2025-11-02T11:58:25Z
IT000050,University of Messina,Slovakia,Italy,Male,25,B2,87.3,0.78,High,Other,0.27,0,0.1,LanguageMentor,0,0.79|0.71|0.58|0.64|0.84|0.53|0.59|0.82|0.96|0.86|0.88|0.87|0.55|0.67|0.62|0.90|0.66|0.63|0.70|0.52|0.83|0.82|0.83|0.72|0.70|0.58|0.89|1.00|0.79|0.58|0.89|0.63,Engineering,2025-11-02T11:58:25Z
IT000051,University of Messina,Ukraine,Italy,Female,20,C2,58.8,0.89,Low,Married,0.24,0,0.1,LanguageMentor,0,0.82|0.76|0.83|0.66|0.80|0.75|0.64|0.77|0.96|0.82|0.79|0.55|0.49|0.71|0.50|0.59|0.71|0.71|0.89|0.98|0.72|0.75|0.57|0.97|0.86|0.80|0.70|0.53|0.65|0.91|0.97|0.79,Data Science,2025-11-02T11:58:25Z
IT000052,Politecnico di Torino,Nigeria,Italy,Other,29,B1,57.7,0.81,Medium,Married,0.17,0,0.7,None,1,0.59|0.60|0.65|0.63|0.70|0.85|0.78|0.62|0.70|0.84|0.91|0.74|0.66|0.89|0.82|0.70|0.61|0.54|0.56|0.71|0.69|0.58|0.64|0.76|0.74|0.69|0.84|0.62|0.96|0.50|0.61|1.00,English Philology,2025-11-02T11:58:25Z
IT000053,Politecnico di Torino,Slovakia,Italy,Prefer not to say,27,C2,61.2,0.97,Medium,Single,0.32,0,0.1,LanguageMentor,1,0.54|0.68|0.85|0.75|0.80|0.79|0.60|0.58|0.53|0.93|0.79|0.61|0.66|0.65|0.78|0.77|0.62|0.81|1.00|0.92|0.87|0.77|0.85|0.88|0.74|0.62|0.60|1.00|0.84|0.67|0.70|0.69,Psychology,2025-11-02T11:58:25Z
IT000054,University of Messina,Bangladesh,Italy,Other,22,B2,64,0.97,High,Other,0.31,0,0.6,Counseling,1,0.70|0.53|0.67|1.00|0.94|0.92|0.73|0.80|0.60|0.84|0.94|0.83|0.67|0.72|0.89|0.69|0.72|0.80|0.73|0.68|0.83|0.92|0.91|0.87|0.85|0.83|0.72|0.79|0.56|0.57|0.48|0.71,Economics,2025-11-02T11:58:25Z
IT000055,Politecnico di Torino,Pakistan,Italy,Other,20,A2,79,0.96,Low,Married,0.23,0,0.6,Tutoring,1,0.83|0.88|0.85|0.76|0.58|0.75|0.51|0.83|0.56|0.92|0.53|0.63|0.56|0.76|0.66|0.73|0.53|0.57|0.70|0.76|0.67|0.56|0.76|0.56|0.39|0.52|0.90|0.79|0.81|0.92|0.68|0.79,Business,2025-11-02T11:58:25Z
IT000056,University of Messina,Sri Lanka,Italy,Female,27,C2,78.4,1,Medium,Other,0.34,0,0.6,BuddyProgram,1,0.82|0.65|0.64|0.65|0.88|0.63|0.95|0.59|0.72|0.63|0.96|0.56|0.88|0.70|0.61|0.80|0.77|0.75|0.95|0.60|0.72|0.65|0.70|1.00|0.69|0.64|0.83|0.73|0.60|0.89|0.59|0.69,Logistics,2025-11-02T11:58:25Z
IT000057,University of Messina,Spain,Italy,Male,22,A2,84.6,0.82,Medium,Single,0.4,0,0.1,LanguageMentor,0,0.87|0.74|0.73|0.71|0.96|0.72|0.69|0.68|0.83|0.78|0.59|0.75|0.82|0.40|0.94|0.73|0.66|0.52|0.60|0.60|0.80|0.62|0.85|0.67|0.75|0.74|0.65|0.61|0.62|0.52|0.74|0.57,English Philology,2025-11-02T11:58:25Z
IT000058,University of Messina,Spain,Italy,Prefer not to say,22,C1,93,0.9,Medium,Other,0.14,0,0.1,BuddyProgram,1,1.00|0.79|0.85|1.00|0.88|0.70|0.81|0.70|0.61|0.61|0.60|0.67|0.87|0.64|0.96|0.67|0.55|0.58|1.00|0.87|0.88|0.67|0.86|0.73|0.61|0.76|0.98|0.82|0.79|0.88|0.60|0.82,Economics,2025-11-02T11:58:25Z
IT000059,University of Messina,Latvia,Italy,Male,23,C2,73,0.9,Low,Single,0.45,0,0.1,None,1,0.79|0.74|0.80|0.62|0.71|0.62|0.84|0.54|0.64|0.89|0.76|0.80|0.81|0.67|0.92|0.65|0.92|0.68|0.58|0.80|0.82|0.79|0.42|0.70|0.61|0.64|0.56|0.98|0.58|0.67|0.47|0.95,Data Science,2025-11-02T11:58:25Z
IT000060,Politecnico di Torino,Brazil,Italy,Other,20,A2,75.7,0.89,High,Married,0.12,0,0.5,None,1,0.84|0.80|0.64|0.64|0.80|0.67|0.58|0.58|0.70|0.71|0.76|0.87|0.76|0.88|0.89|0.79|0.72|0.59|0.72|0.80|0.74|0.76|0.67|0.80|0.52|0.75|0.74|0.87|0.75|0.67|0.78|0.84,Computer Science,2025-11-02T11:58:25Z
IT000061,Politecnico di Torino,Vietnam,Italy,Female,22,C1,62.1,1,Medium,Married,0.32,0,0.6,LanguageMentor,1,0.63|0.77|0.53|0.90|0.88|0.73|0.70|0.76|0.91|0.89|0.67|0.70|0.65|0.86|0.67|0.86|0.73|0.60|0.62|0.89|0.70|0.65|0.77|0.62|0.66|0.53|0.64|0.87|0.74|0.80|0.90|0.81,English Philology,2025-11-02T11:58:25Z
IT000062,University of Messina,Italy,Italy,Male,23,C1,72.6,0.94,High,Other,0.11,0,0.1,LanguageMentor,1,0.84|0.88|0.72|0.85|0.61|0.97|0.91|0.78|0.79|0.66|0.52|0.84|0.69|0.98|0.63|0.75|0.84|0.79|0.75|0.82|0.86|0.77|0.87|0.58|0.69|0.73|0.74|0.94|0.75|0.75|0.78|0.68,Data Science,2025-11-02T11:58:25Z
IT000063,Politecnico di Torino,Nigeria,Italy,Male,26,C2,68.7,0.94,Medium,Married,0.43,0,0.7,None,1,0.95|0.74|0.52|0.74|0.83|0.87|0.57|0.74|0.71|0.72|0.59|0.82|0.53|0.70|0.65|0.96|0.62|0.59|0.94|0.84|0.68|0.52|0.74|0.66|0.73|0.94|0.71|0.54|0.93|0.66|0.74|0.94,Computer Science,2025-11-02T11:58:25Z
IT000064,Politecnico di Torino,Nigeria,Italy,Prefer not to say,24,C1,72,0.85,High,Married,0.06,1,0.7,None,0,0.75|0.81|0.66|0.90|0.77|0.90|0.68|0.60|0.78|0.74|0.60|0.47|0.80|0.82|0.56|0.78|0.67|0.87|0.91|0.87|0.63|0.69|0.59|0.88|0.57|0.72|0.70|0.78|0.72|0.68|0.78|0.66,Economics,2025-11-02T11:58:25Z
IT000065,Politecnico di Torino,Nigeria,Italy,Prefer not to say,23,B1,76.3,0.88,High,Other,0.15,0,0.7,Tutoring,1,0.95|0.71|0.63|0.70|0.58|0.85|0.72|0.88|0.55|0.57|1.00|0.70|0.70|0.66|0.74|0.81|0.71|0.77|0.84|0.70|0.67|0.72|0.66|0.83|0.37|0.72|0.77|0.77|0.82|0.33|0.60|0.96,Computer Science,2025-11-02T11:58:25Z
IT000066,University of Messina,India,Italy,Male,25,C2,73.4,0.89,Low,Single,0.2,0,0.6,None,1,0.82|0.97|0.66|1.00|0.89|0.64|0.86|0.74|0.65|0.76|0.56|0.54|0.80|0.81|0.61|0.86|0.81|0.51|0.69|0.80|0.69|0.75|0.59|0.82|0.68|0.66|0.79|0.80|0.81|0.73|1.00|0.61,Business,2025-11-02T11:58:25Z
IT000067,University of Messina,Latvia,Italy,Female,21,A2,71.2,0.91,Medium,Married,0.3,0,0.1,Counseling,1,0.84|0.78|0.72|0.64|0.72|0.74|0.56|0.87|0.80|0.88|0.81|0.64|0.89|0.63|0.79|0.82|0.64|0.72|0.62|0.72|0.55|0.65|0.94|0.67|0.74|0.62|0.57|0.69|0.93|0.77|0.73|0.75,Data Science,2025-11-02T11:58:25Z
IT000068,Politecnico di Torino,Sri Lanka,Italy,Female,27,B2,75.5,0.96,High,Single,0.54,0,0.6,LanguageMentor,1,0.90|0.82|0.69|0.86|0.72|0.75|1.00|0.88|0.93|0.78|0.90|0.72|0.75|0.77|0.70|0.46|0.64|0.75|0.62|0.47|0.91|0.50|0.68|0.63|0.84|0.83|0.62|0.76|1.00|0.64|0.73|0.79,English Philology,2025-11-02T11:58:25Z
IT000069,University of Messina,Vietnam,Italy,Other,21,B2,60.8,0.84,Low,Single,0.3,0,0.6,None,0,0.76|0.86|0.66|0.76|0.88|0.84|0.76|0.70|0.68|0.63|0.63|0.78|0.51|0.69|0.81|0.99|0.82|0.75|1.00|0.77|0.65|0.55|0.84|0.86|0.57|0.73|0.56|0.65|0.56|0.58|0.68|0.72,Logistics,2025-11-02T11:58:25Z
IT000070,Politecnico di Torino,Slovakia,Italy,Other,20,C1,85.9,0.9,Low,Married,0.46,0,0.1,None,1,0.59|0.83|0.98|0.76|0.82|0.70|0.82|0.69|0.84|0.58|0.89|0.64|0.35|0.61|0.81|0.71|0.52|0.85|0.67|0.94|0.70|0.69|0.57|0.55|0.76|0.86|0.85|0.80|0.72|0.57|0.55|0.84,Economics,2025-11-02T11:58:25Z
IT000071,Politecnico di Torino,Slovakia,Italy,Prefer not to say,26,C2,83.5,0.86,Medium,Married,0.15,0,0.1,Tutoring,1,0.29|0.75|0.77|0.81|0.72|0.74|0.68|0.69|0.66|0.69|0.60|0.74|0.80|0.40|0.69|0.82|0.68|0.73|0.69|0.76|0.74|0.76|0.72|0.80|0.84|0.48|0.63|0.72|0.83|0.74|0.83|0.67,Logistics,2025-11-02T11:58:25Z
IT000072,University of Messina,Brazil,Italy,Prefer not to say,18,B1,65.4,0.91,Low,Other,0.56,0,0.5,None,1,0.56|0.69|0.53|0.80|0.84|0.71|0.92|0.72|0.73|0.71|0.68|0.71|0.80|0.82|0.55|0.60|0.88|0.71|0.67|0.62|0.88|0.51|0.79|0.62|0.52|0.64|0.54|0.81|0.64|0.74|0.88|0.64,Psychology,2025-11-02T11:58:25Z
IT000073,University of Messina,Vietnam,Italy,Female,20,C2,75.3,0.85,Medium,Single,0.24,0,0.6,LanguageMentor,1,0.61|1.00|0.66|0.93|0.74|1.00|1.00|0.58|0.77|0.67|0.69|0.80|0.81|0.68|0.71|0.91|0.74|0.85|0.77|0.85|0.76|0.61|1.00|0.76|0.91|0.74|0.70|0.73|0.61|0.56|0.80|0.79,Computer Science,2025-11-02T11:58:25Z
IT000074,Politecnico di Torino,Pakistan,Italy,Prefer not to say,25,B2,69.2,0.96,High,Single,0.22,0,0.6,LanguageMentor,1,0.71|0.89|0.66|0.68|0.72|0.65|0.76|0.66|0.75|0.68|0.63|0.71|0.67|0.76|0.65|0.70|0.68|0.74|0.68|0.53|0.76|0.79|0.72|0.54|0.87|0.73|0.64|0.80|0.63|0.60|0.47|0.67,Logistics,2025-11-02T11:58:25Z
IT000075,University of Messina,USA,Italy,Prefer not to say,23,B1,68.6,0.99,Low,Married,0.43,0,0.3,None,0,0.73|0.54|0.74|0.52|0.78|0.84|0.64|0.77|0.56|0.92|0.58|0.81|0.70|0.95|0.75|0.74|0.67|0.83|0.80|0.97|0.86|0.86|0.69|0.93|0.72|0.82|0.61|0.61|0.60|0.81|0.70|0.70,Psychology,2025-11-02T11:58:25Z
IT000076,Politecnico di Torino,Brazil,Italy,Prefer not to say,21,B1,73.7,0.89,Low,Married,0.69,0,0.5,None,0,0.82|0.79|0.88|0.79|0.58|0.88|0.72|0.82|0.73|0.79|0.63|0.50|0.56|0.63|0.63|0.35|0.66|0.84|0.47|0.58|0.44|0.52|0.33|0.51|0.85|0.49|0.62|0.75|0.92|0.65|0.80|0.49,Economics,2025-11-02T11:58:25Z
IT000077,University of Messina,Latvia,Italy,Female,26,C2,76,0.96,Medium,Other,0.06,0,0.1,None,1,0.57|0.67|0.83|0.65|0.61|0.74|0.82|0.71|0.90|0.72|0.95|0.40|0.82|0.86|0.69|0.91|0.82|0.83|0.78|0.61|0.71|1.00|0.67|0.93|0.91|0.73|0.82|0.73|0.84|0.62|0.57|0.96,Data Science,2025-11-02T11:58:25Z
IT000078,Politecnico di Torino,Spain,Italy,Other,20,A2,72.4,1,Medium,Single,0.3,0,0.1,Tutoring,0,0.75|1.00|0.72|0.37|0.62|0.84|0.58|0.54|0.85|0.79|0.71|0.90|0.48|0.89|0.77|0.70|0.95|0.68|0.66|0.82|0.63|0.74|0.79|0.68|0.64|0.77|0.85|0.79|0.81|0.55|0.84|0.50,Logistics,2025-11-02T11:58:25Z
IT000079,University of Messina,Nigeria,Italy,Female,23,B2,61,0.81,Low,Married,0.18,0,0.7,BuddyProgram,1,0.65|0.63|0.77|0.86|0.78|0.84|0.40|1.00|0.85|0.50|0.70|0.84|0.87|0.89|0.78|0.54|0.85|0.88|0.71|0.71|0.70|0.52|0.84|0.54|0.66|0.78|0.46|0.57|0.93|0.66|0.73|1.00,Logistics,2025-11-02T11:58:25Z
IT000080,Politecnico di Torino,Slovakia,Italy,Prefer not to say,26,A2,77.3,0.82,Medium,Other,0.57,1,0.1,None,0,0.67|0.80|0.71|0.73|0.87|0.78|0.46|0.77|0.75|0.84|0.56|0.87|0.84|0.85|0.64|0.78|0.79|0.63|0.93|0.65|0.77|0.70|0.80|0.77|0.79|0.73|0.58|0.65|0.72|0.63|0.63|0.58,Engineering,2025-11-02T11:58:25Z
IT000081,University of Messina,Pakistan,Italy,Female,28,B2,77.1,0.89,Low,Single,0.42,0,0.6,LanguageMentor,1,0.67|0.71|0.73|0.72|0.96|0.71|0.96|0.63|0.80|0.51|0.75|0.83|0.82|0.88|0.56|0.83|0.90|0.67|0.69|0.77|0.58|0.79|0.66|0.77|0.48|0.74|0.80|0.85|0.73|0.92|0.76|0.73,Psychology,2025-11-02T11:58:25Z
IT000082,University of Messina,Vietnam,Italy,Prefer not to say,18,A2,68,0.83,Medium,Single,0.41,0,0.6,None,1,0.90|0.66|0.97|0.69|0.66|0.73|0.58|0.63|0.41|0.98|0.73|0.71|0.75|0.79|0.80|0.96|0.68|0.69|0.75|0.83|0.74|0.68|0.77|0.73|0.59|0.50|0.82|0.48|0.67|0.69|0.73|0.91,Data Science,2025-11-02T11:58:25Z
IT000083,Politecnico di Torino,Brazil,Italy,Other,20,A2,54.9,0.94,High,Other,0.49,0,0.5,BuddyProgram,1,0.59|0.82|0.55|0.81|0.79|0.59|0.95|0.54|0.70|0.72|0.70|1.00|0.65|0.57|0.62|0.70|0.76|0.62|0.72|0.82|0.63|1.00|0.71|0.61|0.62|0.98|1.00|0.80|0.85|0.46|0.74|0.85,Data Science,2025-11-02T11:58:25Z
IT000084,University of Messina,Latvia,Italy,Female,27,C1,77.7,0.98,Medium,Single,0.07,0,0.1,LanguageMentor,1,0.48|0.70|0.63|0.69|0.66|0.71|0.61|0.59|1.00|0.76|0.59|0.92|0.95|0.78|0.65|0.72|0.55|0.64|0.98|0.53|0.59|0.65|0.82|0.69|0.60|0.90|0.92|0.74|0.76|0.77|0.82|0.58,Engineering,2025-11-02T11:58:25Z
IT000085,University of Messina,Slovakia,Italy,Female,28,C1,80.8,0.77,Medium,Single,0.02,1,0.1,Tutoring,0,0.82|0.83|0.59|0.68|0.94|0.98|0.85|0.54|0.76|0.68|0.55|0.59|0.68|0.59|0.70|0.65|0.81|0.74|0.90|0.74|0.49|0.56|0.75|0.65|0.83|0.81|0.62|0.80|0.64|0.72|0.80|0.94,Computer Science,2025-11-02T11:58:25Z
IT000086,University of Messina,Slovakia,Italy,Male,25,A2,83.9,0.94,Low,Other,0.62,0,0.1,LanguageMentor,1,0.42|0.86|0.65|0.63|0.96|1.00|0.59|0.67|0.60|0.83|0.59|0.84|0.51|0.80|0.66|0.59|0.74|0.51|0.50|0.36|0.41|0.56|0.41|0.68|0.62|0.57|0.81|0.62|0.88|0.96|0.81|0.64,Economics,2025-11-02T11:58:25Z
IT000087,Politecnico di Torino,Spain,Italy,Other,23,B1,72.9,0.94,Medium,Other,0.38,0,0.1,None,1,0.89|0.67|0.84|0.92|0.66|0.82|0.58|0.92|0.81|0.74|0.54|0.73|0.81|0.73|0.89|0.82|0.93|0.64|0.40|0.72|0.85|0.68|0.78|0.66|0.64|0.77|0.88|0.89|0.74|0.95|0.66|0.92,Psychology,2025-11-02T11:58:25Z
IT000088,University of Messina,Ukraine,Italy,Other,26,C1,60.1,0.78,Low,Single,0.41,0,0.1,None,1,0.83|0.78|0.51|0.45|0.79|0.53|0.69|0.94|0.63|0.83|0.67|0.51|0.64|0.72|0.91|0.73|0.62|0.82|0.63|0.58|0.75|0.78|0.71|0.75|0.73|0.82|0.69|0.79|0.58|0.62|0.91|0.92,English Philology,2025-11-02T11:58:25Z
IT000089,Politecnico di Torino,Spain,Italy,Male,21,C1,80.1,0.75,Medium,Married,0.04,1,0.1,None,0,0.60|0.81|0.67|0.53|0.71|0.62|1.00|0.93|0.64|0.58|0.79|0.77|0.68|0.48|0.97|0.65|0.70|0.51|0.46|0.66|0.51|0.73|0.68|0.55|0.79|0.98|0.55|0.60|0.54|0.75|0.54|0.87,English Philology,2025-11-02T11:58:25Z
IT000090,Politecnico di Torino,Spain,Italy,Female,25,C2,79.7,0.82,Medium,Married,0.29,0,0.1,LanguageMentor,1,0.64|0.53|0.54|0.79|0.93|0.78|0.61|0.66|0.70|0.79|0.67|0.45|0.66|0.89|0.66|0.84|0.55|0.85|0.74|0.70|0.47|0.72|0.84|0.78|0.69|0.95|0.81|0.66|0.77|0.63|0.73|0.90,Economics,2025-11-02T11:58:25Z
IT000091,Politecnico di Torino,Sri Lanka,Italy,Other,21,C1,83.4,0.83,High,Married,0.14,0,0.6,None,1,0.59|0.59|0.66|0.86|0.80|0.69|0.26|0.72|0.75|0.85|0.71|0.76|0.67|0.63|0.76|0.75|0.65|0.77|0.79|0.92|0.78|0.72|0.94|0.79|0.56|0.76|0.50|0.43|0.90|0.82|0.67|0.86,Logistics,2025-11-02T11:58:25Z
IT000092,University of Messina,India,Italy,Other,23,B1,85.1,0.89,High,Single,0.31,1,0.6,Tutoring,0,1.00|0.94|0.65|0.88|0.63|0.94|0.92|0.58|0.70|0.74|0.60|0.76|0.71|0.76|0.72|0.79|0.75|0.88|0.51|0.56|0.61|0.59|0.76|0.76|0.76|0.71|0.86|0.92|0.77|0.84|0.79|0.53,Engineering,2025-11-02T11:58:25Z
IT000093,Politecnico di Torino,USA,Italy,Male,22,B2,69.6,1,Low,Other,0.4,0,0.3,None,1,1.00|0.89|0.58|0.72|0.73|0.72|0.67|0.81|0.65|0.80|0.77|0.86|0.81|0.81|0.95|0.58|0.96|0.82|0.77|0.80|0.72|0.52|0.58|0.75|0.55|0.74|0.78|0.75|0.67|0.72|0.78|0.48,Data Science,2025-11-02T11:58:25Z
IT000094,Politecnico di Torino,Nigeria,Italy,Male,24,A2,74,0.85,High,Single,0.16,1,0.7,LanguageMentor,0,0.71|0.55|0.56|0.93|0.70|0.76|0.70|0.46|0.68|0.89|0.57|0.67|0.68|0.76|0.62|0.53|0.83|0.86|0.65|0.64|0.82|0.64|0.66|0.81|0.79|0.29|0.76|0.78|0.67|0.36|0.86|0.63,Economics,2025-11-02T11:58:25Z
IT000095,University of Messina,Sri Lanka,Italy,Female,27,A2,86.8,0.89,High,Married,0.22,0,0.6,LanguageMentor,1,0.56|0.81|0.80|0.90|0.85|1.00|0.62|0.90|0.87|0.70|0.72|0.72|0.71|0.60|0.89|0.68|0.70|1.00|0.86|0.73|0.92|0.72|0.70|0.51|0.71|0.70|0.88|0.63|0.67|0.65|0.65|0.81,Logistics,2025-11-02T11:58:25Z
IT000096,University of Messina,India,Italy,Female,20,C2,59.8,0.85,High,Married,0.23,0,0.6,LanguageMentor,1,0.66|0.67|0.90|0.95|0.75|0.71|0.64|0.70|0.96|0.73|0.83|0.58|0.78|0.56|0.78|0.64|0.67|0.81|0.68|0.78|0.78|0.65|0.70|0.88|0.56|0.73|0.54|0.78|0.73|0.85|0.73|0.81,Economics,2025-11-02T11:58:25Z
IT000097,Politecnico di Torino,Nigeria,Italy,Other,26,B1,69.6,0.97,Low,Other,0.14,1,0.7,Tutoring,0,0.73|1.00|0.82|0.34|0.79|0.72|0.54|0.82|0.97|0.70|0.73|0.76|0.91|0.80|0.70|0.57|0.82|0.69|0.77|0.51|0.66|0.62|0.57|0.85|0.92|0.48|0.63|0.83|0.65|0.84|0.76|0.57,Data Science,2025-11-02T11:58:25Z
IT000098,Politecnico di Torino,Sri Lanka,Italy,Prefer not to say,24,C1,86.3,0.86,High,Other,0.19,0,0.6,Tutoring,1,0.67|0.82|0.53|0.72|0.66|0.86|0.67|0.70|0.72|0.74|1.00|0.65|0.78|0.82|0.85|0.58|0.92|0.81|0.75|0.91|0.71|0.76|1.00|0.88|0.86|0.56|0.83|0.85|0.51|0.74|0.70|0.82,Economics,2025-11-02T11:58:25Z
IT000099,University of Messina,Brazil,Italy,Other,23,C1,71,0.92,High,Other,0.53,0,0.5,LanguageMentor,1,0.90|1.00|0.69|0.91|0.72|0.41|0.75|0.64|0.65|0.70|0.48|0.67|0.65|0.62|0.75|0.89|0.79|0.59|0.74|0.73|0.85|0.62|0.85|0.42|0.69|0.76|0.78|0.60|0.57|0.77|0.90|0.66,Logistics,2025-11-02T11:58:25Z
IT000100,Politecnico di Torino,Ukraine,Italy,Female,18,A2,79.1,0.8,Medium,Married,0.13,0,0.1,BuddyProgram,0,0.64|0.87|0.93|0.80|0.76|0.64|0.46|0.55|0.75|0.59|0.76|0.55|0.81|0.96|0.74|0.86|0.84|0.93|0.74|0.88|0.50|0.86|0.84|0.79|0.52|0.80|0.76|0.89|0.70|0.61|0.60|0.62,Psychology,2025-11-02T11:58:25Z
IT000101,Politecnico di Torino,Spain,Italy,Female,28,C2,68.8,0.84,High,Other,0.1,0,0.1,BuddyProgram,1,0.89|0.72|0.68|0.60|0.78|0.56|0.60|0.90|0.67|0.58|0.75|0.77|0.73|0.69|0.70|0.82|0.84|0.89|0.66|0.78|0.55|0.89|0.49|0.72|0.90|0.81|0.77|0.86|1.00|0.83|0.82|0.77,Data Science,2025-11-02T11:58:25Z
IT000102,University of Messina,USA,Italy,Female,22,C1,64.3,0.89,Low,Married,0.28,1,0.3,LanguageMentor,0,0.81|0.81|0.82|0.71|0.88|0.75|0.93|0.76|0.58|0.95|0.54|0.61|0.67|0.64|0.69|0.56|0.67|0.61|0.75|0.77|0.64|0.77|0.43|0.58|0.86|0.75|0.57|0.98|0.89|0.61|0.72|0.71,Data Science,2025-11-02T11:58:25Z
IT000103,Politecnico di Torino,Italy,Italy,Other,23,C1,66.2,0.88,High,Married,0.21,1,0.1,None,0,0.99|0.60|0.95|0.65|0.78|0.67|0.84|0.84|0.69|0.87|0.68|0.42|0.56|0.86|0.65|0.71|0.66|0.69|0.82|0.57|0.94|0.48|0.69|0.74|0.75|0.89|0.74|0.65|0.87|0.77|0.65|1.00,Business,2025-11-02T11:58:25Z
IT000104,Politecnico di Torino,Brazil,Italy,Male,20,B2,81.6,0.93,Low,Single,0.53,1,0.5,None,0,0.85|0.65|0.73|0.66|0.84|0.81|0.79|0.57|0.66|0.83|0.62|0.78|0.62|0.73|0.83|0.81|0.83|0.87|0.85|0.70|0.46|0.66|0.72|0.67|0.81|0.75|0.56|0.78|0.81|0.77|0.87|0.65,English Philology,2025-11-02T11:58:25Z
IT000105,University of Messina,Sri Lanka,Italy,Prefer not to say,29,B1,80.9,0.96,Medium,Other,0.46,0,0.6,None,1,0.84|0.78|0.84|0.78|0.87|0.72|0.51|0.74|0.70|0.74|0.56|0.85|0.51|0.72|0.81|0.69|0.67|0.59|0.77|0.72|0.74|0.92|0.61|0.95|0.84|0.92|0.62|0.85|1.00|0.81|0.66|0.73,Engineering,2025-11-02T11:58:25Z
IT000106,Politecnico di Torino,Latvia,Italy,Other,24,B1,61.9,0.83,Low,Single,0.11,0,0.1,BuddyProgram,1,0.65|0.78|0.66|0.78|0.59|0.74|0.68|0.58|0.71|0.82|0.91|0.57|0.69|0.94|0.89|0.65|0.75|0.74|0.79|1.00|0.73|0.90|0.96|0.81|0.81|0.37|0.60|0.97|0.71|0.82|0.79|0.74,Logistics,2025-11-02T11:58:25Z
IT000107,University of Messina,Ukraine,Italy,Prefer not to say,26,A2,63.5,0.98,Low,Single,0.25,0,0.1,None,1,0.72|0.55|0.84|0.94|0.80|0.83|0.79|0.75|0.60|0.62|0.83|0.68|0.61|0.71|0.65|0.77|0.73|0.84|0.79|0.60|0.80|0.69|0.74|0.72|0.65|0.75|0.67|0.53|0.98|0.78|0.58|0.64,Engineering,2025-11-02T11:58:25Z
IT000108,University of Messina,India,Italy,Female,25,B2,47.2,0.92,Medium,Single,0.51,0,0.6,None,1,0.70|0.65|0.69|0.61|0.70|0.98|0.84|0.61|0.79|0.81|0.92|0.77|0.81|0.84|0.91|0.51|0.84|0.58|0.66|0.64|0.65|0.68|0.71|0.64|0.81|0.83|0.64|0.83|0.80|0.61|0.80|0.83,English Philology,2025-11-02T11:58:25Z
IT000109,University of Messina,Sri Lanka,Italy,Male,25,B1,60.5,0.96,High,Single,0.06,0,0.6,LanguageMentor,1,0.87|0.66|0.62|0.52|0.92|0.72|0.76|0.50|0.64|0.71|0.97|0.95|0.91|0.83|0.59|0.76|0.61|0.82|0.65|0.67|0.84|0.71|0.79|0.90|0.71|0.41|0.77|0.79|0.76|0.83|0.70|0.72,Business,2025-11-02T11:58:25Z
IT000110,Politecnico di Torino,Sri Lanka,Italy,Male,20,C2,70.6,0.93,High,Other,0.1,0,0.6,BuddyProgram,1,0.87|0.63|0.75|0.71|0.67|0.80|0.70|0.73|0.78|0.92|0.72|0.85|0.57|0.79|0.96|0.78|0.97|0.55|0.91|0.80|0.58|0.71|0.82|0.94|0.79|0.97|0.66|0.86|0.94|0.76|0.92|0.54,Data Science,2025-11-02T11:58:25Z
IT000111,Politecnico di Torino,Pakistan,Italy,Female,22,A2,88.2,0.93,High,Other,0.61,0,0.6,None,1,0.66|0.69|0.69|0.76|0.83|0.53|0.61|0.67|0.74|0.62|0.54|0.93|0.62|0.49|0.54|0.64|0.64|0.58|0.36|0.38|0.34|0.52|0.61|0.62|0.61|0.81|0.55|0.97|0.83|0.79|0.63|0.62,Data Science,2025-11-02T11:58:25Z
IT000112,Politecnico di Torino,Vietnam,Italy,Other,31,A2,53.7,0.94,Medium,Married,0.41,0,0.6,None,1,0.80|0.61|0.98|0.81|0.65|0.98|0.68|0.77|0.87|0.69|0.78|0.93|0.64|0.64|0.76|0.69|0.57|0.70|0.59|0.87|0.57|0.77|0.89|0.67|1.00|0.68|0.59|0.73|0.74|0.88|0.67|0.93,Engineering,2025-11-02T11:58:25Z
IT000113,University of Messina,Pakistan,Italy,Female,24,B1,83.7,0.75,Medium,Other,0.41,0,0.6,None,0,0.69|0.66|0.47|0.63|0.79|0.82|0.78|0.56|0.91|0.79|0.74|0.72|0.45|0.54|0.81|0.73|0.59|0.72|0.77|0.55|0.81|0.70|0.76|0.83|0.81|0.63|0.72|0.70|0.65|0.78|0.84|0.88,Business,2025-11-02T11:58:25Z
IT000114,Politecnico di Torino,USA,Italy,Prefer not to say,21,C2,71.3,0.84,Low,Married,0.17,0,0.3,LanguageMentor,1,0.66|0.69|0.52|0.70|0.61|0.77|0.79|0.72|0.81|0.57|0.88|0.81|0.79|0.76|0.73|0.99|0.59|0.53|0.84|0.84|1.00|0.62|0.67|0.66|0.70|0.89|0.73|0.82|0.67|0.99|0.56|0.74,Computer Science,2025-11-02T11:58:25Z
IT000115,Politecnico di Torino,Pakistan,Italy,Male,22,B1,61.5,0.86,Medium,Married,0.25,0,0.6,Tutoring,0,0.69|0.86|0.67|1.00|0.64|0.66|0.56|0.85|0.96|0.70|0.63|0.69|0.54|0.91|1.00|0.76|0.71|0.83|0.50|0.76|0.83|0.65|0.52|0.62|1.00|0.56|0.65|0.98|0.77|0.95|0.52|0.75,Logistics,2025-11-02T11:58:25Z
IT000116,Politecnico di Torino,Brazil,Italy,Other,25,B2,83.5,0.87,Medium,Other,0.17,0,0.5,Counseling,1,0.88|0.51|0.60|0.78|0.61|0.60|0.93|0.77|0.80|0.88|0.99|0.60|0.76|0.70|0.59|0.71|0.49|0.64|0.58|0.56|0.80|0.66|1.00|0.71|0.86|0.68|0.73|0.80|0.64|0.44|0.62|0.80,Economics,2025-11-02T11:58:25Z
IT000117,University of Messina,Ukraine,Italy,Male,24,C1,63,0.9,High,Single,0.08,0,0.1,BuddyProgram,1,0.73|0.66|0.74|0.64|0.66|0.50|0.65|0.31|0.99|0.54|0.68|0.35|0.72|0.75|0.72|0.63|0.81|0.64|0.75|0.63|0.71|0.73|0.91|0.76|0.79|0.69|0.82|0.72|0.63|0.39|0.75|0.62,Psychology,2025-11-02T11:58:25Z
IT000118,Politecnico di Torino,Vietnam,Italy,Female,27,C1,73.9,0.99,Low,Married,0.5,1,0.6,None,0,0.68|0.83|0.55|0.67|0.87|0.60|0.77|0.65|0.76|0.71|0.86|0.58|0.67|0.78|0.75|0.74|0.78|0.82|0.89|0.71|0.37|0.75|0.56|0.76|0.58|0.68|0.69|0.67|0.61|0.73|0.68|0.86,Psychology,2025-11-02T11:58:25Z
IT000119,University of Messina,Spain,Italy,Prefer not to say,22,A2,67.8,0.99,Medium,Single,0.39,0,0.1,None,1,0.66|0.74|0.76|0.61|0.93|0.81|0.62|0.53|0.70|0.82|0.86|1.00|0.61|0.77|0.63|0.78|1.00|0.94|0.68|0.47|0.90|0.60|0.67|0.73|0.73|0.79|0.66|0.96|1.00|0.92|0.67|0.37,Computer Science,2025-11-02T11:58:25Z
IT000120,University of Messina,Slovakia,Italy,Prefer not to say,21,A2,59.2,0.81,High,Single,0.19,1,0.1,LanguageMentor,0,0.77|0.62|0.83|0.57|0.78|0.83|0.68|0.76|0.46|0.55|0.62|0.62|0.66|0.67|0.76|1.00|0.69|0.71|0.46|0.60|0.73|0.59|0.81|0.80|0.62|0.75|0.75|0.71|0.50|0.90|0.91|1.00,Logistics,2025-11-02T11:58:25Z
IT000121,Politecnico di Torino,Vietnam,Italy,Female,24,C1,60.3,0.91,High,Other,0.47,0,0.6,None,0,0.67|0.72|0.59|0.83|0.79|0.50|0.80|0.72|0.73|0.48|0.70|0.73|0.75|0.67|0.78|0.61|0.81|0.73|0.74|0.75|0.84|0.62|0.66|0.72|0.75|0.73|0.85|0.81|0.63|0.65|0.67|0.55,Psychology,2025-11-02T11:58:25Z
IT000122,Politecnico di Torino,USA,Italy,Other,23,B2,64.7,0.94,Medium,Married,0.36,0,0.3,None,1,0.78|0.57|0.62|0.76|0.77|0.87|0.64|0.84|0.79|0.90|0.60|0.91|0.49|0.59|0.78|0.61|0.45|0.75|0.70|0.66|0.78|0.69|0.72|0.75|0.76|0.88|0.79|0.53|0.72|0.62|0.74|0.86,English Philology,2025-11-02T11:58:25Z
IT000123,University of Messina,Brazil,Italy,Prefer not to say,28,C1,84.6,0.83,High,Married,0.24,0,0.5,BuddyProgram,1,0.72|0.60|0.71|0.76|0.71|0.69|0.66|0.79|0.87|0.99|0.66|0.75|0.96|0.68|0.69|0.65|0.59|0.81|0.73|0.75|0.68|0.81|0.68|0.74|0.60|0.73|0.81|0.53|0.59|0.79|0.69|0.60,Engineering,2025-11-02T11:58:25Z
IT000124,Politecnico di Torino,Nigeria,Italy,Male,20,A2,79.1,0.8,High,Single,0.06,0,0.7,LanguageMentor,1,0.77|0.51|0.87|0.61|0.64|0.75|0.58|0.76|0.84|0.53|0.91|0.87|0.45|0.67|0.79|0.81|0.58|0.79|0.75|0.68|0.63|0.91|0.48|0.83|0.62|0.78|0.90|1.00|0.46|0.73|0.60|0.54,Business,2025-11-02T11:58:25Z
IT000125,University of Messina,Slovakia,Italy,Other,33,B1,57,0.82,High,Single,0.3,0,0.1,Tutoring,1,0.53|0.41|0.76|0.72|0.87|0.89|0.64|0.72|0.92|0.56|0.82|0.59|0.53|0.79|0.72|0.45|0.86|0.68|0.82|0.71|0.71|0.59|0.83|0.92|0.68|0.83|0.72|0.85|0.49|0.75|0.50|0.66,Logistics,2025-11-02T11:58:25Z
IT000126,University of Messina,Vietnam,Italy,Female,21,A2,73.6,0.89,Low,Other,0.15,0,0.6,LanguageMentor,1,0.82|0.66|0.46|0.78|0.77|0.81|0.67|0.93|0.70|0.65|0.93|0.83|1.00|0.71|0.72|0.69|0.74|0.76|0.63|0.85|0.71|0.75|0.89|0.82|0.75|0.75|0.47|0.83|0.70|0.75|0.91|0.76,English Philology,2025-11-02T11:58:25Z
IT000127,Politecnico di Torino,Vietnam,Italy,Prefer not to say,21,C2,75.3,0.95,Medium,Married,0.23,0,0.6,None,1,0.65|0.53|0.74|0.71|0.55|0.96|0.80|0.77|0.91|0.75|0.82|0.58|0.76|0.52|0.86|0.63|0.84|0.91|0.73|0.55|0.81|0.71|0.68|0.68|0.86|0.70|0.82|0.56|0.62|0.88|0.51|0.62,Business,2025-11-02T11:58:25Z
IT000128,Politecnico di Torino,Nigeria,Italy,Female,25,A2,57.1,0.89,Medium,Married,0.1,0,0.7,BuddyProgram,1,0.45|0.88|0.93|0.76|0.75|0.84|0.73|0.64|0.82|0.75|0.74|0.92|0.70|0.84|0.67|0.62|0.90|0.94|0.81|0.49|0.80|0.49|0.70|0.79|0.75|0.71|0.69|0.62|0.74|0.77|0.50|0.74,Data Science,2025-11-02T11:58:25Z
IT000129,University of Messina,Ukraine,Italy,Other,26,B2,78.4,0.85,Medium,Other,0.15,1,0.1,None,0,0.49|0.66|0.81|0.66|0.52|0.75|0.77|0.56|0.77|0.74|0.94|0.80|0.68|0.79|0.70|0.64|0.63|0.70|0.52|0.70|0.62|0.63|0.75|0.80|0.73|0.68|0.61|0.62|0.57|0.98|0.73|0.53,Logistics,2025-11-02T11:58:25Z
IT000130,Politecnico di Torino,Nigeria,Italy,Male,21,C2,75.3,0.88,Medium,Other,0.31,0,0.7,LanguageMentor,1,0.60|0.82|0.53|0.85|0.74|0.91|0.54|0.59|0.66|0.56|0.57|0.68|0.56|0.65|0.69|0.89|0.83|0.67|0.88|0.73|0.82|0.85|0.75|0.71|0.77|0.66|0.78|0.76|0.69|0.98|0.57|0.76,Computer Science,2025-11-02T11:58:25Z
IT000131,Politecnico di Torino,Spain,Italy,Male,20,A2,66.1,0.75,Low,Other,0.54,0,0.1,Tutoring,1,0.60|0.65|0.62|0.63|0.89|0.59|0.91|0.46|0.69|0.71|0.82|0.75|0.59|0.42|0.77|0.83|0.81|1.00|0.78|0.70|0.78|0.93|0.67|0.86|0.77|0.55|0.63|0.72|0.80|0.76|0.93|0.60,Engineering,2025-11-02T11:58:25Z
IT000132,Politecnico di Torino,Pakistan,Italy,Male,24,C2,53.1,0.78,Medium,Married,0.51,0,0.6,Tutoring,1,0.64|0.93|0.78|0.63|0.86|0.86|0.78|0.57|0.60|0.92|0.56|0.75|0.79|0.53|0.75|0.83|0.66|0.47|0.73|0.63|0.84|0.66|0.54|0.84|0.84|0.69|0.65|0.76|0.94|0.88|0.65|1.00,Logistics,2025-11-02T11:58:25Z
IT000133,Politecnico di Torino,India,Italy,Other,23,B1,63.9,0.78,Medium,Single,0.51,0,0.6,None,1,0.95|0.73|0.73|0.61|0.80|0.73|0.89|0.64|0.80|0.62|0.64|0.85|0.78|0.61|0.79|0.71|0.80|0.81|0.63|0.80|0.93|0.90|0.86|0.65|0.70|0.62|0.70|0.72|0.73|0.62|0.88|0.75,Logistics,2025-11-02T11:58:25Z
IT000134,Politecnico di Torino,Nigeria,Italy,Male,23,A2,75.1,0.73,Medium,Other,0.28,0,0.7,LanguageMentor,0,0.70|0.83|0.48|0.73|0.85|0.52|0.90|0.79|0.74|0.64|0.53|0.59|0.34|0.82|0.82|0.72|0.68|0.69|0.74|0.96|0.79|0.71|0.69|0.57|0.55|0.71|0.74|0.75|0.66|0.81|0.98|0.99,Engineering,2025-11-02T11:58:25Z
IT000135,University of Messina,USA,Italy,Prefer not to say,25,C1,81.6,0.79,Medium,Single,0.31,0,0.3,None,1,0.82|0.71|0.49|0.77|0.76|0.68|0.91|0.60|0.75|0.87|0.74|0.68|0.80|0.89|0.60|0.78|0.78|0.66|0.82|0.59|0.77|0.44|0.65|0.52|0.69|0.77|0.97|0.97|0.72|0.90|0.64|0.53,Psychology,2025-11-02T11:58:25Z
IT000136,Politecnico di Torino,Bangladesh,Italy,Prefer not to say,27,B2,72,0.86,Medium,Single,0.12,1,0.6,LanguageMentor,0,0.63|0.51|0.62|0.82|0.67|0.62|0.65|0.79|0.78|0.83|0.87|0.94|0.73|0.71|0.75|0.53|0.62|0.81|0.76|0.70|0.65|0.69|0.75|0.54|0.67|0.93|0.68|0.51|0.55|0.58|0.79|0.65,Psychology,2025-11-02T11:58:25Z
IT000137,Politecnico di Torino,Spain,Italy,Other,23,B2,87.3,1,High,Married,0.4,0,0.1,None,1,0.89|0.75|0.66|0.70|0.88|0.69|0.80|0.73|0.84|0.90|0.60|0.72|0.81|0.53|0.73|0.67|0.63|0.77|0.64|0.67|0.80|0.89|0.66|0.70|0.64|0.71|0.85|0.68|0.71|0.76|0.68|0.76,Data Science,2025-11-02T11:58:25Z
IT000138,University of Messina,Latvia,Italy,Male,20,B1,72.9,0.83,Low,Single,0.12,1,0.1,None,0,0.47|0.79|0.65|0.61|0.81|0.58|0.80|0.69|0.91|0.84|0.79|0.56|0.76|0.64|0.72|0.85|0.92|0.74|0.51|0.76|0.55|0.53|0.86|0.65|1.00|0.82|0.77|0.73|0.55|0.82|0.91|0.89,Economics,2025-11-02T11:58:25Z
IT000139,Politecnico di Torino,Vietnam,Italy,Male,25,C1,80.9,0.88,High,Married,0.15,0,0.6,None,1,0.60|0.71|0.60|0.76|0.92|0.58|0.83|0.64|0.79|0.81|0.55|0.65|0.64|0.74|0.59|0.62|0.45|0.76|0.60|0.80|0.76|0.82|0.66|0.72|0.72|1.00|0.65|0.83|0.69|0.70|0.93|0.62,Data Science,2025-11-02T11:58:25Z
IT000140,Politecnico di Torino,Sri Lanka,Italy,Prefer not to say,24,B1,78,0.87,Low,Single,0.14,0,0.6,BuddyProgram,1,0.66|0.71|0.50|0.67|0.71|0.72|0.63|0.66|0.74|0.60|0.71|0.71|0.78|0.66|0.77|0.82|0.55|0.59|0.87|0.60|0.63|0.84|0.65|0.83|0.94|0.87|0.82|0.69|0.84|0.70|0.80|0.83,Business,2025-11-02T11:58:25Z
IT000141,University of Messina,Bangladesh,Italy,Female,23,C1,63.4,0.9,High,Other,0.31,0,0.6,LanguageMentor,1,0.45|0.73|0.58|0.64|0.79|0.67|0.93|0.75|0.80|0.62|0.81|0.70|0.92|0.74|0.63|0.56|0.67|0.70|0.84|0.96|0.84|0.72|0.72|0.55|0.81|0.98|0.55|0.63|0.47|0.84|0.83|0.80,Economics,2025-11-02T11:58:25Z
IT000142,University of Messina,Pakistan,Italy,Male,22,C2,71.8,0.8,Medium,Other,0.36,0,0.6,Counseling,1,0.80|1.00|0.66|0.79|0.69|0.64|0.80|0.82|0.64|0.83|0.76|0.67|0.87|0.74|0.59|0.66|0.85|0.86|0.60|0.73|0.53|0.87|0.86|1.00|0.64|0.82|0.76|0.68|0.60|0.68|0.95|0.49,Data Science,2025-11-02T11:58:25Z
IT000143,University of Messina,Pakistan,Italy,Female,22,A2,80.2,0.87,Low,Single,0.17,1,0.6,Tutoring,0,0.79|0.34|0.57|0.73|0.93|0.80|0.71|0.78|0.80|1.00|0.86|0.71|0.72|0.65|0.89|0.61|0.60|0.72|0.65|0.86|0.82|0.60|0.55|0.95|1.00|0.89|0.84|0.70|0.56|1.00|0.81|0.85,Business,2025-11-02T11:58:25Z
IT000144,Politecnico di Torino,Latvia,Italy,Female,26,A2,79.9,0.86,Medium,Other,0.61,1,0.1,LanguageMentor,0,0.82|0.77|0.84|0.70|0.55|0.72|0.69|0.41|0.52|0.58|0.76|0.47|0.68|0.72|0.57|0.52|0.44|0.73|0.65|0.40|0.41|0.49|0.63|0.69|0.60|0.81|0.77|0.69|0.78|0.73|0.66|0.75,Psychology,2025-11-02T11:58:25Z
IT000145,Politecnico di Torino,Bangladesh,Italy,Other,21,B1,59,0.75,High,Single,0.25,0,0.6,None,0,0.71|0.70|0.91|0.61|0.76|0.81|0.74|0.75|0.75|0.73|1.00|0.57|0.86|0.90|0.70|0.74|0.68|1.00|0.85|0.93|0.76|0.83|0.71|0.55|0.62|0.51|0.62|0.90|0.89|0.86|0.84|0.45,Data Science,2025-11-02T11:58:25Z
IT000146,University of Messina,Brazil,Italy,Female,21,B1,77,0.92,Medium,Married,0.46,1,0.5,None,0,0.89|0.84|0.73|0.83|0.74|0.74|0.47|0.70|0.79|0.73|0.90|0.54|0.65|0.71|0.92|0.71|0.83|0.70|0.80|0.88|0.58|0.71|0.69|0.74|0.76|0.84|0.65|0.70|0.70|0.85|0.61|0.79,Data Science,2025-11-02T11:58:25Z
IT000147,University of Messina,Nigeria,Italy,Female,23,C1,70.7,0.84,High,Single,0.09,0,0.7,None,1,0.75|0.95|0.69|0.57|0.97|0.67|0.97|0.63|0.82|0.55|0.87|0.64|0.81|0.77|0.91|0.68|0.83|0.63|0.93|0.69|0.56|0.59|0.63|0.85|0.70|0.67|0.83|0.69|0.66|0.84|0.74|0.57,Economics,2025-11-02T11:58:25Z
IT000148,Politecnico di Torino,Spain,Italy,Other,25,A2,75.1,0.9,Low,Other,0.49,1,0.1,LanguageMentor,0,0.72|0.59|0.59|0.78|0.48|0.49|0.69|0.69|0.82|0.79|0.88|0.63|0.85|0.59|0.46|0.67|0.63|0.66|0.73|0.74|0.92|0.67|0.80|0.99|0.78|0.71|0.72|0.53|0.60|0.70|0.68|0.68,English Philology,2025-11-02T11:58:25Z
IT000149,Politecnico di Torino,Ukraine,Italy,Female,25,A2,65.3,0.94,Medium,Single,0.48,0,0.1,BuddyProgram,1,0.64|0.80|0.74|0.69|0.79|0.90|0.72|0.90|0.44|0.81|0.74|0.68|0.65|0.92|0.82|0.81|0.52|0.78|0.52|0.70|0.57|0.91|0.78|0.71|0.91|0.59|0.64|0.69|0.80|0.70|0.65|0.86,English Philology,2025-11-02T11:58:25Z
IT000150,Politecnico di Torino,Vietnam,Italy,Prefer not to say,29,B2,77.2,0.82,High,Single,0.49,0,0.6,LanguageMentor,0,0.62|0.59|0.95|0.53|0.66|0.71|0.75|0.70|0.58|0.80|0.62|0.67|0.84|0.60|0.78|0.74|0.74|0.72|0.76|0.60|0.72|0.41|0.70|0.81|0.66|0.52|0.90|0.87|0.66|0.49|0.82|0.79,Data Science,2025-11-02T11:58:25Z
IT000151,Politecnico di Torino,Vietnam,Italy,Male,23,C1,86.5,1,High,Married,0.38,0,0.6,LanguageMentor,1,0.69|0.62|0.92|0.89|0.67|0.65|0.73|0.83|0.70|0.65|0.74|0.55|1.00|0.85|0.94|1.00|0.74|0.66|0.70|0.66|0.98|0.94|0.74|0.82|0.78|0.57|0.62|0.73|0.69|0.68|0.62|0.71,Computer Science,2025-11-02T11:58:25Z
IT000152,Politecnico di Torino,Brazil,Italy,Female,24,A2,81.1,0.97,High,Single,0.36,0,0.5,LanguageMentor,1,0.83|0.71|0.72|0.65|0.69|0.61|0.69|0.58|0.60|0.48|0.61|0.63|0.76|0.80|0.92|0.73|0.71|0.73|0.69|0.71|0.87|0.81|0.65|0.82|0.74|0.55|0.55|0.93|0.74|0.50|0.82|0.70,Business,2025-11-02T11:58:25Z
IT000153,University of Messina,Bangladesh,Italy,Male,28,A2,72.1,0.86,Low,Single,0.18,0,0.6,BuddyProgram,0,0.83|0.42|0.68|0.59|0.67|0.92|0.79|0.86|0.87|0.97|1.00|0.73|0.81|0.63|0.71|0.92|0.71|0.56|0.61|0.73|0.80|0.64|0.64|0.76|0.89|0.50|0.76|0.77|0.69|0.76|0.88|0.50,Logistics,2025-11-02T11:58:25Z
IT000154,Politecnico di Torino,India,Italy,Female,25,A2,82,0.88,Medium,Other,0.39,0,0.6,BuddyProgram,0,0.86|0.73|0.57|1.00|0.70|0.75|0.71|0.83|0.87|0.83|0.70|0.80|0.81|0.82|0.64|1.00|0.83|0.71|0.69|0.84|0.68|0.83|0.89|0.65|0.65|0.68|0.73|0.74|0.78|0.91|0.51|0.63,English Philology,2025-11-02T11:58:25Z
IT000155,Politecnico di Torino,Latvia,Italy,Male,22,B1,77.6,0.85,Medium,Married,0.5,1,0.1,Tutoring,0,0.68|0.36|0.72|0.66|0.65|0.45|0.79|0.72|0.67|0.69|0.74|0.93|0.78|0.47|1.00|0.74|0.66|0.94|1.00|0.72|0.69|0.54|0.63|0.75|0.78|0.57|0.96|0.46|0.75|0.64|0.52|1.00,Engineering,2025-11-02T11:58:25Z
IT000156,University of Messina,Nigeria,Italy,Male,28,B1,80.4,0.88,Medium,Other,0.25,1,0.7,LanguageMentor,0,0.39|0.69|0.67|0.70|0.58|0.99|0.72|0.86|0.67|0.81|0.86|0.63|0.79|0.83|0.82|0.56|0.78|0.73|0.86|0.82|0.72|0.76|0.54|0.70|0.72|0.65|0.72|0.71|0.55|0.72|0.66|0.58,Engineering,2025-11-02T11:58:25Z
IT000157,University of Messina,Spain,Italy,Other,22,B2,59.7,0.91,Medium,Single,0.4,0,0.1,LanguageMentor,1,0.62|0.88|0.69|0.70|0.81|0.69|0.89|0.85|0.61|0.92|0.78|1.00|0.64|0.60|0.77|0.77|0.54|0.66|0.80|0.80|0.57|1.00|0.66|0.86|0.47|0.62|0.85|0.87|0.62|0.53|0.58|0.51,English Philology,2025-11-02T11:58:25Z
IT000158,University of Messina,Bangladesh,Italy,Male,22,C1,81.2,0.94,Low,Married,0.01,0,0.6,LanguageMentor,1,0.79|0.83|0.71|0.65|0.84|0.63|0.63|0.94|0.50|0.81|1.00|0.73|0.69|1.00|0.73|0.66|0.84|0.79|0.58|0.63|0.95|0.84|0.68|0.67|0.76|0.82|0.56|0.60|0.69|0.71|0.65|0.82,Engineering,2025-11-02T11:58:25Z
IT000159,Politecnico di Torino,Italy,Italy,Male,21,A2,76.4,0.87,High,Married,0.26,0,0.1,None,1,0.77|0.56|0.80|0.87|0.79|0.76|0.86|0.92|0.59|0.69|0.63|0.59|0.62|0.59|0.76|0.80|0.60|0.85|1.00|0.73|0.81|0.72|0.80|0.67|0.61|0.67|0.47|1.00|0.94|0.76|0.85|0.73,Psychology,2025-11-02T11:58:25Z
IT000160,Politecnico di Torino,Spain,Italy,Female,24,C2,71,0.95,High,Other,0.08,0,0.1,BuddyProgram,1,0.71|0.73|0.81|0.65|0.63|0.91|0.88|0.61|0.85|0.65|0.85|0.80|0.84|0.84|0.84|0.53|0.68|0.95|0.85|0.82|0.76|0.78|0.64|0.62|0.65|0.62|0.63|0.88|0.75|0.69|0.79|0.64,Psychology,2025-11-02T11:58:25Z
IT000161,University of Messina,Sri Lanka,Italy,Female,20,B1,68.6,0.91,Medium,Single,0.05,1,0.6,None,0,0.68|0.92|0.84|0.67|0.58|0.82|0.81|0.66|0.71|0.69|1.00|0.62|0.93|0.91|0.77|0.78|0.83|0.60|0.73|0.72|0.73|0.60|0.87|0.73|0.63|0.80|0.80|0.64|0.59|0.80|0.71|0.66,English Philology,2025-11-02T11:58:25Z
IT000162,University of Messina,Vietnam,Italy,Other,25,C1,76.7,0.96,Medium,Other,0.39,1,0.6,BuddyProgram,0,0.94|0.62|0.70|0.64|0.88|0.56|0.72|0.82|0.63|0.65|0.70|0.73|0.63|0.72|0.78|0.59|0.48|0.77|0.76|0.62|0.87|0.49|0.53|0.66|0.72|0.76|0.62|0.70|0.62|0.67|0.67|0.61,Engineering,2025-11-02T11:58:25Z
IT000163,Politecnico di Torino,Sri Lanka,Italy,Other,24,B1,76.8,0.96,Medium,Other,0.42,1,0.6,BuddyProgram,0,0.52|0.61|0.67|0.78|0.87|0.92|0.72|0.95|0.65|0.52|0.76|0.83|0.64|0.59|0.76|0.58|0.69|0.68|0.78|0.60|0.39|0.74|0.93|0.59|0.95|0.81|0.90|0.52|0.67|0.55|0.78|0.90,Business,2025-11-02T11:58:25Z
IT000164,University of Messina,Italy,Italy,Prefer not to say,26,B1,78,0.9,Medium,Other,0.51,0,0.1,BuddyProgram,0,0.92|0.95|0.75|0.80|0.89|0.63|0.89|0.58|0.66|0.91|0.77|0.73|0.89|0.87|0.52|0.62|0.69|0.85|0.79|0.87|0.64|0.81|0.40|0.64|0.84|0.68|0.72|0.89|0.66|0.96|0.70|0.64,Business,2025-11-02T11:58:25Z
IT000165,University of Messina,Nigeria,Italy,Prefer not to say,25,A2,82.5,0.96,Medium,Other,0.14,0,0.7,Counseling,1,0.80|0.73|0.68|0.90|0.60|0.57|0.70|0.74|0.68|0.53|0.65|0.67|0.67|0.77|0.70|0.68|0.57|0.36|0.70|0.80|0.74|0.76|0.66|0.70|0.86|0.76|0.53|0.77|0.82|0.81|0.69|0.82,Data Science,2025-11-02T11:58:25Z
IT000166,University of Messina,Italy,Italy,Male,23,C2,55.7,0.92,High,Other,0.21,0,0.1,LanguageMentor,1,0.64|0.89|0.89|0.57|0.72|1.00|0.52|0.87|0.95|0.85|1.00|0.56|0.88|0.56|0.74|0.84|0.72|0.64|0.64|0.67|0.50|0.87|0.71|0.78|0.90|0.63|0.60|0.57|0.73|0.84|0.87|0.61,Engineering,2025-11-02T11:58:25Z
IT000167,Politecnico di Torino,Pakistan,Italy,Male,25,B1,67.6,1,High,Single,0.11,0,0.6,None,1,0.70|0.70|0.48|0.77|0.58|1.00|0.68|0.78|0.69|0.69|0.84|0.51|0.75|0.67|0.74|0.94|0.53|0.90|0.57|0.83|0.84|0.87|0.77|0.79|0.65|0.84|0.82|0.79|0.55|0.70|0.81|0.61,Computer Science,2025-11-02T11:58:25Z
IT000168,University of Messina,Ukraine,Italy,Male,22,B1,83.3,0.96,Low,Other,0.26,0,0.1,BuddyProgram,1,0.76|0.86|0.84|0.78|0.66|0.97|0.69|0.77|0.56|0.85|0.77|0.85|0.90|0.70|0.78|0.78|0.90|0.54|0.51|0.83|0.71|0.68|0.91|0.65|0.81|0.73|0.71|0.64|0.69|0.68|0.64|0.82,Logistics,2025-11-02T11:58:25Z
IT000169,University of Messina,Italy,Italy,Prefer not to say,25,C1,69.1,0.91,High,Married,0.36,0,0.1,Tutoring,0,0.76|0.75|1.00|0.53|0.92|0.79|0.75|0.84|0.71|0.53|0.63|0.77|0.78|0.45|0.86|0.72|0.63|0.96|0.66|0.89|0.84|0.52|0.86|0.88|0.57|0.85|0.57|0.83|0.75|0.89|0.65|0.96,Business,2025-11-02T11:58:25Z
IT000170,University of Messina,Latvia,Italy,Female,19,B1,74.4,0.81,High,Single,0.14,0,0.1,Tutoring,1,1.00|0.59|0.78|0.83|0.90|0.65|0.52|0.74|0.60|0.86|0.83|0.51|0.60|0.82|0.51|0.68|0.33|0.69|0.69|0.81|0.83|0.60|0.70|0.90|0.88|0.74|0.63|0.80|0.69|0.65|0.43|0.61,English Philology,2025-11-02T11:58:25Z
IT000171,University of Messina,Slovakia,Italy,Other,25,A2,65.3,0.81,Low,Single,0.11,0,0.1,LanguageMentor,1,0.74|0.84|0.73|0.59|0.63|0.90|0.43|0.66|0.75|0.87|0.88|0.72|0.59|0.49|0.85|0.75|0.45|0.83|0.82|0.75|0.72|0.70|0.52|0.79|0.84|0.73|0.71|0.81|0.72|0.92|0.77|0.97,Logistics,2025-11-02T11:58:25Z
IT000172,University of Messina,Pakistan,Italy,Female,25,B2,77.2,0.74,Medium,Other,0.07,0,0.6,BuddyProgram,0,0.67|0.74|0.63|0.54|0.84|0.65|0.72|0.85|0.80|0.63|0.95|0.63|0.90|0.97|0.61|0.75|0.81|0.60|0.59|0.63|0.95|0.79|1.00|0.79|0.68|0.80|0.63|0.60|0.61|0.85|0.86|0.69,Engineering,2025-11-02T11:58:25Z
IT000173,University of Messina,Sri Lanka,Italy,Male,30,C1,61.5,0.8,Medium,Single,0.2,0,0.6,None,1,0.85|0.60|0.70|0.78|0.82|0.43|0.71|0.72|0.76|0.48|0.66|0.82|0.78|0.76|0.48|0.35|0.56|0.46|0.55|0.83|0.72|0.69|0.96|0.88|0.95|0.49|0.70|0.60|0.63|0.60|1.00|0.64,English Philology,2025-11-02T11:58:25Z
IT000174,Politecnico di Torino,India,Italy,Other,24,C1,76.1,0.76,Medium,Married,0.09,0,0.6,Tutoring,1,0.52|0.62|0.79|0.91|0.58|0.77|0.68|0.75|0.72|0.66|0.66|0.76|0.54|0.57|0.89|0.66|0.76|0.83|0.48|0.95|0.55|0.51|0.89|0.62|0.63|0.59|0.81|0.90|1.00|0.60|0.87|0.86,Economics,2025-11-02T11:58:25Z
IT000175,University of Messina,Italy,Italy,Male,23,B2,72.6,0.93,Low,Single,0.49,0,0.1,Tutoring,1,0.62|0.81|0.89|0.56|0.43|0.65|0.54|0.81|0.63|0.87|1.00|1.00|0.41|0.59|0.78|0.77|0.71|1.00|0.64|0.67|0.83|0.61|0.84|0.82|0.50|0.75|0.66|0.77|0.68|0.67|0.78|0.50,Logistics,2025-11-02T11:58:25Z
IT000176,Politecnico di Torino,Bangladesh,Italy,Other,23,B1,79.8,0.87,High,Other,0.38,0,0.6,LanguageMentor,0,0.58|0.62|0.89|0.56|0.56|0.52|0.67|1.00|0.57|0.61|0.81|0.69|0.96|0.54|0.60|0.75|0.78|0.82|0.34|0.83|0.84|0.69|0.67|0.94|0.65|0.60|0.70|0.62|0.57|1.00|0.91|0.70,Logistics,2025-11-02T11:58:25Z
IT000177,Politecnico di Torino,Slovakia,Italy,Prefer not to say,25,B1,55.6,1,Low,Other,0.2,0,0.1,LanguageMentor,1,0.67|0.61|0.74|0.81|0.90|0.63|0.67|0.85|0.70|0.78|0.63|0.77|0.47|0.58|0.58|0.68|0.53|0.69|1.00|0.44|0.95|0.65|0.79|0.73|0.65|0.49|0.57|0.59|0.64|0.79|0.82|0.63,Economics,2025-11-02T11:58:25Z
IT000178,Politecnico di Torino,Latvia,Italy,Other,21,C1,66.7,0.84,High,Single,0.15,0,0.1,Tutoring,1,0.76|0.61|0.70|0.64|0.72|0.61|0.63|0.82|0.59|0.67|0.57|0.55|0.74|0.75|0.63|0.79|0.89|0.72|0.63|0.85|0.52|0.49|0.70|0.62|0.67|0.72|1.00|0.71|0.91|0.79|0.68|0.88,Logistics,2025-11-02T11:58:25Z
IT000179,University of Messina,Vietnam,Italy,Male,28,C2,76.7,0.98,Low,Married,0.42,0,0.6,None,0,0.68|0.75|0.85|0.71|0.77|0.77|0.59|0.81|0.81|0.54|0.71|0.63|0.87|0.60|0.57|0.90|0.79|0.77|1.00|0.81|0.73|0.53|0.50|0.72|0.82|0.63|0.71|0.91|0.73|0.73|0.44|0.58,Data Science,2025-11-02T11:58:25Z
IT000180,Politecnico di Torino,Ukraine,Italy,Female,31,C2,71.3,0.88,High,Married,0.24,0,0.1,Tutoring,0,0.63|0.96|0.83|0.76|0.91|0.71|0.49|0.65|0.77|0.64|0.83|0.86|0.79|0.66|0.64|0.74|0.70|0.63|0.60|0.66|0.81|0.69|0.81|0.93|0.75|0.80|0.90|0.76|0.75|0.62|0.88|0.81,Data Science,2025-11-02T11:58:25Z
IT000181,University of Messina,Brazil,Italy,Female,24,C2,77.8,0.92,Low,Other,0.4,0,0.5,None,1,0.74|0.63|0.76|0.77|0.78|0.89|0.85|1.00|0.57|0.59|0.72|0.51|0.55|0.62|0.50|0.92|0.82|0.73|0.66|0.71|0.71|1.00|0.76|0.71|0.78|0.67|0.95|0.72|0.65|0.64|0.61|0.85,Computer Science,2025-11-02T11:58:25Z
IT000182,University of Messina,Latvia,Italy,Prefer not to say,18,C1,84,0.9,High,Married,0.35,0,0.1,BuddyProgram,1,0.72|0.87|0.57|0.62|0.69|0.73|0.85|0.68|0.62|0.97|0.71|0.72|0.75|0.63|0.66|0.93|0.61|0.59|0.69|0.67|0.70|0.72|0.64|0.70|0.86|0.89|0.73|0.71|0.84|0.83|0.91|0.72,English Philology,2025-11-02T11:58:25Z
IT000183,University of Messina,Spain,Italy,Male,20,B2,76.9,0.96,Low,Single,0.11,0,0.1,Tutoring,1,0.59|0.83|0.81|0.70|0.87|0.74|0.62|0.43|0.93|0.81|0.59|0.72|0.70|0.56|0.65|1.00|0.67|0.51|0.84|0.73|0.90|0.93|0.43|0.73|0.48|0.81|0.68|0.92|0.73|0.56|0.70|0.85,Logistics,2025-11-02T11:58:25Z
IT000184,Politecnico di Torino,Nigeria,Italy,Other,21,B2,68.1,0.87,Low,Married,0.42,1,0.7,None,0,0.50|0.63|0.74|0.77|0.79|0.65|0.69|0.71|0.57|0.75|0.73|0.52|0.74|0.72|0.63|0.80|0.65|0.61|0.64|0.64|0.81|0.96|0.71|0.62|0.86|0.62|0.79|0.79|0.35|0.77|1.00|1.00,Logistics,2025-11-02T11:58:25Z
IT000185,University of Messina,Slovakia,Italy,Female,22,B2,76.3,0.89,Low,Single,0.13,0,0.1,None,1,0.72|0.65|0.77|0.70|0.59|0.76|0.69|0.65|0.80|0.68|0.81|0.76|0.86|0.73|0.67|0.95|0.58|0.83|0.65|0.92|0.68|0.68|0.70|0.95|0.69|0.92|0.59|0.63|0.76|0.94|0.78|0.68,Data Science,2025-11-02T11:58:25Z
IT000186,Politecnico di Torino,Ukraine,Italy,Male,21,B2,63,0.82,High,Other,0.11,0,0.1,LanguageMentor,1,0.79|0.86|0.62|0.79|0.86|0.68|0.67|0.62|0.59|0.76|0.83|0.85|0.54|0.78|0.80|0.75|0.64|0.86|0.82|0.76|0.58|0.79|0.75|0.69|0.77|0.96|0.55|0.75|0.77|0.80|0.67|0.70,Economics,2025-11-02T11:58:25Z
IT000187,Politecnico di Torino,India,Italy,Male,25,B2,73.8,0.8,Medium,Married,0.48,1,0.6,None,0,0.78|1.00|0.82|0.47|0.83|0.60|0.78|0.87|0.82|0.68|0.68|0.67|0.81|0.60|0.79|0.58|0.79|0.62|0.68|0.71|0.94|0.88|0.68|0.87|0.71|0.66|1.00|0.76|0.82|0.84|0.69|0.57,Computer Science,2025-11-02T11:58:25Z
IT000188,Politecnico di Torino,Spain,Italy,Male,26,B1,74.2,0.97,High,Single,0.15,0,0.1,None,0,0.67|0.78|0.97|0.75|0.76|0.65|0.64|0.68|0.74|0.75|0.44|0.65|0.67|0.68|0.63|0.74|0.52|0.69|0.75|0.82|0.76|0.57|0.66|0.94|0.62|0.90|0.58|0.76|0.80|0.57|0.97|0.65,Psychology,2025-11-02T11:58:25Z
IT000189,Politecnico di Torino,Brazil,Italy,Other,26,B1,59.6,0.9,Medium,Single,0.33,0,0.5,LanguageMentor,0,0.68|0.59|0.63|0.94|0.68|0.99|1.00|0.84|0.60|0.71|0.65|0.66|0.72|0.64|0.85|0.67|0.81|0.63|0.80|0.64|0.67|0.68|0.62|0.96|0.88|0.93|0.60|0.61|0.61|0.78|0.60|0.74,English Philology,2025-11-02T11:58:25Z
IT000190,University of Messina,India,Italy,Male,25,C2,74.7,0.89,Medium,Married,0.26,0,0.6,BuddyProgram,1,0.74|0.76|0.71|0.79|0.84|0.71|0.85|0.69|0.81|0.60|0.77|0.71|0.55|0.88|0.82|0.57|0.73|0.79|0.62|0.66|0.85|0.86|1.00|0.82|0.69|0.78|0.75|0.81|0.71|0.74|0.82|0.90,Business,2025-11-02T11:58:25Z
IT000191,Politecnico di Torino,Brazil,Italy,Other,25,A2,77.1,0.89,Low,Other,0.56,0,0.5,Tutoring,1,0.88|0.61|0.75|0.99|0.77|0.95|0.87|0.85|0.61|0.58|0.75|0.85|0.90|0.64|0.73|0.75|0.67|0.84|0.78|0.68|0.89|0.99|0.65|0.78|0.78|0.72|0.76|0.68|0.75|0.73|0.82|0.58,Engineering,2025-11-02T11:58:25Z
IT000192,Politecnico di Torino,Brazil,Italy,Other,22,B1,85.3,0.89,High,Married,0.18,0,0.5,BuddyProgram,1,0.70|0.92|0.62|0.50|0.63|0.63|0.64|0.99|0.57|0.68|0.91|0.69|0.72|0.76|0.81|0.58|0.72|1.00|0.68|0.95|0.95|0.62|0.88|0.91|0.82|0.62|0.67|0.81|0.80|0.96|0.59|0.88,Engineering,2025-11-02T11:58:25Z
IT000193,Politecnico di Torino,Brazil,Italy,Prefer not to say,23,B1,86.4,0.97,Medium,Other,0.32,1,0.5,Counseling,0,0.95|0.99|0.66|0.77|0.79|0.75|0.71|0.65|0.79|0.54|0.76|0.67|0.58|0.57|0.80|0.73|0.93|0.76|0.67|0.69|0.51|0.74|0.89|0.81|0.89|0.85|0.79|0.55|0.71|1.00|0.90|0.24,Logistics,2025-11-02T11:58:25Z
IT000194,University of Messina,India,Italy,Prefer not to say,20,A2,82.6,0.94,Medium,Single,0.08,0,0.6,Tutoring,1,0.51|0.78|0.67|0.62|0.55|0.64|0.55|0.73|0.86|0.73|0.80|0.83|0.91|0.33|0.79|0.73|0.79|0.56|0.59|0.60|0.83|0.90|0.79|0.68|0.65|0.50|0.85|0.75|0.98|0.60|0.88|0.78,Engineering,2025-11-02T11:58:25Z
IT000195,University of Messina,Sri Lanka,Italy,Male,25,B2,67.4,0.81,High,Other,0.35,0,0.6,LanguageMentor,1,0.77|0.93|0.78|0.94|0.92|0.66|0.77|0.70|0.64|0.67|0.72|0.50|0.88|0.83|0.60|0.81|0.82|0.85|0.79|0.75|0.87|0.78|1.00|0.68|0.75|0.87|0.59|0.65|0.63|0.55|0.57|0.82,Computer Science,2025-11-02T11:58:25Z
IT000196,University of Messina,Bangladesh,Italy,Female,21,A2,78.3,1,Medium,Married,0.19,0,0.6,None,1,0.80|0.52|0.78|0.73|0.97|0.61|0.83|0.97|0.85|0.78|0.71|0.71|1.00|0.42|0.66|0.57|0.58|0.91|0.58|0.55|0.67|0.93|0.68|0.63|0.86|0.49|0.87|0.68|0.95|0.86|0.83|0.79,Logistics,2025-11-02T11:58:25Z
IT000197,Politecnico di Torino,Bangladesh,Italy,Other,28,C1,74.3,0.82,High,Single,0.43,0,0.6,Tutoring,1,0.78|0.40|0.72|0.71|0.42|0.77|0.62|0.79|0.78|0.69|0.62|0.61|0.84|0.79|0.84|0.53|0.86|0.88|0.75|0.96|0.83|0.84|0.65|0.95|0.72|0.70|0.60|0.73|0.87|0.81|0.94|0.66,English Philology,2025-11-02T11:58:25Z
IT000198,University of Messina,Brazil,Italy,Male,22,A2,57.8,0.86,High,Married,0.39,1,0.5,Tutoring,0,0.79|0.98|0.75|0.73|0.66|0.73|0.58|0.67|0.89|0.79|0.79|0.75|0.74|0.71|1.00|0.61|0.51|0.76|0.55|0.97|0.98|0.48|0.75|0.87|0.75|0.66|0.84|0.62|1.00|0.97|0.62|0.77,Psychology,2025-11-02T11:58:25Z
IT000199,University of Messina,USA,Italy,Prefer not to say,24,B1,77.6,0.69,High,Single,0.33,0,0.3,Tutoring,1,0.69|0.78|0.77|0.73|0.96|0.61|0.90|0.82|0.72|0.80|0.73|0.56|0.64|0.95|0.68|0.93|0.45|0.64|0.71|0.85|0.57|0.66|0.93|0.79|0.79|0.54|0.67|0.79|0.89|0.76|0.68|0.61,Psychology,2025-11-02T11:58:25Z
IT000200,University of Messina,USA,Italy,Other,30,C1,79.2,0.79,Medium,Other,0.35,0,0.3,LanguageMentor,1,0.78|0.71|0.89|0.91|0.89|0.57|0.73|0.87|0.70|0.69|0.75|1.00|0.73|1.00|0.60|0.74|0.93|0.78|0.79|0.70|0.82|0.95|0.64|0.61|0.63|0.80|0.92|0.87|0.54|0.88|0.76|0.64,Data Science,2025-11-02T11:58:25Z
IT000201,Politecnico di Torino,Latvia,Italy,Other,18,C2,77.8,0.87,Low,Other,0.19,0,0.1,Tutoring,1,0.83|0.83|0.53|0.59|0.63|0.58|0.72|0.88|0.87|1.00|0.59|0.61|0.67|0.68|0.91|0.62|0.64|0.65|0.66|0.78|0.95|0.53|0.89|0.74|0.56|0.82|0.72|0.50|0.55|0.73|0.76|0.68,Economics,2025-11-02T11:58:25Z
IT000202,Politecnico di Torino,Latvia,Italy,Female,25,B1,78.7,0.95,Low,Single,0.48,0,0.1,None,0,0.67|0.47|0.50|0.56|0.78|0.75|0.77|0.48|0.80|0.82|0.82|1.00|0.56|0.58|0.86|0.62|0.91|0.87|0.74|0.82|0.37|0.76|0.68|0.61|0.89|0.75|0.85|0.73|0.92|0.75|0.64|0.74,Computer Science,2025-11-02T11:58:25Z
IT000203,University of Messina,Bangladesh,Italy,Other,20,C1,65.3,0.96,High,Other,0.22,0,0.6,None,1,1.00|0.72|0.65|0.59|0.72|0.69|0.70|0.75|0.69|0.74|0.84|0.57|0.84|0.57|0.58|0.77|0.75|0.77|0.77|0.63|0.85|0.73|0.80|0.64|0.73|0.34|0.69|0.65|0.59|0.63|0.61|0.64,Economics,2025-11-02T11:58:25Z
IT000204,Politecnico di Torino,Slovakia,Italy,Female,21,B1,71.4,0.93,Medium,Other,0.25,0,0.1,Counseling,1,0.81|0.80|0.80|0.97|0.84|0.48|0.98|0.69|0.64|0.54|0.64|0.96|0.69|0.72|0.50|0.98|0.57|0.74|0.69|0.63|0.55|0.82|0.73|0.70|0.77|0.70|0.73|0.69|0.65|0.52|0.55|0.66,Business,2025-11-02T11:58:25Z
IT000205,Politecnico di Torino,Italy,Italy,Other,23,B1,62.4,0.9,Low,Married,0.31,0,0.1,BuddyProgram,0,0.73|0.56|0.64|0.73|0.58|0.69|0.72|0.55|0.90|0.90|0.81|0.87|0.70|0.96|0.72|0.60|0.83|0.79|0.81|0.62|0.90|0.69|0.65|0.45|0.87|0.57|0.79|0.69|0.82|0.76|0.78|0.65,Engineering,2025-11-02T11:58:25Z
IT000206,Politecnico di Torino,India,Italy,Male,22,C1,70,0.84,Low,Single,0.27,0,0.6,Tutoring,1,0.83|0.58|0.70|0.75|0.74|0.75|0.64|0.79|0.78|1.00|0.51|0.62|0.88|0.59|0.77|0.58|0.68|0.65|1.00|0.74|1.00|0.62|0.61|0.47|0.75|0.63|0.75|0.77|0.82|0.92|0.86|0.75,Psychology,2025-11-02T11:58:25Z
IT000207,University of Messina,Ukraine,Italy,Male,24,C2,96.4,0.88,Medium,Married,0.45,0,0.1,Tutoring,1,0.56|0.48|0.81|0.77|0.55|0.69|0.64|0.83|0.89|0.88|0.55|0.70|0.75|0.77|0.80|0.66|0.77|0.79|0.72|0.63|0.74|0.69|0.61|0.56|0.62|0.72|0.83|0.61|0.73|0.87|0.58|0.71,Data Science,2025-11-02T11:58:25Z
IT000208,Politecnico di Torino,Sri Lanka,Italy,Prefer not to say,20,A2,76.1,0.83,Low,Other,0.46,0,0.6,BuddyProgram,1,0.94|0.52|0.74|0.76|0.92|0.88|0.92|0.74|0.72|0.78|0.84|0.63|0.75|0.61|0.78|0.73|0.74|0.77|0.75|0.71|0.45|0.41|0.62|0.71|0.49|1.00|0.65|0.64|0.69|0.77|0.65|0.61,Business,2025-11-02T11:58:25Z
IT000209,Politecnico di Torino,Nigeria,Italy,Female,22,B1,76.6,0.78,Medium,Single,0.32,1,0.7,None,0,0.94|0.72|0.62|0.87|0.88|0.72|0.66|1.00|0.71|0.63|0.62|0.70|0.63|0.68|0.57|0.80|0.90|1.00|0.84|0.87|0.61|0.69|0.61|0.85|0.57|0.80|0.51|0.57|0.96|0.77|0.67|0.83,Data Science,2025-11-02T11:58:25Z
IT000210,University of Messina,Bangladesh,Italy,Other,18,B1,67.4,0.91,Medium,Married,0.28,1,0.6,Counseling,0,0.82|0.69|0.83|0.58|0.73|0.66|0.92|0.68|0.75|0.68|0.88|0.80|0.75|0.85|0.66|0.86|0.73|0.67|0.80|0.81|0.82|0.63|0.82|0.71|0.69|0.78|0.85|0.88|0.72|0.65|0.73|0.75,Business,2025-11-02T11:58:25Z
IT000211,University of Messina,Bangladesh,Italy,Prefer not to say,21,A2,61.4,0.87,High,Single,0.49,0,0.6,LanguageMentor,0,1.00|0.68|0.72|0.79|0.48|0.88|0.72|0.67|0.64|0.77|0.82|0.79|0.49|0.72|0.97|0.60|0.81|0.71|0.73|0.77|0.72|0.87|0.68|0.94|0.74|0.67|0.58|0.99|0.67|0.69|0.59|0.85,Computer Science,2025-11-02T11:58:25Z
IT000212,University of Messina,Slovakia,Italy,Other,26,B2,63.6,0.96,Medium,Married,0.19,0,0.1,Tutoring,1,0.51|0.78|0.67|0.82|0.66|0.87|0.77|0.83|0.85|0.73|0.66|0.46|0.65|0.76|0.57|0.86|0.43|0.63|0.54|0.73|0.85|0.88|0.62|0.75|0.62|0.63|0.70|0.65|0.60|0.45|0.93|0.70,Economics,2025-11-02T11:58:25Z
IT000213,University of Messina,Spain,Italy,Male,20,C1,59.2,0.76,Medium,Single,0.34,0,0.1,None,1,0.73|0.74|0.44|0.90|0.61|0.84|0.65|0.61|0.74|0.91|0.77|0.82|0.77|0.75|0.83|0.75|0.65|0.56|0.67|0.71|0.32|0.75|0.61|0.76|0.82|0.74|0.78|0.78|0.80|0.79|0.79|0.65,Economics,2025-11-02T11:58:25Z
IT000214,University of Messina,Nigeria,Italy,Female,27,B2,87.9,0.86,Medium,Single,0.49,0,0.7,None,1,0.85|0.83|0.88|0.78|0.57|0.57|0.77|0.89|0.84|0.79|0.65|0.64|0.58|0.68|0.40|0.81|0.78|0.77|0.84|0.86|0.92|0.76|0.71|0.52|0.83|0.57|0.57|0.77|0.78|0.68|0.57|0.58,English Philology,2025-11-02T11:58:25Z
IT000215,Politecnico di Torino,Italy,Italy,Other,18,A2,72,0.87,High,Single,0.19,0,0.1,None,1,0.88|0.45|0.63|0.83|0.84|0.97|0.83|0.41|0.83|0.92|0.79|0.77|0.65|0.73|0.51|0.70|0.75|0.79|0.77|0.79|0.85|0.84|0.63|0.85|0.61|0.79|0.63|0.82|0.65|1.00|0.89|0.64,Economics,2025-11-02T11:58:25Z
IT000216,Politecnico di Torino,Bangladesh,Italy,Other,28,C1,62.8,0.86,High,Married,0.45,0,0.6,LanguageMentor,1,0.56|0.52|0.84|0.86|0.74|0.89|0.82|0.62|0.67|0.56|0.87|0.82|0.77|0.72|0.76|0.58|0.73|0.46|0.85|0.86|0.94|0.74|0.72|1.00|0.81|0.64|0.78|0.59|0.89|0.78|0.52|0.64,Business,2025-11-02T11:58:25Z
IT000217,University of Messina,Brazil,Italy,Female,20,B2,56.4,0.86,High,Single,0.19,0,0.5,BuddyProgram,1,0.78|0.69|0.62|0.79|0.68|0.70|0.68|0.76|0.70|0.65|0.93|0.85|0.84|0.74|0.82|0.65|0.81|0.75|0.79|0.69|0.95|1.00|0.69|0.58|0.73|0.77|0.56|0.91|0.58|0.73|0.79|0.87,Psychology,2025-11-02T11:58:25Z
IT000218,Politecnico di Torino,Vietnam,Italy,Other,24,B2,67.6,0.83,Low,Married,0.35,0,0.6,LanguageMentor,1,0.52|0.68|0.69|0.50|0.88|0.62|0.67|0.72|0.73|0.82|0.80|0.63|0.72|0.76|0.60|0.37|0.46|0.75|0.70|0.75|0.64|0.52|0.84|0.93|0.59|0.73|0.62|0.91|0.89|0.79|0.99|0.62,Engineering,2025-11-02T11:58:25Z
IT000219,Politecnico di Torino,Bangladesh,Italy,Prefer not to say,21,C1,64.6,0.76,Low,Single,0.55,0,0.6,BuddyProgram,1,0.83|0.74|0.62|0.78|0.61|0.92|0.46|0.64|0.75|0.59|0.71|0.82|0.85|0.71|0.64|0.48|0.60|0.71|0.52|0.72|0.58|0.56|0.64|0.66|0.78|0.68|0.73|0.67|0.80|0.85|0.56|0.88,Computer Science,2025-11-02T11:58:25Z
IT000220,Politecnico di Torino,Sri Lanka,Italy,Other,24,B2,76.6,0.83,High,Other,0.52,0,0.6,LanguageMentor,1,0.65|0.83|0.68|0.63|0.73|0.64|0.64|0.71|0.65|0.77|0.94|0.67|0.61|0.64|0.75|0.73|0.77|0.76|0.57|0.89|1.00|0.77|0.68|0.74|0.69|0.83|0.88|0.58|0.69|1.00|0.67|0.78,Business,2025-11-02T11:58:25Z
IT000221,University of Messina,Italy,Italy,Prefer not to say,26,B2,67.8,1,High,Single,0.1,0,0.1,BuddyProgram,0,0.74|0.80|0.53|0.63|0.70|0.52|0.77|0.82|1.00|0.96|0.51|0.82|0.81|0.63|0.85|0.82|0.74|0.87|0.67|0.70|0.75|0.64|0.51|0.78|0.75|0.68|0.78|0.86|0.61|0.71|0.68|0.60,Economics,2025-11-02T11:58:25Z
IT000222,Politecnico di Torino,Italy,Italy,Prefer not to say,23,B1,73.9,0.79,Medium,Married,0.17,1,0.1,None,0,0.91|0.74|0.86|0.93|1.00|0.67|0.81|0.87|0.72|0.54|0.71|0.67|0.77|0.74|0.76|0.85|0.94|0.79|0.73|0.57|1.00|0.37|0.69|0.74|0.72|0.68|0.93|0.64|0.76|0.79|0.65|0.56,Psychology,2025-11-02T11:58:25Z
IT000223,University of Messina,Nigeria,Italy,Male,28,B1,74.1,0.88,Low,Married,0.12,0,0.7,None,1,0.84|0.94|0.81|0.90|0.72|0.64|0.87|0.91|0.73|1.00|0.63|0.54|0.85|0.86|0.92|0.73|1.00|0.54|0.98|0.70|0.45|0.76|0.85|0.78|0.42|0.60|0.78|0.81|0.57|0.50|0.88|0.71,Computer Science,2025-11-02T11:58:25Z
IT000224,Politecnico di Torino,Nigeria,Italy,Other,19,B2,66.4,0.98,Low,Other,0.56,0,0.7,Tutoring,1,0.49|0.77|0.77|0.70|0.97|0.70|0.73|0.64|0.78|0.81|0.78|0.88|0.63|0.92|0.67|0.71|0.73|0.75|0.73|0.72|0.80|0.74|0.74|0.94|0.59|0.72|0.86|0.53|0.84|1.00|0.63|0.70,Psychology,2025-11-02T11:58:25Z
IT000225,Politecnico di Torino,Vietnam,Italy,Prefer not to say,20,B1,67.8,0.92,Low,Single,0.21,1,0.6,None,0,0.98|0.46|0.68|0.62|0.63|0.73|0.57|0.96|0.95|0.54|0.72|0.67|0.82|0.56|0.60|0.82|0.80|0.56|0.60|0.72|0.57|0.71|0.82|0.95|0.92|0.51|0.66|0.69|0.66|0.99|0.83|0.71,Engineering,2025-11-02T11:58:25Z
IT000226,University of Messina,Slovakia,Italy,Female,24,B2,69.6,0.85,Low,Single,0.54,0,0.1,Tutoring,1,1.00|1.00|0.86|0.54|0.59|0.74|0.77|0.52|0.76|0.92|0.81|0.67|0.66|0.61|0.82|0.65|0.51|0.87|0.56|0.90|0.65|0.81|0.62|1.00|0.67|0.73|0.58|0.86|0.46|0.88|0.71|0.80,Economics,2025-11-02T11:58:25Z
IT000227,Politecnico di Torino,Vietnam,Italy,Other,32,C2,74,0.95,Low,Married,0.61,0,0.6,None,0,0.71|0.80|0.63|0.71|0.67|0.57|0.78|0.87|0.65|0.86|0.66|0.81|0.62|0.52|0.47|0.62|0.73|0.68|0.83|0.58|0.36|0.49|0.52|0.43|0.69|0.79|0.70|0.73|0.72|0.52|0.63|0.79,Engineering,2025-11-02T11:58:25Z
IT000228,University of Messina,Ukraine,Italy,Male,25,A2,79.6,0.9,Low,Other,0.45,0,0.1,Tutoring,1,0.61|0.82|0.88|0.55|0.70|0.80|0.71|0.74|0.93|0.65|0.59|0.68|0.76|0.82|0.64|0.84|0.67|0.82|0.65|0.57|0.68|0.87|0.83|0.88|0.51|0.61|0.82|0.70|0.85|0.77|0.67|0.66,Engineering,2025-11-02T11:58:25Z
IT000229,Politecnico di Torino,India,Italy,Male,24,C1,56.2,0.84,Medium,Married,0.32,0,0.6,Tutoring,1,0.94|0.80|0.72|0.73|0.55|1.00|1.00|0.97|0.69|0.74|0.84|0.68|0.65|0.69|0.74|0.51|0.90|0.63|0.92|0.84|0.91|0.56|0.73|0.69|0.86|0.53|0.73|0.61|0.75|0.79|0.69|0.45,Economics,2025-11-02T11:58:25Z
IT000230,Politecnico di Torino,Sri Lanka,Italy,Other,27,C2,70.3,0.85,Low,Single,0.13,0,0.6,BuddyProgram,1,0.56|0.58|0.80|0.73|0.51|0.79|0.63|0.70|0.90|0.61|0.59|0.63|0.85|0.88|0.78|0.68|0.56|0.75|0.74|0.72|0.61|0.69|0.58|0.82|0.61|0.70|0.74|0.68|0.65|0.87|0.61|0.83,Business,2025-11-02T11:58:25Z
IT000231,Politecnico di Torino,Italy,Italy,Female,22,B1,71.5,0.77,Low,Single,0.25,1,0.1,Tutoring,0,0.91|0.77|0.67|0.96|0.71|0.41|0.77|0.53|0.72|0.74|0.68|0.78|0.64|0.36|0.59|0.77|0.61|0.84|0.96|0.50|0.59|0.56|0.96|0.79|0.74|0.56|0.64|0.70|0.95|0.55|0.70|0.87,Computer Science,2025-11-02T11:58:25Z
IT000232,Politecnico di Torino,Ukraine,Italy,Male,29,B2,81.4,0.96,High,Other,0.44,0,0.1,None,1,0.49|0.61|0.65|0.72|0.66|0.81|0.64|0.54|0.82|0.79|0.69|0.99|0.71|0.66|0.71|0.85|0.76|0.72|0.82|0.62|0.52|0.67|0.73|0.76|0.82|0.91|0.83|0.73|0.78|0.80|0.72|0.59,Engineering,2025-11-02T11:58:25Z
IT000233,University of Messina,Italy,Italy,Prefer not to say,22,C2,81,0.82,Medium,Single,0.16,1,0.1,None,0,0.74|0.71|0.85|0.37|0.36|0.57|0.94|0.80|0.79|0.54|0.58|0.96|0.79|0.75|0.72|0.96|0.59|0.32|0.78|0.63|0.66|0.64|0.87|0.76|0.63|0.81|0.72|0.81|0.86|0.61|0.56|0.87,Computer Science,2025-11-02T11:58:25Z
IT000234,Politecnico di Torino,Italy,Italy,Other,21,B2,79.1,0.88,Low,Single,0.22,0,0.1,Tutoring,1,0.58|0.86|0.91|0.76|0.75|0.66|0.89|0.87|0.84|0.58|0.76|0.78|0.63|0.75|0.80|0.54|0.68|0.58|0.90|0.49|0.90|0.69|0.67|0.59|0.65|0.56|0.62|0.86|0.65|0.59|0.65|0.66,Engineering,2025-11-02T11:58:25Z
IT000235,Politecnico di Torino,Pakistan,Italy,Other,22,A2,57.9,0.61,High,Single,0.45,1,0.6,BuddyProgram,0,0.63|0.78|0.94|1.00|0.60|0.74|0.81|0.58|0.72|0.71|0.80|0.75|0.68|0.96|0.67|0.87|0.59|0.73|0.76|0.58|0.74|0.68|0.96|0.80|0.62|0.80|0.79|0.64|1.00|0.79|0.74|0.68,English Philology,2025-11-02T11:58:25Z
IT000236,University of Messina,Slovakia,Italy,Male,26,A2,76.5,0.95,Low,Married,0.06,0,0.1,None,0,0.72|0.73|0.92|0.60|0.69|0.85|0.73|0.69|0.59|0.71|0.85|0.55|0.72|0.77|0.85|0.73|0.60|0.65|0.72|0.61|0.79|0.82|1.00|0.80|0.88|0.61|0.86|0.71|0.63|0.84|0.87|0.80,Logistics,2025-11-02T11:58:25Z
IT000237,Politecnico di Torino,USA,Italy,Male,27,C1,99.2,0.82,Medium,Single,0.33,0,0.3,Tutoring,1,0.56|0.65|0.58|0.63|0.72|0.79|0.64|0.74|0.78|0.62|0.72|0.94|0.59|0.68|0.71|0.73|0.78|0.67|0.53|1.00|0.90|0.69|0.85|0.58|0.61|0.88|0.68|0.80|0.73|0.87|0.78|0.63,Economics,2025-11-02T11:58:25Z
IT000238,University of Messina,Vietnam,Italy,Male,23,B1,88.7,0.93,Medium,Single,0.45,0,0.6,Tutoring,0,0.69|0.73|0.81|0.48|0.55|0.66|0.76|0.79|0.70|0.80|0.59|0.70|0.59|0.69|0.80|0.79|0.51|0.78|0.62|0.63|0.58|0.57|0.76|0.80|0.86|0.74|0.79|0.81|0.74|0.78|0.60|0.83,Computer Science,2025-11-02T11:58:25Z
IT000239,Politecnico di Torino,Italy,Italy,Male,24,B1,63.6,0.8,Medium,Other,0.28,0,0.1,LanguageMentor,1,0.74|0.43|0.61|0.78|0.68|0.78|0.46|0.83|0.66|0.79|0.82|0.84|0.81|0.76|0.42|0.94|0.82|0.75|0.53|0.67|0.86|0.77|0.34|0.81|0.69|0.71|0.75|0.74|0.63|0.75|0.90|0.60,Computer Science,2025-11-02T11:58:25Z
IT000240,Politecnico di Torino,Pakistan,Italy,Female,26,A2,77.8,0.9,Low,Other,0.34,0,0.6,LanguageMentor,1,0.72|0.97|0.69|0.54|0.85|0.59|0.49|0.69|0.64|0.87|0.47|0.73|0.54|0.51|0.69|0.85|0.86|0.87|0.72|0.70|0.97|0.51|0.64|0.98|0.86|0.71|0.65|0.78|0.81|0.73|0.62|0.58,English Philology,2025-11-02T11:58:25Z
IT000241,Politecnico di Torino,Bangladesh,Italy,Female,27,C1,74.9,0.74,High,Married,0.41,0,0.6,None,1,0.67|0.80|0.69|0.75|0.64|0.87|0.75|0.73|0.83|0.82|1.00|0.71|0.80|0.72|0.87|0.56|0.83|0.94|0.64|0.63|0.51|0.63|0.78|0.77|0.69|0.87|0.90|0.77|0.66|0.59|0.74|0.86,Logistics,2025-11-02T11:58:25Z
IT000242,Politecnico di Torino,USA,Italy,Prefer not to say,24,A2,73.6,0.87,High,Other,0.24,1,0.3,LanguageMentor,0,1.00|0.64|0.76|0.63|0.88|0.33|0.73|0.65|0.79|0.81|0.87|0.84|0.73|0.49|0.73|0.72|0.49|0.74|0.66|0.76|0.84|0.67|0.87|0.75|0.90|0.70|0.66|0.79|0.64|0.76|0.70|0.70,English Philology,2025-11-02T11:58:25Z
IT000243,University of Messina,Sri Lanka,Italy,Prefer not to say,26,B2,73.2,0.94,High,Single,0.39,0,0.6,None,1,0.96|0.76|0.75|0.78|0.76|0.94|0.41|0.46|0.87|0.83|0.72|0.77|0.66|0.86|0.88|0.67|0.70|0.53|0.56|0.44|0.68|0.78|1.00|0.56|0.56|0.70|0.72|0.78|0.51|0.61|0.68|0.71,Data Science,2025-11-02T11:58:25Z
IT000244,Politecnico di Torino,Ukraine,Italy,Other,20,B1,73.9,0.86,High,Single,0.25,0,0.1,Tutoring,1,0.72|0.82|0.53|0.71|0.62|0.75|0.70|0.80|0.33|0.63|0.76|0.74|0.74|0.67|0.31|0.71|0.61|0.70|0.76|0.84|0.89|0.63|0.85|0.74|0.63|0.55|0.62|0.73|0.79|0.69|0.69|0.57,Psychology,2025-11-02T11:58:25Z
IT000245,Politecnico di Torino,Slovakia,Italy,Other,19,B1,62,0.95,Medium,Married,0.15,0,0.1,None,0,0.83|0.82|0.61|0.73|0.82|0.91|0.73|0.90|0.70|0.94|1.00|0.70|0.71|0.82|0.87|0.76|0.87|0.64|1.00|0.57|0.58|0.87|0.65|0.81|0.73|0.52|0.73|0.68|0.75|0.62|0.74|0.79,Psychology,2025-11-02T11:58:25Z
IT000246,University of Messina,Sri Lanka,Italy,Female,23,C2,78.2,0.72,Medium,Married,0.27,0,0.6,None,0,0.99|0.67|0.89|0.72|1.00|0.75|0.91|0.48|0.69|0.44|0.76|0.83|0.66|0.78|0.94|0.61|0.63|0.97|0.88|0.82|0.81|0.76|0.80|0.96|0.77|1.00|0.79|0.81|0.67|0.80|0.97|0.64,Logistics,2025-11-02T11:58:25Z
IT000247,University of Messina,Brazil,Italy,Male,26,B1,50.5,0.81,Medium,Other,0.23,0,0.5,BuddyProgram,1,0.78|0.87|0.60|0.75|0.74|0.61|0.49|0.75|0.84|0.78|0.92|0.63|0.63|0.43|0.70|0.75|0.69|0.85|0.91|0.66|0.74|0.94|0.64|0.57|0.82|0.75|0.52|0.67|0.76|0.48|0.48|0.77,Data Science,2025-11-02T11:58:25Z
IT000248,University of Messina,Bangladesh,Italy,Other,21,B1,73,0.88,Low,Married,0.19,1,0.6,None,0,0.81|0.54|0.83|0.79|0.64|0.90|0.76|0.70|0.70|0.65|0.74|0.78|0.78|0.69|0.83|0.68|0.64|0.64|0.64|0.61|0.55|0.71|0.71|0.95|0.63|0.70|0.74|0.45|0.90|0.82|0.63|0.75,Computer Science,2025-11-02T11:58:25Z
IT000249,University of Messina,Spain,Italy,Male,18,B2,89.4,0.97,High,Other,0.14,0,0.1,None,1,0.84|0.48|0.75|0.87|0.72|0.60|0.66|0.73|0.79|0.70|0.73|0.80|0.56|0.93|0.78|0.66|0.89|0.63|0.69|0.80|0.74|0.98|0.69|0.79|0.63|0.76|0.82|0.76|0.77|0.61|0.69|0.61,Economics,2025-11-02T11:58:25Z
IT000250,University of Messina,Latvia,Italy,Prefer not to say,22,B1,74.2,0.79,Low,Single,0.09,0,0.1,None,1,0.70|0.81|0.66|0.62|0.79|0.81|0.89|0.56|0.71|0.80|0.71|0.77|0.84|0.80|0.70|0.63|0.77|0.84|0.57|0.94|0.62|0.68|0.77|0.59|0.51|0.80|0.82|0.89|0.61|0.85|0.87|0.85,Economics,2025-11-02T11:58:25Z
IT000251,University of Messina,India,Italy,Other,26,C1,71.8,0.88,Low,Other,0.44,0,0.6,BuddyProgram,1,0.70|1.00|0.64|0.63|0.93|0.69|0.79|0.82|0.97|0.68|0.81|0.73|0.55|0.42|0.75|0.85|0.58|0.90|0.73|0.57|0.56|0.61|0.64|0.64|0.66|0.88|0.91|0.72|0.43|0.73|0.79|0.68,English Philology,2025-11-02T11:58:25Z
IT000252,University of Messina,Latvia,Italy,Female,23,B2,65.1,0.89,Low,Other,0.33,0,0.1,LanguageMentor,1,0.94|0.81|0.57|0.64|0.68|0.70|0.73|0.64|0.82|0.56|0.64|0.50|0.78|0.68|0.76|0.71|0.85|0.86|0.87|0.74|0.95|0.81|0.74|0.62|0.66|0.73|0.64|0.69|0.68|0.36|0.59|0.98,Engineering,2025-11-02T11:58:25Z
IT000253,University of Messina,Vietnam,Italy,Female,25,C2,72.8,0.87,Medium,Other,0.39,1,0.6,None,0,0.73|0.80|0.60|0.69|1.00|0.74|0.74|0.70|0.72|0.82|0.66|0.99|0.84|0.75|0.99|0.65|0.80|0.59|0.73|0.85|0.68|0.49|0.63|1.00|0.84|0.83|0.58|0.61|0.81|0.80|0.65|0.75,Economics,2025-11-02T11:58:25Z
IT000254,Politecnico di Torino,Nigeria,Italy,Other,24,B2,75.3,0.91,Low,Single,0.13,0,0.7,None,1,0.61|0.72|0.79|0.73|0.92|0.77|0.65|0.70|0.80|0.63|0.70|0.58|0.67|0.79|0.71|0.54|0.79|0.59|0.72|0.76|0.78|1.00|0.86|0.73|0.55|0.69|0.69|0.90|0.64|0.88|0.62|0.80,Data Science,2025-11-02T11:58:25Z
IT000255,University of Messina,Nigeria,Italy,Female,20,C2,85.5,0.91,Medium,Married,0.39,0,0.7,LanguageMentor,1,0.94|0.82|0.93|0.69|0.72|0.54|0.58|0.80|0.88|0.49|0.76|0.64|0.58|0.78|0.75|0.68|0.43|0.78|0.81|0.52|0.48|0.66|0.54|0.87|0.76|0.67|0.79|0.60|0.66|0.87|0.76|0.91,Data Science,2025-11-02T11:58:25Z
IT000256,Politecnico di Torino,Sri Lanka,Italy,Female,24,C2,75.2,0.89,Medium,Single,0.29,0,0.6,LanguageMentor,1,0.70|0.65|0.53|0.58|0.72|0.54|0.82|0.82|0.83|0.65|0.73|0.78|0.97|0.81|0.46|0.53|0.62|0.85|0.67|0.85|1.00|0.96|0.54|0.57|0.59|0.81|0.75|0.66|0.69|0.73|1.00|0.92,Logistics,2025-11-02T11:58:25Z
IT000257,Politecnico di Torino,Slovakia,Italy,Female,23,A2,64,0.84,Medium,Other,0.59,1,0.1,LanguageMentor,0,0.92|0.73|0.60|0.73|0.62|0.66|0.86|0.72|0.86|0.69|0.82|0.77|0.76|0.74|0.71|0.63|0.71|0.66|1.00|0.70|0.53|0.65|0.56|0.62|0.71|0.78|0.64|0.66|0.54|0.86|0.98|0.81,Computer Science,2025-11-02T11:58:25Z
IT000258,Politecnico di Torino,Pakistan,Italy,Prefer not to say,28,C1,60.6,0.82,Medium,Single,0.19,1,0.6,LanguageMentor,0,0.85|0.32|0.55|1.00|0.56|0.73|0.72|0.78|0.52|0.65|0.84|0.69|0.68|0.58|0.88|0.52|0.72|0.67|0.50|0.69|0.59|0.66|0.69|0.90|0.65|0.79|0.70|0.80|0.80|0.75|0.79|0.82,Economics,2025-11-02T11:58:25Z
IT000259,University of Messina,Italy,Italy,Other,23,B1,76.2,0.82,Low,Married,0.76,0,0.1,Tutoring,1,0.84|0.66|0.71|0.90|0.65|0.48|0.62|0.88|0.78|0.67|0.68|0.71|0.43|0.75|0.43|0.55|0.72|0.72|0.34|0.32|0.68|0.40|0.24|0.37|0.69|0.80|0.79|0.87|0.73|0.94|0.79|0.60,Data Science,2025-11-02T11:58:25Z
IT000260,Politecnico di Torino,Spain,Italy,Other,23,C1,58.9,0.68,Medium,Single,0.13,0,0.1,LanguageMentor,0,0.91|0.86|0.83|0.79|1.00|0.37|0.68|0.79|0.73|0.93|0.73|0.67|0.71|0.84|0.57|0.79|0.63|0.74|0.61|0.78|0.64|0.57|0.85|0.73|0.69|0.71|0.96|0.78|0.61|0.68|0.99|0.61,Economics,2025-11-02T11:58:25Z
IT000261,University of Messina,Slovakia,Italy,Female,22,C2,76.5,0.84,Medium,Single,0.74,0,0.1,BuddyProgram,0,0.63|0.63|0.77|0.53|0.82|1.00|0.70|0.82|0.80|1.00|0.72|0.76|0.49|0.72|0.50|0.59|0.56|0.27|0.41|0.46|0.64|0.45|0.29|0.50|0.61|0.70|0.56|0.75|0.52|0.68|0.58|0.78,English Philology,2025-11-02T11:58:25Z
IT000262,University of Messina,Latvia,Italy,Other,24,B2,95.6,0.91,Low,Single,0.21,0,0.1,None,1,0.87|0.94|0.77|0.66|0.75|0.56|0.62|0.57|0.66|0.85|0.51|0.63|0.69|0.89|0.77|0.76|0.89|0.55|0.99|0.42|0.68|0.66|0.80|0.74|0.79|0.95|0.63|0.80|0.77|0.61|0.76|0.71,English Philology,2025-11-02T11:58:25Z
IT000263,Politecnico di Torino,USA,Italy,Other,27,B2,75.5,0.92,High,Married,0.2,0,0.3,Tutoring,1,0.69|0.84|0.58|0.56|0.66|0.70|0.68|0.73|0.84|0.70|0.60|0.77|0.78|0.79|0.74|0.62|0.90|0.80|0.73|0.70|0.56|0.76|0.78|0.59|0.66|0.47|0.60|0.61|0.71|0.70|0.75|0.88,Computer Science,2025-11-02T11:58:25Z
IT000264,Politecnico di Torino,USA,Italy,Male,28,B2,78.5,0.93,Medium,Other,0.23,1,0.3,BuddyProgram,0,0.60|0.71|0.69|0.73|0.73|0.99|0.64|0.95|0.70|0.77|0.97|0.71|0.82|0.61|0.61|0.84|0.97|0.84|0.81|0.80|0.69|0.71|0.79|0.70|0.61|0.70|0.62|0.91|0.59|0.89|0.83|0.68,Data Science,2025-11-02T11:58:25Z
IT000265,University of Messina,Italy,Italy,Prefer not to say,23,B1,70.8,0.97,Low,Single,0.23,1,0.1,LanguageMentor,0,0.47|0.42|0.76|0.53|0.88|0.73|0.54|0.82|0.73|0.79|1.00|0.92|0.65|0.67|0.78|0.62|0.93|0.87|0.68|0.85|0.77|0.95|0.78|0.90|0.49|0.75|0.79|0.90|0.74|0.73|0.85|0.62,Logistics,2025-11-02T11:58:25Z
IT000266,University of Messina,Nigeria,Italy,Prefer not to say,26,B2,64.8,0.95,Low,Other,0.28,0,0.7,Tutoring,1,0.70|0.77|1.00|0.66|0.65|0.55|0.58|0.70|0.79|0.79|0.89|0.62|0.78|0.69|0.51|0.82|0.68|1.00|0.54|0.71|0.68|0.87|0.89|0.75|0.54|0.65|0.70|0.66|0.78|0.96|1.00|0.74,Business,2025-11-02T11:58:25Z
IT000267,University of Messina,Nigeria,Italy,Other,23,C1,57.1,0.92,High,Married,0.29,0,0.7,None,1,0.61|0.73|0.82|0.89|0.75|0.69|0.69|0.59|0.65|0.83|0.46|0.66|0.77|0.72|0.67|0.81|0.62|0.75|1.00|0.52|0.79|0.55|0.59|0.59|0.69|0.69|0.71|0.94|0.50|0.75|0.69|0.86,Psychology,2025-11-02T11:58:25Z
IT000268,University of Messina,Nigeria,Italy,Prefer not to say,25,C2,82.2,0.86,Low,Other,0.07,0,0.7,None,0,0.74|0.73|0.70|0.76|0.88|0.71|0.71|0.86|0.62|0.80|0.82|0.62|0.74|0.64|0.53|0.78|0.60|0.56|0.97|0.75|0.81|0.68|0.61|0.60|0.76|0.62|0.90|0.79|0.83|0.68|0.65|0.99,Business,2025-11-02T11:58:25Z
IT000269,Politecnico di Torino,Vietnam,Italy,Female,25,A2,80.6,0.91,Low,Married,0.3,1,0.6,Tutoring,0,0.56|0.85|0.64|0.56|0.68|0.69|0.66|0.74|0.82|0.79|0.69|0.70|0.48|0.88|0.74|0.69|0.75|0.78|0.80|0.61|0.79|0.72|0.48|0.69|0.61|0.73|0.62|0.65|0.75|0.58|0.49|0.73,Data Science,2025-11-02T11:58:25Z
IT000270,Politecnico di Torino,Bangladesh,Italy,Female,24,C2,78.9,0.82,Medium,Single,0.11,1,0.6,BuddyProgram,0,0.56|0.28|0.77|0.73|0.63|0.60|0.77|0.96|0.74|0.47|0.68|0.82|0.75|0.58|0.74|0.53|0.66|0.63|0.79|0.87|0.66|0.68|0.75|0.74|0.80|0.66|0.71|0.62|0.70|0.94|0.63|0.71,Psychology,2025-11-02T11:58:25Z
IT000271,Politecnico di Torino,Slovakia,Italy,Male,21,B2,79.7,0.91,Medium,Other,0.34,0,0.1,Tutoring,1,0.70|0.72|0.81|0.88|0.87|0.78|0.57|0.68|0.86|0.91|0.70|0.87|0.84|0.66|0.70|0.59|0.66|0.66|0.74|0.53|0.84|0.68|0.69|0.63|0.70|0.91|0.86|0.77|0.65|0.72|0.63|0.78,Economics,2025-11-02T11:58:25Z
IT000272,University of Messina,Spain,Italy,Female,26,A2,83.2,0.95,High,Other,0.38,0,0.1,None,1,0.87|0.74|0.75|0.78|0.91|0.73|0.73|0.52|0.71|0.76|0.75|0.86|0.69|0.61|0.68|0.89|0.78|0.88|0.63|1.00|0.64|0.87|0.77|0.49|0.69|0.68|0.83|0.85|0.58|0.93|0.71|0.85,Economics,2025-11-02T11:58:25Z
IT000273,Politecnico di Torino,Ukraine,Italy,Female,21,C1,62.8,1,Low,Single,0.22,0,0.1,Tutoring,1,0.87|0.76|0.69|1.00|0.52|0.68|0.77|0.81|0.62|0.75|0.68|0.75|0.87|0.63|0.64|0.74|0.63|0.76|0.93|0.79|0.69|0.77|0.73|0.61|0.88|0.79|0.56|0.72|0.92|0.98|0.46|0.69,Data Science,2025-11-02T11:58:25Z
IT000274,University of Messina,India,Italy,Male,26,B2,75.6,0.89,High,Married,0.42,0,0.6,Tutoring,0,0.56|0.63|0.82|0.46|0.70|0.36|0.38|0.65|0.76|0.69|0.63|0.73|0.84|0.96|0.82|0.76|0.69|0.82|0.79|0.92|1.00|0.71|0.71|0.79|0.59|0.71|0.70|0.73|0.81|0.66|0.70|0.55,Engineering,2025-11-02T11:58:25Z
IT000275,Politecnico di Torino,Bangladesh,Italy,Female,24,C1,46.9,0.88,Medium,Other,0.18,1,0.6,None,0,0.67|0.67|0.72|0.68|0.61|0.88|0.66|0.68|0.90|0.74|0.77|0.51|0.87|0.92|0.51|0.98|0.55|0.70|0.68|0.92|1.00|0.89|0.82|0.67|0.53|0.57|0.74|0.75|0.90|0.69|0.84|0.58,Business,2025-11-02T11:58:25Z
IT000276,Politecnico di Torino,Vietnam,Italy,Male,22,A2,57.1,0.87,High,Married,0.17,1,0.6,LanguageMentor,0,0.81|0.62|0.69|0.62|0.65|0.59|0.94|0.73|0.74|0.75|0.86|0.89|0.74|0.56|1.00|0.63|0.92|0.48|0.44|0.75|0.86|0.71|0.66|0.87|0.82|0.68|0.64|0.79|0.87|0.59|0.83|0.94,Economics,2025-11-02T11:58:25Z
IT000277,Politecnico di Torino,Spain,Italy,Other,24,B2,65.7,0.9,Low,Married,0.08,0,0.1,Tutoring,1,0.93|0.85|0.88|0.61|0.61|1.00|0.58|0.88|0.81|0.66|0.77|0.78|0.35|0.94|0.82|0.72|0.83|0.71|0.80|0.79|0.61|0.63|0.80|0.65|0.75|0.72|0.73|0.53|0.37|0.41|0.67|0.65,English Philology,2025-11-02T11:58:25Z
IT000278,Politecnico di Torino,Brazil,Italy,Other,23,A2,67.8,0.77,Medium,Married,0.11,1,0.5,None,0,0.82|0.82|0.76|0.72|0.59|0.92|0.38|0.69|0.58|0.71|0.51|0.67|0.85|0.81|0.49|0.82|0.87|0.63|0.67|0.59|0.79|0.63|0.96|0.74|0.87|0.66|0.88|0.78|0.93|0.61|0.67|0.64,Psychology,2025-11-02T11:58:25Z
IT000279,Politecnico di Torino,USA,Italy,Other,23,C2,71.7,0.89,High,Single,0.46,0,0.3,BuddyProgram,1,0.70|0.76|0.88|0.96|0.56|0.77|0.78|0.70|0.81|0.72|0.59|0.45|0.93|0.85|0.81|1.00|0.92|0.65|0.43|0.57|0.73|0.85|0.64|0.63|0.75|0.81|0.79|0.88|0.67|0.85|0.85|0.71,Business,2025-11-02T11:58:25Z
IT000280,University of Messina,Italy,Italy,Female,23,A2,77.2,0.81,High,Other,0.53,0,0.1,BuddyProgram,1,0.95|0.57|0.78|0.73|0.67|0.70|0.87|0.95|0.95|0.81|0.78|0.74|0.87|0.68|0.49|0.78|0.66|0.84|0.57|0.65|0.57|0.75|0.57|0.62|0.80|0.86|0.83|0.59|0.82|0.56|0.86|0.71,Computer Science,2025-11-02T11:58:25Z
IT000281,University of Messina,Latvia,Italy,Female,27,B2,78.3,0.9,High,Single,0.27,0,0.1,BuddyProgram,1,0.87|0.78|0.69|0.55|0.97|0.75|0.71|0.77|0.66|0.68|0.67|1.00|0.78|0.54|0.69|0.68|0.62|0.74|0.82|0.71|0.79|0.85|0.90|0.73|0.99|0.93|0.70|0.63|0.68|0.64|0.80|0.76,Business,2025-11-02T11:58:25Z
IT000282,University of Messina,Latvia,Italy,Female,22,B2,66.2,0.94,Low,Married,0.24,0,0.1,Tutoring,0,0.73|0.65|0.75|0.49|0.80|0.76|0.75|0.90|0.67|0.63|0.97|0.67|0.91|0.66|0.65|0.83|0.46|0.79|0.57|0.79|0.89|0.74|0.70|0.64|0.65|0.53|0.61|0.71|0.69|0.56|0.61|0.75,Psychology,2025-11-02T11:58:25Z
IT000283,Politecnico di Torino,Brazil,Italy,Prefer not to say,25,C1,75.2,0.82,Medium,Married,0.21,0,0.5,BuddyProgram,0,0.86|0.71|0.75|0.68|0.87|0.59|0.71|0.73|0.68|0.87|0.93|0.84|0.78|0.87|0.70|0.70|0.88|0.59|0.59|0.79|0.51|0.41|0.62|0.98|0.94|0.66|0.73|0.81|0.75|0.80|0.93|0.77,Psychology,2025-11-02T11:58:25Z
IT000284,Politecnico di Torino,Spain,Italy,Prefer not to say,25,C2,76.9,0.87,High,Single,0.18,0,0.1,Tutoring,1,0.72|0.89|0.47|0.99|0.93|1.00|0.64|0.67|0.70|0.81|0.57|1.00|0.49|0.71|0.90|0.87|0.86|0.62|0.94|1.00|0.68|0.75|0.96|0.65|0.91|0.64|0.73|0.47|0.70|0.73|0.73|0.66,Computer Science,2025-11-02T11:58:25Z
IT000285,University of Messina,Ukraine,Italy,Other,27,A2,77.8,0.78,Low,Married,0.24,0,0.1,LanguageMentor,1,0.78|0.62|0.92|0.60|0.78|0.58|0.57|0.78|0.95|0.92|0.99|0.56|0.79|0.72|0.74|0.61|0.70|0.71|1.00|0.67|0.92|0.78|0.76|0.86|0.81|0.61|0.66|0.69|0.83|0.49|0.69|0.96,Economics,2025-11-02T11:58:25Z
IT000286,Politecnico di Torino,USA,Italy,Female,24,B2,85.6,0.84,High,Other,0.3,1,0.3,None,0,0.83|0.74|0.81|0.81|0.54|0.73|0.74|0.70|0.84|0.64|0.64|0.96|0.63|0.62|0.84|0.51|0.65|0.66|0.75|0.66|0.90|0.79|0.88|0.87|0.57|0.80|0.76|0.84|0.78|0.63|0.78|0.99,Psychology,2025-11-02T11:58:25Z
IT000287,University of Messina,Spain,Italy,Male,23,A2,66.4,0.88,High,Other,0.13,0,0.1,LanguageMentor,1,0.50|0.78|0.51|0.85|0.77|0.88|0.78|0.89|0.94|0.67|0.67|0.89|0.66|0.67|0.83|0.71|0.74|0.73|0.54|0.78|0.66|0.58|0.62|0.81|0.74|0.52|0.57|0.78|0.67|0.81|0.66|0.71,Economics,2025-11-02T11:58:25Z
IT000288,Politecnico di Torino,India,Italy,Male,24,C2,78.6,0.78,Medium,Single,0.05,1,0.6,LanguageMentor,0,0.60|0.75|0.58|0.49|0.54|0.83|0.62|0.69|0.57|0.58|0.62|0.58|0.74|0.78|0.74|0.75|0.82|0.71|0.83|0.81|0.73|0.84|0.75|0.63|0.62|0.97|0.71|0.69|0.92|0.69|0.82|0.73,Logistics,2025-11-02T11:58:25Z
IT000289,Politecnico di Torino,Sri Lanka,Italy,Male,23,C1,84.2,0.85,High,Other,0.26,0,0.6,BuddyProgram,1,0.58|0.42|0.49|0.46|1.00|0.68|0.78|0.87|0.88|0.47|0.81|0.51|0.59|0.77|0.63|0.82|0.60|0.69|0.67|0.79|0.91|0.89|1.00|0.68|0.75|0.67|0.66|0.67|0.83|0.58|0.74|0.65,English Philology,2025-11-02T11:58:25Z
IT000290,Politecnico di Torino,India,Italy,Other,18,B1,53.9,0.98,High,Other,0.13,0,0.6,None,0,0.69|0.68|0.82|0.76|0.62|0.70|0.75|0.83|0.78|0.84|1.00|0.74|0.83|0.75|0.87|0.61|0.80|0.65|0.53|0.75|0.71|0.84|0.66|0.83|0.62|0.64|0.83|0.75|0.61|0.89|0.50|0.66,Business,2025-11-02T11:58:25Z
IT000291,University of Messina,India,Italy,Male,22,C1,69.8,0.8,High,Other,0.42,0,0.6,Tutoring,1,0.67|0.87|0.72|0.65|0.85|0.62|0.74|0.67|0.52|0.69|0.65|0.88|1.00|0.72|0.83|0.95|0.41|0.76|0.79|0.52|0.42|0.70|0.66|0.64|0.64|0.67|0.58|0.73|0.66|0.81|0.87|0.64,Engineering,2025-11-02T11:58:25Z
IT000292,Politecnico di Torino,Spain,Italy,Female,26,C2,59.8,0.88,High,Other,0.37,0,0.1,Tutoring,1,0.78|0.59|1.00|0.61|0.78|0.82|0.65|0.86|0.81|0.74|0.80|0.78|0.81|0.62|0.57|0.69|0.74|1.00|0.85|0.57|0.73|0.71|0.81|0.63|0.74|0.62|0.67|1.00|0.67|0.60|0.52|0.37,Computer Science,2025-11-02T11:58:25Z
IT000293,University of Messina,Slovakia,Italy,Male,18,A2,87.4,0.94,High,Other,0.02,0,0.1,None,1,0.79|0.46|0.81|0.77|0.72|0.64|0.85|0.82|0.78|0.64|0.70|0.56|0.70|0.72|0.79|0.90|0.69|0.64|0.57|0.88|0.89|0.80|0.71|0.67|0.62|0.85|0.70|0.91|0.82|0.88|0.61|0.77,Logistics,2025-11-02T11:58:25Z
IT000294,Politecnico di Torino,Italy,Italy,Female,21,B2,71.8,0.91,High,Other,0.53,0,0.1,Tutoring,1,0.68|0.49|0.73|0.82|0.94|0.97|0.83|0.69|0.71|0.89|0.59|0.63|0.71|0.74|0.73|0.59|0.84|0.50|0.86|1.00|0.87|0.64|0.56|0.68|0.86|0.64|0.47|0.56|0.83|0.75|0.83|0.54,Economics,2025-11-02T11:58:25Z
IT000295,Politecnico di Torino,Latvia,Italy,Female,23,A2,72.8,0.89,Low,Single,0.13,0,0.1,None,1,0.88|0.69|0.68|0.52|1.00|0.65|0.96|0.78|0.78|0.76|0.68|0.68|0.74|0.94|0.78|0.71|0.78|0.88|0.90|0.76|0.62|0.99|0.60|1.00|0.64|0.73|0.71|0.95|0.65|0.92|0.78|0.69,English Philology,2025-11-02T11:58:25Z
IT000296,University of Messina,Italy,Italy,Female,23,B1,81.8,0.95,Medium,Other,0.12,0,0.1,None,1,0.75|0.53|0.73|0.72|0.87|0.79|0.88|0.67|0.58|0.65|0.80|0.85|0.71|0.81|0.82|0.77|0.64|0.84|0.46|0.88|0.83|0.66|0.77|0.73|0.77|0.64|0.64|0.73|0.79|0.68|0.59|0.53,English Philology,2025-11-02T11:58:25Z
IT000297,University of Messina,Slovakia,Italy,Other,19,B1,75.9,0.96,Low,Other,0.37,1,0.1,None,0,0.66|0.72|0.78|0.35|0.80|0.78|0.68|0.92|0.50|0.60|0.78|0.62|0.67|0.80|0.79|0.73|0.62|0.63|0.81|0.54|0.76|0.75|0.92|0.66|0.75|0.74|0.66|0.65|0.97|0.93|0.78|0.62,Psychology,2025-11-02T11:58:25Z
IT000298,Politecnico di Torino,Italy,Italy,Female,21,A2,65.8,1,High,Other,0.21,1,0.1,LanguageMentor,0,0.69|0.61|0.89|0.81|0.84|0.71|0.66|0.89|0.87|0.73|0.66|0.80|0.73|0.63|0.76|0.71|0.62|0.61|0.69|0.86|0.64|0.57|0.78|1.00|0.87|0.83|0.82|0.71|1.00|0.53|0.67|0.64,English Philology,2025-11-02T11:58:25Z
IT000299,Politecnico di Torino,Sri Lanka,Italy,Female,28,B2,78.9,0.87,Medium,Married,0.3,0,0.6,None,1,0.83|0.73|0.65|0.67|0.62|0.86|0.44|0.63|0.77|0.72|0.62|0.65|0.75|0.83|0.99|0.99|0.55|0.98|0.64|0.69|0.63|0.73|0.60|0.67|0.65|0.59|0.73|0.81|0.80|0.62|0.49|0.98,English Philology,2025-11-02T11:58:25Z
IT000300,University of Messina,Spain,Italy,Female,22,B2,78.4,0.91,Medium,Other,0.21,0,0.1,BuddyProgram,1,0.58|1.00|0.92|0.92|0.66|0.91|0.71|0.66|0.85|0.74|0.77|0.65|0.65|0.54|0.80|0.82|0.51|0.57|0.67|0.72|0.54|0.88|0.58|0.66|0.92|0.62|0.85|0.64|0.54|0.62|0.82|0.72,Logistics,2025-11-02T11:58:25Z
IT000301,University of Messina,Pakistan,Italy,Other,23,C2,59.2,0.88,Low,Other,0.55,0,0.6,Tutoring,0,0.58|0.59|0.92|0.61|0.59|0.64|0.69|0.68|1.00|0.82|0.90|0.72|0.55|0.90|0.89|0.70|0.79|0.88|0.53|0.86|0.72|0.73|0.72|0.70|0.68|0.67|0.76|0.87|0.70|0.72|0.79|0.70,Logistics,2025-11-02T11:58:25Z
IT000302,Politecnico di Torino,Spain,Italy,Male,23,A2,79.3,0.97,Low,Married,0.38,0,0.1,Tutoring,1,0.66|0.70|0.52|0.59|0.68|0.75|0.85|0.90|0.74|0.75|0.63|0.84|0.72|0.84|0.88|0.78|0.68|0.67|0.75|0.67|0.68|0.83|0.72|0.91|0.61|0.66|0.80|0.51|1.00|0.87|0.69|0.76,Logistics,2025-11-02T11:58:25Z
IT000303,Politecnico di Torino,Ukraine,Italy,Female,22,A2,56.4,0.92,High,Married,0.37,0,0.1,None,1,0.69|0.53|0.79|0.77|0.55|0.45|0.70|0.50|0.74|1.00|0.75|0.67|0.71|0.76|0.85|0.83|0.78|0.90|0.65|0.41|0.61|0.71|0.85|0.70|0.76|0.68|0.87|0.60|0.99|0.91|0.98|0.75,Business,2025-11-02T11:58:25Z
IT000304,University of Messina,Pakistan,Italy,Male,20,B1,82.5,0.94,Medium,Single,0.52,0,0.6,None,1,0.59|0.79|0.72|0.73|0.74|0.71|0.78|0.78|0.69|0.74|0.79|0.54|0.80|0.45|0.84|0.66|0.83|0.81|0.87|0.75|0.70|0.65|0.64|0.75|0.66|0.73|0.65|0.76|0.69|0.78|0.76|0.67,Engineering,2025-11-02T11:58:25Z
IT000305,Politecnico di Torino,Italy,Italy,Female,22,A2,88.7,0.86,High,Single,0.25,1,0.1,BuddyProgram,0,0.93|0.77|0.60|0.61|0.67|0.71|0.94|0.73|0.65|0.56|0.66|0.68|0.75|0.98|0.94|0.71|0.70|0.60|0.78|0.80|0.54|0.84|0.56|0.77|0.74|0.73|0.66|0.45|0.83|0.98|0.75|0.73,English Philology,2025-11-02T11:58:25Z
IT000306,Politecnico di Torino,Nigeria,Italy,Prefer not to say,18,C1,68.1,0.96,Low,Other,0.37,0,0.7,Counseling,1,0.64|0.70|0.66|0.81|0.72|0.83|0.84|0.88|0.39|0.57|0.55|0.72|0.83|0.70|0.79|0.58|0.77|0.78|0.66|0.89|0.73|0.58|0.92|0.65|0.76|0.77|0.60|0.79|0.58|0.90|0.73|0.94,English Philology,2025-11-02T11:58:25Z
IT000307,Politecnico di Torino,Sri Lanka,Italy,Other,19,A2,74.4,0.81,High,Other,0.54,1,0.6,None,0,0.62|0.63|0.68|0.54|0.65|0.48|0.62|0.87|0.59|0.53|0.89|0.67|0.68|0.67|0.84|0.95|0.82|0.90|0.85|0.65|0.77|0.55|0.68|0.72|0.84|0.52|0.67|0.63|0.61|0.90|0.71|0.68,Psychology,2025-11-02T11:58:25Z
IT000308,Politecnico di Torino,Nigeria,Italy,Female,27,B2,69.1,0.81,High,Married,0.31,0,0.7,BuddyProgram,1,0.74|0.71|0.56|0.44|0.82|0.86|0.84|0.70|0.70|0.89|1.00|0.67|0.65|0.77|0.56|0.81|0.44|0.93|0.96|0.74|0.76|0.75|0.84|0.77|0.39|0.83|0.82|0.94|0.87|0.41|0.60|0.58,Computer Science,2025-11-02T11:58:25Z
IT000309,University of Messina,USA,Italy,Male,27,C1,69.9,0.98,Medium,Single,0.55,0,0.3,None,1,0.67|0.80|0.83|0.72|0.85|1.00|0.56|0.68|0.71|0.65|0.76|0.85|0.64|0.82|0.97|0.64|0.72|0.63|0.94|0.75|0.82|0.71|0.82|0.70|0.72|0.70|0.84|0.98|0.93|0.68|1.00|0.52,Business,2025-11-02T11:58:25Z
IT000310,University of Messina,Slovakia,Italy,Male,25,C2,77,0.83,Medium,Married,0.1,0,0.1,Tutoring,1,0.72|0.64|0.86|0.61|0.65|0.70|0.71|0.71|0.83|0.84|0.66|0.74|0.77|0.79|0.75|0.71|0.55|0.79|0.83|0.99|0.52|0.59|0.70|0.62|0.86|0.77|0.80|0.71|0.47|0.56|0.29|0.55,Economics,2025-11-02T11:58:25Z
IT000311,University of Messina,Italy,Italy,Prefer not to say,18,A2,68,0.78,Low,Other,0.06,1,0.1,Counseling,0,0.68|0.69|0.70|0.62|0.85|0.78|0.72|0.74|0.69|0.79|0.64|0.60|0.75|0.67|0.50|0.75|0.70|0.82|0.80|0.84|0.67|0.62|0.79|0.67|0.64|0.59|0.74|0.68|0.55|0.62|1.00|0.83,Economics,2025-11-02T11:58:25Z
IT000312,Politecnico di Torino,Brazil,Italy,Other,27,B1,86.4,0.82,Low,Married,0.12,0,0.5,BuddyProgram,1,0.79|0.61|0.85|0.64|0.77|0.81|0.72|0.60|0.47|0.79|0.71|0.65|0.79|0.68|0.84|0.47|0.63|0.75|0.68|0.99|0.68|0.65|0.52|0.65|0.73|0.58|0.76|0.98|0.53|0.77|0.75|0.76,English Philology,2025-11-02T11:58:25Z
IT000313,University of Messina,Bangladesh,Italy,Other,21,C1,69.8,0.88,Medium,Single,0.2,0,0.6,None,0,0.75|0.61|0.74|0.76|0.60|0.84|0.99|0.69|0.76|0.73|0.92|0.72|0.86|0.66|0.56|0.53|1.00|0.76|0.79|0.81|0.77|0.65|0.68|0.62|0.71|0.72|0.82|0.67|0.84|0.69|0.88|0.72,Logistics,2025-11-02T11:58:25Z
IT000314,Politecnico di Torino,Latvia,Italy,Other,25,B1,67.2,0.77,Low,Other,0.04,0,0.1,None,1,0.43|0.77|0.73|0.78|0.72|0.78|0.65|0.79|0.70|0.68|0.45|0.65|0.79|0.71|0.82|0.61|0.71|0.70|0.70|0.78|0.79|0.80|1.00|0.76|0.63|0.71|0.71|0.88|0.62|0.55|0.78|0.50,Data Science,2025-11-02T11:58:25Z
IT000315,Politecnico di Torino,Nigeria,Italy,Prefer not to say,25,B2,72.9,0.96,High,Single,0.44,0,0.7,Tutoring,1,0.87|0.81|0.81|0.90|0.57|0.63|0.71|0.93|0.76|0.64|0.79|0.94|0.84|0.50|0.79|0.70|0.55|0.63|0.73|0.79|0.68|0.65|0.83|0.70|0.69|0.80|0.94|0.64|0.64|0.73|0.85|0.87,Psychology,2025-11-02T11:58:25Z
IT000316,University of Messina,Spain,Italy,Male,21,C2,73.7,0.96,Medium,Married,0.33,0,0.1,Tutoring,1,0.69|0.66|0.73|0.58|0.79|0.71|0.65|0.76|0.75|0.71|0.85|0.78|0.79|0.87|0.72|0.61|0.64|0.78|0.66|0.97|0.74|0.81|0.80|0.55|0.67|0.80|0.64|0.78|0.93|0.73|0.76|0.73,Economics,2025-11-02T11:58:25Z
IT000317,Politecnico di Torino,Italy,Italy,Male,22,B2,83.9,0.87,Low,Single,0.37,0,0.1,LanguageMentor,1,0.60|0.73|0.90|0.62|0.71|0.65|0.59|0.76|0.55|0.62|0.84|0.64|0.70|0.86|0.64|0.56|0.65|0.54|0.60|0.75|0.88|0.76|0.70|0.58|0.71|0.89|0.54|0.72|0.54|0.49|0.83|0.86,Business,2025-11-02T11:58:25Z
IT000318,Politecnico di Torino,Sri Lanka,Italy,Prefer not to say,19,C2,83.4,0.91,Low,Other,0.16,0,0.6,Tutoring,1,0.84|0.59|0.67|0.82|0.89|0.73|0.57|0.70|0.87|0.63|0.34|0.73|0.90|0.66|0.77|0.70|0.82|0.74|0.73|0.59|0.70|0.78|0.63|0.61|0.72|0.57|0.58|0.55|0.60|0.85|0.82|0.66,Engineering,2025-11-02T11:58:25Z
IT000319,Politecnico di Torino,Bangladesh,Italy,Male,23,B1,64.1,0.93,High,Single,0.04,0,0.6,Counseling,1,0.96|0.66|0.64|0.73|0.88|0.65|0.76|0.56|0.70|0.75|0.65|0.66|0.73|0.63|0.85|0.66|0.71|0.38|0.60|0.67|0.76|0.86|0.88|0.67|0.79|0.76|0.59|0.94|0.71|0.89|0.84|0.84,Computer Science,2025-11-02T11:58:25Z
IT000320,University of Messina,Nigeria,Italy,Male,27,B1,78.9,1,High,Single,0.24,0,0.7,None,1,0.57|0.56|0.85|0.57|0.71|0.64|0.84|0.52|0.69|0.60|0.84|0.60|0.74|0.91|0.43|0.78|0.60|0.91|0.54|0.93|0.76|0.82|0.77|0.77|0.81|0.80|0.72|0.48|0.88|0.88|0.95|0.71,Psychology,2025-11-02T11:58:25Z
IT000321,University of Messina,Bangladesh,Italy,Prefer not to say,28,C1,62.3,0.88,Low,Single,0.38,0,0.6,None,1,0.70|0.32|0.83|0.60|0.79|0.58|0.83|0.50|0.92|0.76|0.87|0.87|0.56|0.66|0.59|0.76|0.78|0.69|0.78|0.85|0.66|0.77|0.81|0.78|0.61|0.61|0.72|0.88|0.69|0.74|0.78|0.72,Business,2025-11-02T11:58:25Z
IT000322,University of Messina,USA,Italy,Female,22,C2,67.4,0.92,Medium,Single,0.32,1,0.3,Tutoring,0,0.64|0.83|0.62|0.81|0.76|0.84|0.86|0.79|0.61|0.54|0.81|0.73|0.94|0.76|0.68|0.66|0.98|0.69|0.51|0.83|0.84|0.70|0.80|1.00|0.53|0.96|0.52|0.80|0.85|0.70|0.83|0.61,Data Science,2025-11-02T11:58:25Z
IT000323,Politecnico di Torino,Latvia,Italy,Other,22,A2,77.9,0.96,Medium,Married,0.47,1,0.1,None,0,0.59|0.80|0.59|0.67|0.70|0.53|0.54|0.79|0.84|0.43|0.87|1.00|0.81|0.63|0.82|0.76|0.77|0.70|0.66|0.58|0.77|0.90|0.88|0.48|0.78|0.86|0.86|0.80|0.74|0.85|0.90|0.67,Psychology,2025-11-02T11:58:25Z
IT000324,University of Messina,Latvia,Italy,Prefer not to say,24,C2,57.4,0.86,Medium,Other,0.48,0,0.1,Tutoring,1,0.80|0.87|0.60|0.81|0.77|0.69|0.67|0.64|0.59|0.70|0.89|0.77|0.83|0.64|0.77|0.82|0.64|0.50|0.76|0.60|0.67|0.76|0.76|0.56|0.79|0.84|0.71|0.68|0.68|0.70|0.74|0.73,Economics,2025-11-02T11:58:25Z
IT000325,University of Messina,Italy,Italy,Male,25,A2,76,0.91,Low,Other,0.15,0,0.1,BuddyProgram,1,0.72|0.61|0.81|0.86|0.59|0.78|0.81|0.64|0.58|0.87|0.73|0.77|0.65|0.45|0.76|0.81|0.62|0.59|0.99|0.83|0.36|0.76|0.56|0.71|0.69|0.59|0.93|0.61|0.54|0.80|0.80|0.60,Engineering,2025-11-02T11:58:25Z
IT000326,University of Messina,Slovakia,Italy,Prefer not to say,24,A2,72.3,0.82,High,Single,0.26,1,0.1,None,0,0.55|0.73|0.73|0.66|0.89|0.62|0.42|1.00|0.83|0.72|0.66|0.68|0.80|0.65|0.87|0.72|0.55|0.80|0.78|0.77|0.81|0.73|0.65|0.80|0.90|0.77|0.70|0.65|0.55|0.87|0.62|0.71,Logistics,2025-11-02T11:58:25Z
IT000327,Politecnico di Torino,India,Italy,Female,26,C2,65.4,0.78,Low,Married,0.31,1,0.6,Tutoring,0,0.72|0.73|0.84|0.48|0.43|0.65|0.53|0.53|0.67|0.83|0.73|0.88|1.00|0.63|0.76|0.85|0.76|0.79|0.81|0.58|0.68|0.82|0.69|0.76|0.85|0.89|0.76|0.56|0.67|0.76|0.86|0.75,Psychology,2025-11-02T11:58:25Z
IT000328,University of Messina,Brazil,Italy,Prefer not to say,23,B2,79.2,0.95,High,Married,0.05,1,0.5,Tutoring,0,0.80|0.74|0.79|0.62|0.73|0.77|0.83|0.77|0.88|0.62|0.50|0.93|0.79|0.80|0.65|0.72|0.45|0.87|0.66|0.65|0.68|0.66|0.94|0.68|0.76|0.70|0.59|0.82|0.71|0.81|0.67|0.51,Psychology,2025-11-02T11:58:25Z
IT000329,University of Messina,Slovakia,Italy,Prefer not to say,22,C2,51,0.85,Medium,Single,0.41,0,0.1,None,1,0.51|0.69|0.44|0.71|0.75|0.84|0.82|0.93|0.44|0.66|0.58|0.78|0.86|0.69|0.69|0.78|0.89|1.00|0.87|0.80|0.80|0.54|0.71|0.76|0.74|0.67|0.89|0.98|0.84|0.69|0.89|0.71,Computer Science,2025-11-02T11:58:25Z
IT000330,University of Messina,Slovakia,Italy,Other,29,C1,92.9,1,Low,Married,0.59,0,0.1,BuddyProgram,1,0.51|0.55|0.79|0.82|0.85|0.63|0.85|0.75|0.76|0.96|0.78|0.70|0.81|0.79|0.85|0.83|0.83|0.69|0.71|0.78|0.58|0.84|0.79|0.70|0.76|0.78|0.71|1.00|0.86|0.78|0.56|0.66,Economics,2025-11-02T11:58:25Z
IT000331,University of Messina,Sri Lanka,Italy,Other,26,A2,61.7,0.9,High,Single,0.2,1,0.6,None,0,0.64|0.87|0.76|0.76|0.84|0.70|0.77|0.71|0.78|1.00|0.74|0.78|0.57|0.80|0.97|0.58|0.50|0.71|0.60|0.63|1.00|0.62|0.87|0.47|0.83|0.88|0.71|0.64|0.75|0.75|0.36|0.89,Psychology,2025-11-02T11:58:25Z
IT000332,University of Messina,Ukraine,Italy,Prefer not to say,18,B2,84.5,0.7,Low,Other,0.32,0,0.1,BuddyProgram,0,0.82|0.64|0.92|0.84|0.82|0.61|0.82|0.49|0.95|0.72|0.66|0.65|0.95|0.81|0.64|0.78|0.69|0.56|0.66|0.78|0.54|0.61|0.92|0.82|0.74|0.72|0.81|0.83|0.68|0.79|0.69|0.82,Logistics,2025-11-02T11:58:25Z
IT000333,University of Messina,Bangladesh,Italy,Prefer not to say,26,C1,74.7,0.84,Medium,Married,0.29,1,0.6,Tutoring,0,0.85|0.79|0.95|1.00|0.83|0.79|0.80|0.69|0.70|0.83|0.89|0.78|0.89|0.69|0.52|0.72|0.53|0.88|0.81|0.71|0.87|0.71|0.80|0.64|0.60|0.80|0.62|0.70|0.72|0.80|0.82|0.74,Data Science,2025-11-02T11:58:25Z
IT000334,University of Messina,Slovakia,Italy,Female,19,A2,88.8,0.73,Medium,Married,0.38,0,0.1,LanguageMentor,1,0.85|0.77|0.88|0.85|0.79|0.59|0.70|0.83|0.77|0.89|0.65|0.60|0.52|0.79|0.72|0.72|0.70|0.64|0.91|0.80|0.80|0.63|0.74|0.65|0.82|0.58|0.80|0.92|0.85|0.86|0.66|0.81,Data Science,2025-11-02T11:58:25Z
IT000335,Politecnico di Torino,USA,Italy,Other,26,C2,72.7,0.97,Low,Married,0.17,0,0.3,LanguageMentor,1,0.74|0.87|0.84|0.90|0.51|0.69|0.90|0.59|0.67|0.81|0.81|0.78|0.78|0.74|0.69|0.69|0.81|0.64|0.71|0.81|0.55|0.54|0.78|0.69|0.79|0.92|0.53|0.61|0.88|0.40|0.82|0.78,Business,2025-11-02T11:58:25Z
IT000336,Politecnico di Torino,Spain,Italy,Male,28,B1,80.6,0.94,Low,Married,0.27,1,0.1,Tutoring,0,0.62|0.65|0.64|0.67|0.64|0.85|0.85|0.82|0.68|0.83|0.67|0.72|0.80|0.45|0.74|0.82|0.45|0.77|0.77|0.79|0.77|0.58|0.75|0.79|1.00|0.74|0.92|0.67|0.57|0.51|0.84|0.74,Data Science,2025-11-02T11:58:25Z
IT000337,Politecnico di Torino,Spain,Italy,Prefer not to say,30,C1,72.1,0.91,Medium,Married,0.32,0,0.1,None,1,0.60|0.76|0.68|0.85|0.97|0.93|0.67|0.88|0.69|0.66|0.61|0.71|0.96|0.69|0.85|0.57|0.74|0.88|0.54|0.62|0.56|0.79|0.41|0.59|0.47|0.75|0.82|0.76|0.66|0.59|0.59|0.60,Data Science,2025-11-02T11:58:25Z
IT000338,Politecnico di Torino,Sri Lanka,Italy,Female,29,B2,71.9,0.88,Low,Other,0.2,0,0.6,BuddyProgram,1,0.71|0.72|0.52|0.72|0.76|0.60|0.72|0.61|0.62|0.91|0.48|0.88|0.81|0.56|0.77|0.62|0.64|0.54|0.78|0.89|0.71|0.61|0.58|0.95|0.50|0.75|0.79|0.78|0.66|0.84|0.74|0.57,Engineering,2025-11-02T11:58:25Z
IT000339,University of Messina,Italy,Italy,Male,21,C1,73.6,0.76,Low,Married,0.15,0,0.1,LanguageMentor,1,0.56|0.66|0.71|0.73|0.88|0.87|0.57|0.61|0.73|0.66|0.78|0.70|0.36|0.77|0.87|0.91|0.54|0.79|0.50|0.42|0.87|0.56|0.82|0.64|0.56|0.68|0.96|0.75|0.86|0.95|0.54|0.81,Psychology,2025-11-02T11:58:25Z
IT000340,University of Messina,Latvia,Italy,Male,28,B2,85.5,0.79,Medium,Other,0.53,0,0.1,LanguageMentor,1,0.70|0.67|0.66|0.76|0.54|0.80|0.91|0.73|0.57|0.66|0.59|0.62|0.86|0.74|0.90|0.74|0.73|0.68|0.67|0.74|0.77|0.55|0.61|0.52|1.00|0.90|0.96|0.81|0.76|0.84|0.65|0.70,Psychology,2025-11-02T11:58:25Z
IT000341,Politecnico di Torino,Sri Lanka,Italy,Female,21,C1,66.1,0.92,Medium,Single,0.46,1,0.6,Tutoring,0,0.88|0.70|0.60|0.77|0.75|0.71|0.76|0.79|0.72|0.84|0.70|0.78|0.90|0.72|0.63|0.69|0.68|0.80|0.56|0.67|0.51|0.97|0.68|0.66|0.72|0.65|0.75|0.71|0.75|0.78|0.74|0.71,Logistics,2025-11-02T11:58:25Z
IT000342,Politecnico di Torino,Bangladesh,Italy,Other,23,C2,73.7,0.81,High,Single,0.28,0,0.6,None,1,0.79|0.75|0.70|0.72|0.72|0.78|0.82|0.90|0.90|0.94|0.83|0.78|0.99|0.98|0.87|0.68|0.77|0.54|0.62|0.63|0.61|0.65|1.00|0.82|0.76|0.73|0.35|0.78|0.58|0.49|0.56|0.86,Economics,2025-11-02T11:58:25Z
IT000343,University of Messina,Nigeria,Italy,Other,25,B1,83.7,0.84,Low,Single,0.39,1,0.7,None,0,0.70|0.87|0.48|0.71|0.72|0.64|0.49|0.67|0.98|1.00|0.70|0.52|0.85|0.61|0.59|0.41|0.87|0.69|0.51|1.00|0.83|0.81|0.61|0.73|0.79|0.88|1.00|0.71|0.61|0.54|0.87|0.64,Engineering,2025-11-02T11:58:25Z
IT000344,Politecnico di Torino,Latvia,Italy,Female,26,C2,84.1,0.88,Medium,Other,0.13,0,0.1,None,1,0.62|0.84|0.71|0.65|0.62|0.65|0.77|0.63|0.63|0.69|0.64|0.62|0.77|0.86|0.83|0.89|0.86|0.84|0.82|0.67|0.61|0.52|0.69|0.63|0.52|0.72|0.83|0.53|0.83|0.63|0.95|0.72,Computer Science,2025-11-02T11:58:25Z
IT000345,Politecnico di Torino,Nigeria,Italy,Male,26,C1,93.1,0.85,Low,Married,0.11,1,0.7,Tutoring,0,0.66|0.70|1.00|0.75|0.81|0.90|0.77|0.71|0.59|0.95|0.78|0.73|0.63|0.72|0.54|0.68|0.71|0.87|0.74|0.71|0.76|0.70|0.67|0.84|0.76|0.86|0.75|0.77|0.85|0.51|0.82|0.90,Psychology,2025-11-02T11:58:25Z
IT000346,Politecnico di Torino,Nigeria,Italy,Other,20,C1,78.5,0.74,Medium,Single,0.4,0,0.7,Counseling,1,0.51|0.54|0.93|0.38|0.65|0.70|0.71|0.78|0.86|0.55|0.88|0.66|0.67|0.82|0.54|0.62|0.91|0.72|0.74|0.66|0.64|0.81|0.71|0.88|0.78|0.88|0.84|0.74|0.94|0.69|0.65|0.53,English Philology,2025-11-02T11:58:25Z
IT000347,Politecnico di Torino,Bangladesh,Italy,Female,18,C1,58.7,0.78,High,Other,0.6,1,0.6,Tutoring,0,0.65|0.61|0.81|0.79|0.33|0.61|0.82|0.86|0.75|1.00|0.65|0.55|0.63|0.70|0.58|0.70|0.81|0.74|0.90|0.86|0.47|0.93|0.81|0.73|0.61|0.70|0.62|0.68|0.72|0.75|0.94|0.76,Logistics,2025-11-02T11:58:25Z
IT000348,University of Messina,Spain,Italy,Male,24,C1,68.2,0.89,Medium,Other,0.23,1,0.1,None,0,0.85|0.73|0.67|0.61|0.83|0.72|1.00|0.90|0.97|0.57|0.68|0.69|0.59|0.50|0.80|0.90|0.59|0.45|0.70|0.82|0.63|0.53|0.59|0.71|0.49|0.44|0.61|0.63|0.56|0.61|0.61|0.73,Engineering,2025-11-02T11:58:25Z
IT000349,Politecnico di Torino,Nigeria,Italy,Male,21,B2,87.6,0.78,Low,Other,0.68,0,0.7,None,1,0.87|0.94|0.59|0.77|0.68|0.70|0.85|0.70|0.53|0.70|0.84|0.63|0.92|0.55|0.64|0.83|0.72|0.61|0.77|0.49|0.49|0.58|0.20|0.58|0.67|0.73|0.79|0.84|0.85|0.64|0.57|0.70,Economics,2025-11-02T11:58:25Z
IT000350,Politecnico di Torino,Pakistan,Italy,Male,26,C1,82.2,0.95,Medium,Single,0.49,0,0.6,None,1,0.55|0.65|0.89|0.55|0.73|0.67|0.73|0.50|0.91|0.82|0.68|0.56|0.62|0.44|0.50|0.46|0.86|0.58|0.80|0.60|0.74|0.87|0.57|0.80|0.68|0.53|0.69|0.72|0.73|0.72|0.76|0.82,Economics,2025-11-02T11:58:25Z
IT000351,Politecnico di Torino,Slovakia,Italy,Female,20,C1,64.6,0.85,High,Single,0.18,0,0.1,None,1,0.73|0.67|0.86|0.81|0.77|0.70|0.73|0.58|0.74|0.47|0.53|0.75|0.89|0.77|0.52|0.88|0.76|0.72|0.91|0.53|0.61|0.79|0.46|0.99|0.72|0.84|0.80|0.93|0.74|0.80|0.53|0.60,Logistics,2025-11-02T11:58:25Z
IT000352,Politecnico di Torino,USA,Italy,Other,19,C1,72.6,0.89,Medium,Single,0.37,0,0.3,None,0,0.76|0.68|0.79|0.64|0.91|0.61|0.65|1.00|0.85|0.78|0.99|0.57|0.63|0.66|0.59|0.70|0.78|0.82|0.84|0.58|0.53|0.75|0.85|0.71|0.72|0.42|0.62|0.78|0.86|0.74|0.73|0.52,Logistics,2025-11-02T11:58:25Z
IT000353,Politecnico di Torino,Sri Lanka,Italy,Other,23,C1,80.3,0.92,Low,Other,0.23,1,0.6,BuddyProgram,0,0.81|0.84|0.91|0.53|0.93|0.76|0.64|0.87|0.91|0.77|0.70|0.93|0.56|0.70|0.52|0.76|0.68|0.84|0.90|0.66|0.52|0.83|0.83|0.81|0.80|0.68|0.71|0.78|0.76|0.57|1.00|0.88,English Philology,2025-11-02T11:58:25Z
IT000354,Politecnico di Torino,Nigeria,Italy,Male,19,B1,65.4,0.79,Medium,Single,0.09,0,0.7,LanguageMentor,0,0.81|0.56|0.57|0.76|0.81|0.43|0.77|0.51|0.79|0.55|0.52|0.74|0.82|0.61|0.71|0.63|0.69|0.63|0.59|0.75|0.81|0.84|0.62|0.75|0.72|0.61|0.83|0.86|0.62|0.72|0.65|0.55,Economics,2025-11-02T11:58:25Z
IT000355,University of Messina,Brazil,Italy,Prefer not to say,24,C1,74.1,0.94,Medium,Other,0.13,1,0.5,None,0,0.64|0.81|0.84|0.60|0.74|0.63|0.86|0.68|0.83|0.81|0.69|0.80|0.67|0.80|0.73|0.62|0.71|0.89|0.67|0.64|0.89|0.60|0.62|0.82|1.00|0.83|0.74|0.83|0.81|0.58|0.91|0.71,Data Science,2025-11-02T11:58:25Z
IT000356,Politecnico di Torino,Nigeria,Italy,Other,28,B2,82.5,0.95,High,Married,0.2,0,0.7,None,1,0.76|0.70|0.64|0.62|0.67|0.65|0.71|0.78|0.99|0.64|0.61|0.64|0.56|0.65|0.71|0.79|0.58|0.67|0.80|0.69|0.81|0.88|0.80|0.63|0.72|0.97|0.63|0.62|0.76|0.81|0.77|0.82,English Philology,2025-11-02T11:58:25Z
IT000357,University of Messina,Slovakia,Italy,Female,24,A2,53,0.93,Low,Single,0.3,1,0.1,None,0,0.79|0.65|0.69|0.90|0.67|0.79|1.00|0.74|0.95|0.74|0.62|0.69|0.68|0.77|0.80|0.94|0.75|0.90|0.71|0.65|0.73|0.78|0.87|0.69|0.50|0.79|0.71|0.80|0.58|0.95|0.61|0.45,Economics,2025-11-02T11:58:25Z
IT000358,Politecnico di Torino,USA,Italy,Female,18,A2,74.1,0.9,Low,Other,0.5,0,0.3,Tutoring,1,0.82|0.82|0.74|0.77|0.74|0.81|0.71|0.71|0.89|0.70|0.83|0.80|0.72|0.64|0.51|0.50|0.73|0.81|0.54|0.59|0.70|0.62|0.60|0.73|0.66|0.68|0.73|0.73|0.82|0.84|0.57|0.79,English Philology,2025-11-02T11:58:25Z
IT000359,Politecnico di Torino,India,Italy,Male,24,C1,63.9,0.84,High,Other,0.08,1,0.6,Tutoring,0,0.70|0.76|0.78|0.77|0.81|0.64|0.81|0.54|1.00|1.00|0.76|0.87|0.53|0.73|1.00|0.72|0.92|0.54|0.72|0.61|0.82|0.79|0.41|0.55|0.98|0.66|0.80|0.60|0.94|0.48|0.65|0.56,Logistics,2025-11-02T11:58:25Z
IT000360,University of Messina,India,Italy,Female,24,C1,60.9,0.84,High,Married,0.12,1,0.6,Tutoring,0,0.50|0.78|0.84|1.00|1.00|0.63|0.63|0.65|0.76|0.77|0.64|0.65|0.62|0.47|0.59|0.73|0.70|0.50|0.57|0.86|0.76|0.84|0.85|0.73|0.63|0.76|0.81|0.94|0.86|0.69|0.58|0.59,Psychology,2025-11-02T11:58:25Z
IT000361,Politecnico di Torino,Brazil,Italy,Prefer not to say,23,B1,71,0.84,Low,Other,0.12,0,0.5,BuddyProgram,1,0.48|0.73|0.56|0.63|0.66|0.72|0.85|0.66|0.86|0.94|0.92|0.54|0.56|0.62|0.69|0.79|0.77|0.55|0.66|0.58|0.74|0.71|0.75|0.55|0.61|0.82|0.52|0.67|0.72|0.59|0.70|0.82,Economics,2025-11-02T11:58:25Z
IT000362,Politecnico di Torino,Pakistan,Italy,Female,21,B1,74,0.93,Medium,Single,0.44,0,0.6,BuddyProgram,1,0.68|0.79|0.89|0.69|0.72|0.73|0.77|0.80|0.88|0.63|0.61|0.86|0.54|0.65|0.64|0.63|0.56|0.57|0.87|0.80|0.45|0.64|0.59|0.75|0.74|0.91|0.70|0.88|1.00|0.78|0.84|0.72,English Philology,2025-11-02T11:58:25Z
IT000363,University of Messina,Bangladesh,Italy,Prefer not to say,23,C2,67.5,0.96,Medium,Single,0.12,0,0.6,LanguageMentor,1,0.84|1.00|0.57|0.63|0.87|0.61|0.63|0.63|0.88|0.83|0.67|0.69|0.77|0.52|0.87|0.70|0.80|0.82|0.79|1.00|0.75|0.88|0.91|1.00|0.99|0.46|0.67|0.94|0.68|0.49|0.62|0.76,Psychology,2025-11-02T11:58:25Z
IT000364,Politecnico di Torino,Sri Lanka,Italy,Prefer not to say,22,B1,76.9,1,Medium,Married,0.59,0,0.6,BuddyProgram,0,0.86|0.76|0.78|0.68|0.77|0.77|0.58|0.83|0.78|0.89|0.88|0.73|0.89|0.76|0.68|0.66|0.68|0.72|0.49|0.75|0.66|0.67|0.60|0.83|0.54|0.42|0.58|0.68|0.59|0.50|0.73|0.92,Data Science,2025-11-02T11:58:25Z
IT000365,University of Messina,Latvia,Italy,Prefer not to say,21,B2,47.8,0.98,Medium,Single,0.62,0,0.1,BuddyProgram,1,0.67|0.76|0.76|0.68|0.74|1.00|0.74|0.90|0.74|0.94|0.56|0.59|0.77|0.53|0.84|0.40|0.62|0.55|0.67|0.67|0.71|0.78|0.54|0.50|0.65|0.77|0.59|0.68|0.89|0.99|0.79|0.79,Logistics,2025-11-02T11:58:25Z
IT000366,University of Messina,Bangladesh,Italy,Prefer not to say,29,C2,55.1,0.77,High,Married,0.01,0,0.6,Tutoring,1,0.92|0.94|0.99|0.74|0.63|0.76|0.77|0.70|0.80|0.82|0.73|0.77|0.73|0.82|0.66|0.75|0.70|0.80|0.84|0.69|0.70|0.91|0.54|0.77|0.88|0.69|0.75|0.52|0.70|0.93|0.72|0.70,Economics,2025-11-02T11:58:25Z
IT000367,Politecnico di Torino,Latvia,Italy,Prefer not to say,26,B1,72.3,0.91,Medium,Single,0.26,0,0.1,Tutoring,1,0.68|0.61|0.68|0.85|0.64|0.72|0.64|0.92|0.65|0.91|0.75|0.45|0.80|0.71|0.86|0.90|0.78|0.82|0.67|0.67|0.59|0.77|0.92|0.76|0.52|0.76|0.72|0.80|0.80|0.84|0.71|0.94,Business,2025-11-02T11:58:25Z
IT000368,University of Messina,Spain,Italy,Female,19,B2,69.3,0.98,Low,Other,0.43,1,0.1,BuddyProgram,0,0.87|0.71|0.58|0.78|0.83|0.83|0.74|0.89|0.64|0.65|0.54|0.83|0.76|0.60|0.74|0.64|0.85|0.72|0.71|0.80|0.65|0.51|0.81|0.72|0.49|0.46|0.75|0.69|0.66|0.94|0.91|0.83,Data Science,2025-11-02T11:58:25Z
IT000369,Politecnico di Torino,Nigeria,Italy,Prefer not to say,21,C2,74.3,0.8,Medium,Single,0.19,1,0.7,None,0,0.75|0.79|0.70|0.67|0.78|0.63|0.79|0.80|0.75|0.75|0.84|0.55|0.59|0.82|0.54|0.62|0.80|0.72|0.87|0.61|0.65|0.80|0.63|0.79|0.56|0.65|0.53|0.65|0.64|0.75|0.80|0.41,Business,2025-11-02T11:58:25Z
IT000370,Politecnico di Torino,Slovakia,Italy,Female,25,B1,91.4,0.89,High,Other,0.52,1,0.1,Tutoring,0,0.89|0.70|0.70|0.70|0.87|0.64|0.61|0.60|0.79|0.52|0.75|0.64|0.76|0.53|1.00|0.71|0.65|0.73|0.72|0.75|0.59|0.60|0.62|0.57|0.94|0.86|0.78|0.72|0.94|0.83|0.63|0.65,Computer Science,2025-11-02T11:58:25Z
IT000371,University of Messina,Slovakia,Italy,Prefer not to say,21,B2,63.2,0.87,Medium,Single,0.2,0,0.1,LanguageMentor,1,0.74|0.75|0.77|0.43|0.81|0.52|0.82|0.75|0.85|0.64|0.61|0.74|1.00|0.68|0.74|0.89|0.68|0.59|0.91|0.68|0.58|0.66|0.85|0.68|0.41|0.72|0.86|0.59|0.83|0.63|0.83|0.59,Psychology,2025-11-02T11:58:25Z
IT000372,Politecnico di Torino,Spain,Italy,Male,27,B2,56.5,0.73,Low,Married,0.31,0,0.1,BuddyProgram,1,0.73|0.52|0.68|0.64|0.57|0.55|0.59|0.68|0.55|0.69|0.84|0.73|0.83|0.88|0.69|0.56|0.96|0.56|0.79|0.89|0.95|0.50|0.91|0.68|0.48|0.46|0.72|0.69|0.95|0.62|0.74|0.64,Economics,2025-11-02T11:58:25Z
IT000373,University of Messina,Vietnam,Italy,Other,21,C1,71.6,0.73,Low,Married,0.54,0,0.6,BuddyProgram,1,0.65|0.58|0.61|0.74|0.75|0.77|0.71|0.78|0.62|0.87|0.82|0.72|0.62|0.86|0.69|1.00|0.70|0.66|0.63|0.77|0.60|0.73|0.69|0.60|0.74|0.61|0.57|0.55|0.57|0.79|0.82|0.70,Data Science,2025-11-02T11:58:25Z
IT000374,University of Messina,Ukraine,Italy,Female,25,A2,62.8,0.84,Medium,Single,0.47,1,0.1,BuddyProgram,0,0.62|0.59|0.73|0.66|0.70|0.88|0.49|0.83|0.75|0.70|0.73|0.69|0.73|0.63|0.68|0.81|0.81|0.44|0.84|0.84|0.67|0.69|0.70|0.67|0.73|0.64|0.83|0.40|0.91|0.76|0.71|0.90,Data Science,2025-11-02T11:58:25Z
IT000375,Politecnico di Torino,Pakistan,Italy,Male,20,C2,71.7,0.79,Low,Other,0.33,0,0.6,Tutoring,1,0.85|0.85|0.68|0.59|0.55|0.80|0.49|0.55|0.75|0.55|0.90|0.84|0.99|0.42|0.60|0.84|0.76|0.81|0.63|0.40|0.59|0.90|0.67|0.67|0.66|0.89|0.63|0.53|0.72|0.78|0.83|0.54,Data Science,2025-11-02T11:58:25Z
IT000376,University of Messina,Latvia,Italy,Other,18,C1,73.1,0.85,High,Married,0.13,0,0.1,LanguageMentor,1,0.80|0.79|0.78|0.61|0.74|0.79|0.78|0.76|0.66|0.70|0.69|0.79|0.36|0.54|0.72|0.53|0.81|0.54|0.83|0.70|0.80|0.70|0.85|0.76|0.52|0.83|0.65|0.63|0.48|0.70|0.71|0.71,Data Science,2025-11-02T11:58:25Z
IT000377,University of Messina,Bangladesh,Italy,Male,26,B1,68.8,0.96,Low,Married,0.21,0,0.6,LanguageMentor,1,0.89|0.58|0.63|0.52|0.53|0.69|0.61|0.78|0.64|0.59|0.79|0.97|0.97|0.81|0.76|0.90|0.56|0.85|0.72|0.89|0.90|0.77|0.87|0.72|0.66|0.66|0.91|0.62|0.80|0.58|0.57|0.56,Engineering,2025-11-02T11:58:25Z
IT000378,Politecnico di Torino,India,Italy,Prefer not to say,22,B1,87.2,0.89,Low,Other,0.1,1,0.6,BuddyProgram,0,0.97|0.56|0.70|0.81|0.67|1.00|0.86|0.70|0.75|0.90|0.63|0.72|0.66|0.74|0.92|0.64|0.57|0.57|0.60|0.82|0.77|0.59|0.76|0.50|0.82|0.88|0.72|0.70|0.92|0.81|0.70|0.78,Economics,2025-11-02T11:58:25Z
IT000379,University of Messina,Italy,Italy,Prefer not to say,25,B2,74.6,0.96,Low,Single,0.22,0,0.1,BuddyProgram,1,0.58|0.62|0.88|0.74|0.80|0.78|0.63|0.51|0.58|0.41|0.70|0.89|0.73|0.71|0.77|0.54|0.68|0.73|0.81|0.60|0.73|0.59|0.65|0.69|0.92|0.94|0.97|0.92|0.62|0.91|0.89|0.73,Logistics,2025-11-02T11:58:25Z
IT000380,Politecnico di Torino,Vietnam,Italy,Female,22,C1,79.5,0.93,Medium,Other,0.28,0,0.6,None,1,0.88|0.73|0.54|0.74|0.86|0.67|0.60|0.90|0.48|0.87|0.86|0.46|0.88|0.86|0.83|0.88|0.71|0.67|0.87|0.84|0.68|0.78|0.58|0.74|0.87|0.61|0.89|1.00|0.66|0.79|0.70|0.55,Engineering,2025-11-02T11:58:25Z
IT000381,Politecnico di Torino,Sri Lanka,Italy,Other,21,C2,68.6,0.85,Medium,Married,0.2,0,0.6,Tutoring,1,0.75|0.89|0.59|0.92|0.80|0.69|0.62|0.97|0.60|0.85|0.73|0.89|0.79|0.37|0.66|0.89|0.66|0.45|0.59|0.83|0.72|0.89|0.80|0.60|0.98|0.78|0.72|0.87|0.88|0.58|0.77|0.94,Business,2025-11-02T11:58:25Z
IT000382,Politecnico di Torino,Ukraine,Italy,Prefer not to say,26,A2,74.3,0.84,High,Single,0.03,1,0.1,None,0,0.66|0.57|0.83|0.88|0.56|0.73|0.86|0.92|0.69|0.61|0.68|0.84|0.82|0.80|0.83|0.89|0.71|0.70|0.41|0.80|0.81|0.72|0.70|0.58|0.88|0.74|0.77|0.68|0.65|0.55|0.71|0.86,Engineering,2025-11-02T11:58:25Z
IT000383,Politecnico di Torino,Pakistan,Italy,Male,24,C1,89.4,0.81,Medium,Married,0.11,0,0.6,BuddyProgram,1,0.48|0.65|0.51|0.83|0.93|0.46|0.58|0.63|0.73|0.78|0.67|0.83|0.55|0.73|0.74|0.88|0.69|0.52|0.60|0.50|0.88|0.67|0.67|0.67|0.57|0.73|0.96|0.90|0.66|0.64|0.69|0.61,Logistics,2025-11-02T11:58:25Z
IT000384,Politecnico di Torino,Sri Lanka,Italy,Other,22,C1,86.6,1,High,Other,0.13,0,0.6,None,1,0.75|0.76|0.69|0.91|0.72|0.79|0.46|0.64|0.53|0.77|0.77|0.72|0.62|0.83|1.00|0.52|0.67|0.73|0.74|0.86|0.73|0.58|0.76|0.65|0.48|0.61|0.76|0.62|0.59|0.66|0.88|0.77,Computer Science,2025-11-02T11:58:25Z
IT000385,Politecnico di Torino,Spain,Italy,Female,29,A2,54,0.87,High,Other,0.26,1,0.1,BuddyProgram,0,0.75|0.80|0.65|0.81|0.80|0.74|0.65|0.64|0.70|0.71|0.74|0.78|0.63|0.77|0.66|0.68|0.99|0.68|0.87|0.61|0.82|0.76|0.78|0.76|0.92|0.72|0.78|0.71|0.85|0.74|0.80|0.90,Psychology,2025-11-02T11:58:25Z
IT000386,University of Messina,Vietnam,Italy,Male,18,B2,60.7,0.78,Low,Single,0.49,0,0.6,LanguageMentor,0,0.69|0.68|0.83|0.61|0.66|1.00|0.64|0.68|0.79|0.62|0.66|1.00|0.86|0.79|0.64|0.72|0.75|0.78|0.88|0.87|0.85|0.64|0.84|0.58|0.73|0.74|0.72|0.42|0.82|0.88|0.79|0.65,Data Science,2025-11-02T11:58:25Z
IT000387,University of Messina,Sri Lanka,Italy,Female,28,C1,61.1,0.89,High,Other,0.3,0,0.6,BuddyProgram,1,0.77|0.74|0.72|0.72|0.39|0.64|0.61|0.73|0.75|0.59|0.76|0.66|0.60|0.61|0.75|0.45|0.70|0.65|0.86|0.69|0.67|0.72|0.85|0.72|0.96|0.96|1.00|0.75|0.87|0.87|0.78|0.76,Economics,2025-11-02T11:58:25Z
IT000388,Politecnico di Torino,USA,Italy,Female,21,A2,67,0.84,Low,Single,0.19,0,0.3,Tutoring,1,0.66|0.50|0.74|0.64|0.87|0.81|0.57|0.64|0.59|0.30|0.83|0.65|0.68|0.68|0.80|0.74|0.58|0.40|0.75|0.76|0.94|0.80|0.86|0.75|0.86|0.75|0.79|0.82|0.78|0.73|0.47|0.67,Logistics,2025-11-02T11:58:25Z
IT000389,University of Messina,Slovakia,Italy,Male,22,B1,62,0.85,Medium,Married,0.28,0,0.1,BuddyProgram,0,0.65|0.69|0.86|0.68|0.69|0.68|0.64|0.87|1.00|0.81|0.83|0.62|0.76|0.84|0.50|0.57|0.73|1.00|0.89|0.89|0.87|0.70|0.77|0.82|0.77|0.71|0.58|0.67|0.74|0.83|0.73|0.81,Business,2025-11-02T11:58:25Z
IT000390,University of Messina,India,Italy,Male,18,C1,55.6,0.87,High,Other,0.51,0,0.6,LanguageMentor,1,0.78|0.42|0.59|0.81|1.00|0.61|0.69|0.65|0.58|0.79|0.74|0.68|0.73|0.66|0.80|0.69|0.74|0.55|0.52|0.82|0.80|0.71|0.27|0.77|0.76|0.64|0.74|0.65|0.67|0.68|0.63|0.84,Economics,2025-11-02T11:58:25Z
IT000391,Politecnico di Torino,Slovakia,Italy,Female,18,C1,69.1,0.92,Low,Single,0.31,0,0.1,BuddyProgram,1,0.67|0.64|0.93|0.54|0.93|0.57|0.60|0.83|0.98|1.00|0.90|0.70|1.00|0.73|0.73|0.81|0.72|0.75|0.91|0.77|0.63|0.48|1.00|0.66|0.55|0.81|0.57|0.95|0.35|0.57|1.00|0.96,English Philology,2025-11-02T11:58:25Z
IT000392,University of Messina,India,Italy,Other,27,C2,77.2,0.89,High,Other,0.1,0,0.6,BuddyProgram,1,0.84|0.70|0.89|0.63|0.72|0.69|0.66|1.00|0.52|0.64|0.92|0.55|0.74|0.37|0.87|0.80|0.85|0.79|1.00|0.67|0.72|0.82|0.51|0.78|0.85|0.80|1.00|0.67|0.91|0.80|0.66|0.78,Economics,2025-11-02T11:58:25Z
IT000393,University of Messina,Ukraine,Italy,Female,20,C1,75.5,0.87,Low,Married,0.41,0,0.1,None,1,0.61|0.57|0.84|0.83|0.93|0.84|0.88|0.64|0.69|0.82|0.71|0.59|0.61|0.83|0.67|0.82|0.66|0.72|0.55|0.79|0.64|0.75|0.77|0.52|0.66|0.74|0.65|0.61|0.61|0.66|0.72|1.00,English Philology,2025-11-02T11:58:25Z
IT000394,University of Messina,Sri Lanka,Italy,Female,29,B1,77.6,0.84,High,Married,0.18,0,0.6,None,1,0.71|0.76|0.82|0.89|0.83|0.60|0.56|0.72|0.80|0.79|0.74|0.91|0.71|0.75|0.81|0.80|0.83|0.69|0.58|0.90|0.75|0.76|0.70|0.68|0.55|0.89|0.66|0.63|0.82|0.58|0.78|0.86,Economics,2025-11-02T11:58:25Z
IT000395,Politecnico di Torino,Pakistan,Italy,Female,25,B1,74.1,0.83,Medium,Single,0.26,1,0.6,None,0,0.79|0.73|0.65|0.79|0.80|0.70|0.65|0.85|0.66|0.84|0.62|0.76|0.63|1.00|0.65|0.81|0.71|0.64|1.00|0.94|0.64|0.66|0.55|0.71|0.51|0.92|0.84|0.72|0.61|0.68|0.66|0.59,Computer Science,2025-11-02T11:58:25Z
IT000396,Politecnico di Torino,Vietnam,Italy,Female,19,A2,74,0.99,Low,Married,0.08,0,0.6,Tutoring,1,0.53|0.72|0.73|0.81|0.55|0.75|0.90|0.78|1.00|0.85|0.92|0.86|0.69|0.47|0.63|0.66|0.93|0.59|0.50|0.91|0.62|1.00|0.77|0.44|0.52|0.67|0.80|0.73|0.61|0.76|0.69|0.56,Logistics,2025-11-02T11:58:25Z
IT000397,Politecnico di Torino,Brazil,Italy,Female,23,B2,69.6,0.89,Low,Single,0.08,0,0.5,BuddyProgram,1,0.71|0.53|0.61|0.59|0.70|0.73|0.69|0.99|0.57|0.57|0.83|0.65|0.76|1.00|0.77|0.98|0.84|0.80|0.55|0.54|0.68|0.85|0.71|0.62|0.47|0.68|1.00|0.47|0.89|0.72|0.50|0.79,Economics,2025-11-02T11:58:25Z
IT000398,University of Messina,Ukraine,Italy,Prefer not to say,23,C1,75.8,0.76,Low,Single,0.18,0,0.1,None,1,0.97|0.77|0.99|0.66|0.66|0.65|0.62|0.64|0.82|0.76|0.94|0.81|0.66|0.77|0.85|0.84|0.75|0.88|0.72|0.61|0.72|0.83|0.63|0.69|0.70|0.86|0.83|0.83|0.42|0.83|0.67|0.61,Data Science,2025-11-02T11:58:25Z
IT000399,Politecnico di Torino,Pakistan,Italy,Male,25,B1,78.5,0.84,Low,Married,0.46,1,0.6,None,0,0.69|0.55|0.77|0.92|0.99|0.74|0.73|0.82|1.00|0.69|0.56|0.58|0.60|0.66|0.82|0.87|0.81|0.54|0.52|0.94|0.65|0.63|0.61|0.73|0.69|0.71|0.55|0.79|0.50|0.88|0.71|0.61,Computer Science,2025-11-02T11:58:25Z
IT000400,Politecnico di Torino,Vietnam,Italy,Female,21,B1,72.1,0.9,High,Married,0.33,0,0.6,Tutoring,1,0.69|0.68|0.93|0.64|0.73|0.80|0.63|0.71|0.66|1.00|0.81|1.00|0.96|0.89|0.84|0.76|0.61|0.35|0.99|0.75|0.83|0.71|0.71|0.87|0.81|0.67|0.65|0.74|0.89|0.68|0.71|0.48,Economics,2025-11-02T11:58:25Z
IT000401,Politecnico di Torino,Sri Lanka,Italy,Prefer not to say,19,B1,55.6,0.83,High,Married,0.28,0,0.6,BuddyProgram,1,0.69|0.92|0.59|0.77|0.57|0.64|0.68|0.76|0.63|0.62|0.80|0.77|0.81|0.59|0.66|0.86|0.59|0.83|0.75|0.71|0.82|0.57|0.55|0.60|0.82|0.74|0.80|0.65|0.44|0.60|0.86|0.61,Economics,2025-11-02T11:58:25Z
IT000402,Politecnico di Torino,Italy,Italy,Other,30,A2,80.6,0.97,Low,Married,0.48,0,0.1,BuddyProgram,1,0.57|0.68|0.84|0.68|1.00|0.80|0.58|0.66|0.60|0.84|0.76|0.87|0.87|0.77|0.52|0.91|0.45|0.70|0.87|0.91|0.60|0.80|0.54|0.60|0.82|0.87|0.87|0.64|0.70|0.78|0.59|0.69,English Philology,2025-11-02T11:58:25Z
IT000403,Politecnico di Torino,USA,Italy,Male,26,B1,63,0.87,Low,Single,0.4,1,0.3,None,0,0.72|0.70|0.96|0.58|0.70|0.71|0.72|0.86|0.68|0.85|0.51|0.83|0.67|0.52|0.83|0.55|0.63|0.69|0.77|0.83|0.83|0.65|0.66|0.70|0.85|0.70|0.72|0.94|0.95|0.74|0.70|0.84,Computer Science,2025-11-02T11:58:25Z
IT000404,University of Messina,Spain,Italy,Female,20,B1,72,0.79,Low,Married,0.45,0,0.1,LanguageMentor,1,0.82|0.65|0.68|0.92|0.58|0.69|0.61|0.61|0.95|0.59|0.68|0.98|0.45|0.86|0.86|0.72|0.98|0.83|0.69|0.88|0.94|0.71|0.65|0.65|0.48|0.85|0.81|0.69|0.62|0.85|0.72|0.78,Logistics,2025-11-02T11:58:25Z
IT000405,University of Messina,Vietnam,Italy,Female,26,B2,72.9,0.82,High,Married,0.21,0,0.6,None,1,0.61|0.70|0.83|0.77|0.75|0.76|0.66|0.67|0.59|1.00|1.00|0.77|0.60|0.68|0.97|0.53|0.54|0.72|0.82|0.96|0.66|0.64|0.89|0.67|0.75|0.80|0.73|0.58|0.74|0.48|0.74|0.53,English Philology,2025-11-02T11:58:25Z
IT000406,Politecnico di Torino,Spain,Italy,Male,24,C2,67.5,0.78,Low,Married,0.2,0,0.1,LanguageMentor,1,0.74|0.87|0.65|0.79|0.72|0.66|0.68|0.81|0.78|0.57|0.71|0.77|0.77|0.95|0.73|0.77|0.81|0.89|0.78|0.64|0.67|0.65|0.81|0.80|0.81|0.82|0.68|0.63|0.71|0.79|0.72|1.00,Psychology,2025-11-02T11:58:25Z
IT000407,Politecnico di Torino,Pakistan,Italy,Prefer not to say,19,C2,69.4,0.82,High,Other,0.53,0,0.6,LanguageMentor,1,0.60|0.95|0.80|0.64|0.75|0.58|0.71|0.74|0.73|0.59|0.53|0.91|0.73|0.73|0.68|0.77|0.81|0.80|0.43|0.75|0.80|0.86|0.63|0.80|0.66|0.65|0.49|0.86|0.66|0.84|0.75|0.63,Business,2025-11-02T11:58:25Z
IT000408,University of Messina,India,Italy,Other,25,B2,72.1,0.88,High,Married,0.24,0,0.6,Counseling,1,0.50|0.75|0.92|0.68|0.85|0.62|1.00|0.82|0.69|0.76|0.86|0.85|0.76|0.77|0.73|0.74|0.66|0.78|0.67|0.66|0.89|0.66|0.60|0.81|0.50|1.00|0.67|0.69|0.61|0.72|0.43|0.73,Logistics,2025-11-02T11:58:25Z
IT000409,Politecnico di Torino,Sri Lanka,Italy,Other,20,B2,70.9,0.77,High,Single,0.49,0,0.6,Tutoring,1,0.68|0.77|0.57|0.86|0.74|0.47|0.75|0.97|0.82|0.66|0.80|0.72|0.82|0.57|0.79|0.59|0.62|0.52|0.79|0.71|0.76|0.68|0.83|0.62|0.68|0.53|0.83|0.63|0.83|0.87|0.41|0.86,Economics,2025-11-02T11:58:25Z
IT000410,University of Messina,Slovakia,Italy,Prefer not to say,26,C1,73.7,0.82,Medium,Single,0.07,0,0.1,Tutoring,0,0.67|0.50|0.67|0.60|0.77|0.72|0.97|0.70|0.82|0.79|0.94|0.60|0.75|0.80|0.85|0.71|0.76|0.97|0.92|0.49|0.63|0.77|0.52|0.63|0.82|0.71|0.86|0.80|0.93|0.58|0.99|0.78,Computer Science,2025-11-02T11:58:25Z
IT000411,University of Messina,Bangladesh,Italy,Prefer not to say,21,C1,56.2,0.72,Low,Other,0.38,1,0.6,None,0,0.77|0.62|0.95|0.60|0.79|0.84|0.55|0.91|0.61|0.55|0.84|0.61|0.83|0.80|0.74|0.77|0.69|0.65|0.83|0.89|0.63|0.71|0.58|0.54|0.60|0.55|0.72|0.68|0.80|0.83|0.81|0.78,Computer Science,2025-11-02T11:58:25Z
IT000412,Politecnico di Torino,Ukraine,Italy,Prefer not to say,25,B2,74.6,0.88,Low,Single,0.12,0,0.1,Counseling,1,1.00|0.79|0.90|0.64|0.76|0.71|0.84|0.94|0.74|0.66|0.43|0.98|0.69|0.63|0.75|0.74|0.80|0.62|0.86|0.97|0.64|0.81|0.66|0.60|0.53|0.65|0.56|0.68|0.97|0.59|0.90|0.82,Computer Science,2025-11-02T11:58:25Z
IT000413,Politecnico di Torino,Pakistan,Italy,Male,24,A2,75.8,0.82,High,Single,0.39,1,0.6,None,0,0.87|0.57|0.56|0.83|0.74|0.47|0.88|0.56|0.76|0.79|0.87|0.88|0.56|0.79|0.77|0.62|0.69|0.75|0.72|0.72|0.62|0.73|0.85|0.72|0.68|0.88|0.85|0.85|0.47|0.91|0.99|0.78,English Philology,2025-11-02T11:58:25Z
IT000414,Politecnico di Torino,Pakistan,Italy,Male,25,C2,67.9,0.84,Low,Other,0.23,0,0.6,None,1,0.72|0.82|0.68|0.82|0.68|0.76|0.60|0.73|0.70|0.83|0.85|0.99|0.41|0.67|0.69|0.81|0.91|0.65|0.68|0.83|0.68|0.89|0.88|0.83|0.81|0.68|0.70|0.56|0.87|0.70|0.78|0.93,Computer Science,2025-11-02T11:58:25Z
IT000415,University of Messina,Nigeria,Italy,Other,25,B1,84.3,0.99,Medium,Other,0.18,0,0.7,None,1,0.73|0.75|0.81|0.64|0.66|0.82|0.76|0.87|0.75|0.91|0.82|0.70|0.22|0.65|0.58|0.76|0.66|0.68|0.69|0.60|0.63|0.68|0.85|0.87|0.65|0.81|0.64|0.90|0.76|0.68|0.75|0.75,Business,2025-11-02T11:58:25Z
IT000416,Politecnico di Torino,Pakistan,Italy,Female,26,B1,65.4,0.79,Low,Married,0.06,0,0.6,None,1,1.00|1.00|0.66|0.83|0.90|0.89|0.62|0.60|0.91|0.81|0.89|0.81|0.76|0.96|0.86|0.68|0.56|0.87|0.81|0.63|0.75|0.90|0.88|0.76|0.72|0.83|0.58|0.93|0.80|0.79|0.86|0.71,Engineering,2025-11-02T11:58:25Z
IT000417,Politecnico di Torino,Latvia,Italy,Other,18,A2,82.4,0.72,Low,Married,0.3,0,0.1,Tutoring,1,1.00|0.57|0.85|0.48|0.67|0.69|0.74|0.40|0.78|0.75|0.67|0.59|0.66|0.85|0.58|0.85|0.77|0.74|0.55|0.84|0.75|0.99|0.94|0.58|0.73|0.65|0.69|0.69|0.79|0.65|0.91|0.76,Business,2025-11-02T11:58:25Z
IT000418,University of Messina,Sri Lanka,Italy,Female,25,C1,67.7,0.71,Low,Other,0.24,0,0.6,BuddyProgram,0,0.62|0.58|0.83|0.78|0.83|0.38|0.83|0.84|0.67|0.61|0.87|0.65|0.58|0.47|0.70|0.72|0.78|0.52|0.64|0.58|0.76|0.67|0.55|0.69|0.68|0.63|0.62|0.49|0.91|0.74|0.75|0.74,Logistics,2025-11-02T11:58:25Z
IT000419,University of Messina,Brazil,Italy,Female,23,C2,78.8,0.77,Medium,Married,0.33,1,0.5,BuddyProgram,0,0.72|0.68|0.68|0.82|0.63|0.60|0.79|0.61|0.77|0.77|0.68|0.88|0.62|0.57|0.88|0.65|0.54|0.76|0.70|0.87|0.72|0.50|1.00|0.57|0.74|0.50|0.71|0.87|0.92|0.72|0.74|0.82,Psychology,2025-11-02T11:58:25Z
IT000420,Politecnico di Torino,Brazil,Italy,Female,24,C2,59.9,0.92,Medium,Single,0.11,0,0.5,None,1,0.89|0.50|0.77|0.58|0.75|0.98|0.62|0.98|0.57|0.83|0.64|0.70|0.74|0.66|0.76|0.64|0.82|0.73|0.66|0.52|0.67|0.59|0.76|0.65|0.95|0.74|0.96|0.87|0.81|0.77|0.89|0.94,Business,2025-11-02T11:58:25Z
IT000421,University of Messina,Nigeria,Italy,Male,22,B1,83.3,0.97,High,Married,0.46,0,0.7,None,1,0.44|0.38|0.85|0.99|0.68|0.73|0.51|0.79|0.73|0.78|0.76|0.75|0.81|0.85|0.95|0.75|0.72|0.64|0.62|0.77|0.74|0.85|0.58|0.70|1.00|0.77|0.57|0.88|1.00|1.00|0.90|0.91,Computer Science,2025-11-02T11:58:25Z
IT000422,Politecnico di Torino,Slovakia,Italy,Prefer not to say,22,C1,69.2,0.86,Low,Single,0.2,0,0.1,BuddyProgram,0,0.86|0.75|0.71|0.87|0.71|0.65|0.55|0.77|0.54|0.65|0.70|0.74|0.64|0.83|0.95|0.78|0.82|0.94|0.96|0.65|0.77|0.78|0.67|0.42|0.84|0.69|0.79|0.57|0.75|0.62|0.87|0.76,Engineering,2025-11-02T11:58:25Z
IT000423,Politecnico di Torino,Bangladesh,Italy,Male,30,A2,67.1,0.89,Medium,Other,0.05,1,0.6,LanguageMentor,0,0.76|1.00|0.72|0.81|0.67|0.76|0.92|0.42|0.95|0.63|0.68|0.68|0.75|0.74|0.76|0.66|0.85|0.58|0.73|0.72|0.82|0.90|1.00|0.55|0.74|0.53|0.82|0.85|0.61|0.68|0.55|0.73,Logistics,2025-11-02T11:58:25Z
IT000424,Politecnico di Torino,Pakistan,Italy,Prefer not to say,22,C1,69.2,0.91,Medium,Married,0.24,0,0.6,Tutoring,0,0.67|0.74|0.88|0.54|0.84|0.73|0.59|0.69|0.61|0.78|0.85|0.42|0.56|0.81|0.77|0.63|0.51|0.64|0.80|0.65|0.96|0.95|1.00|0.73|0.76|0.83|0.68|0.86|0.87|0.51|0.99|0.73,Engineering,2025-11-02T11:58:25Z
IT000425,University of Messina,Italy,Italy,Male,23,C1,81.6,0.92,Low,Single,0.64,0,0.1,None,1,0.77|0.77|0.68|0.59|0.77|0.78|0.59|0.67|0.64|0.55|0.69|0.83|0.57|0.87|0.46|0.83|0.54|0.58|0.47|0.56|0.66|0.56|0.38|0.63|0.47|0.68|0.77|0.82|0.69|0.85|0.79|0.91,Business,2025-11-02T11:58:25Z
IT000426,University of Messina,Bangladesh,Italy,Male,24,A2,62.1,0.81,Medium,Other,0.21,1,0.6,None,0,0.86|0.92|0.61|0.84|0.61|0.67|0.76|0.85|0.87|0.58|0.67|0.61|0.79|0.70|0.76|0.81|0.47|0.67|0.92|0.74|1.00|0.56|0.63|0.91|0.65|0.94|0.67|0.65|0.76|0.75|0.88|0.65,Logistics,2025-11-02T11:58:25Z
IT000427,Politecnico di Torino,Bangladesh,Italy,Male,29,C1,70.3,0.98,Low,Other,0.47,0,0.6,Tutoring,0,0.90|0.72|0.75|0.80|0.78|0.78|0.73|0.79|0.65|0.70|0.69|0.63|0.62|0.83|0.48|0.72|0.40|0.79|0.71|0.66|0.73|0.82|0.64|0.94|0.69|0.77|0.71|0.83|0.52|0.61|0.80|0.60,Business,2025-11-02T11:58:25Z
IT000428,Politecnico di Torino,Spain,Italy,Male,20,A2,51.3,0.85,Medium,Other,0.73,0,0.1,None,0,0.71|0.87|0.69|0.67|0.70|0.49|0.55|0.42|0.77|0.58|0.76|0.87|0.60|0.58|0.64|0.61|0.56|0.61|0.32|0.36|0.67|0.68|0.47|0.25|0.82|0.66|0.92|0.73|0.69|0.83|0.91|0.90,Data Science,2025-11-02T11:58:25Z
IT000429,University of Messina,Nigeria,Italy,Other,24,B1,66.1,0.72,High,Single,0.03,1,0.7,BuddyProgram,0,0.74|0.70|0.96|0.48|0.53|0.75|0.83|0.78|0.91|0.75|0.79|0.58|0.84|0.68|0.63|1.00|0.60|0.68|0.75|0.60|0.67|0.57|0.68|0.85|0.82|0.63|0.81|0.65|0.77|0.64|0.47|0.53,Business,2025-11-02T11:58:25Z
IT000430,Politecnico di Torino,Latvia,Italy,Female,26,C2,71.6,0.85,High,Other,0.25,0,0.1,None,1,0.73|0.70|0.61|0.96|0.90|0.90|0.54|0.56|0.92|0.78|0.77|0.94|0.87|0.76|0.80|0.64|0.76|0.81|0.75|0.64|0.56|0.61|0.63|0.96|0.74|0.81|0.63|0.83|0.73|0.73|0.71|1.00,Economics,2025-11-02T11:58:25Z
IT000431,Politecnico di Torino,Brazil,Italy,Male,22,A2,63.6,0.95,Low,Single,0.11,0,0.5,None,0,0.64|0.73|0.95|0.92|0.78|0.95|0.86|0.83|0.73|0.82|0.99|0.83|0.71|0.66|0.63|0.83|0.88|0.71|0.72|0.68|0.55|0.63|0.79|0.78|1.00|0.63|0.65|0.58|0.79|0.68|0.57|0.64,Economics,2025-11-02T11:58:25Z
IT000432,Politecnico di Torino,Nigeria,Italy,Male,27,C2,72.6,0.84,Medium,Other,0.43,0,0.7,BuddyProgram,1,0.61|1.00|0.51|0.97|0.75|0.39|0.78|0.75|0.55|0.87|0.76|0.63|0.87|0.77|0.93|0.72|0.67|0.75|1.00|0.61|0.88|0.73|0.64|0.84|0.78|0.52|0.69|0.72|0.68|0.88|0.96|0.85,Business,2025-11-02T11:58:25Z
IT000433,University of Messina,Brazil,Italy,Male,20,A2,62.3,1,Medium,Married,0.28,0,0.5,LanguageMentor,1,0.88|0.60|0.80|0.81|0.96|0.70|0.67|0.73|0.58|0.78|0.66|0.73|0.86|0.62|0.93|0.99|0.81|1.00|0.76|0.75|0.52|0.91|0.70|0.74|0.64|0.62|0.68|0.81|0.46|0.95|1.00|0.61,Logistics,2025-11-02T11:58:25Z
IT000434,Politecnico di Torino,Italy,Italy,Prefer not to say,27,A2,74.8,0.88,Medium,Other,0.59,0,0.1,Tutoring,1,0.48|0.83|0.57|0.81|0.75|0.64|0.96|0.58|0.67|0.68|0.55|0.78|0.45|0.60|0.68|0.56|0.81|0.66|0.70|0.76|0.87|0.74|0.80|0.75|0.65|0.72|0.71|0.84|0.58|0.76|0.56|0.85,Economics,2025-11-02T11:58:25Z
IT000435,University of Messina,Slovakia,Italy,Female,25,B1,65.1,0.83,High,Single,0.27,0,0.1,None,0,0.60|0.65|0.60|0.72|0.90|0.76|0.57|0.77|0.63|0.73|0.83|0.84|0.75|0.72|0.80|0.87|0.58|0.60|0.69|0.81|0.85|0.94|0.55|0.69|0.62|0.61|0.70|0.76|0.78|0.39|0.73|0.61,Psychology,2025-11-02T11:58:25Z
IT000436,University of Messina,India,Italy,Male,27,C2,53.9,0.86,Medium,Single,0.11,0,0.6,LanguageMentor,1,0.92|0.86|0.96|0.65|0.59|1.00|0.80|0.58|0.67|0.57|0.53|0.75|0.80|0.73|1.00|0.67|0.48|0.76|0.70|0.71|0.57|0.49|0.55|0.77|0.56|0.76|0.78|0.51|0.78|0.83|0.64|0.69,Data Science,2025-11-02T11:58:25Z
IT000437,Politecnico di Torino,Latvia,Italy,Other,25,B1,45.5,1,Low,Married,0.2,0,0.1,Tutoring,1,0.64|0.79|0.71|0.43|0.61|0.55|0.67|0.39|0.70|0.78|0.89|0.70|0.96|0.47|0.80|0.77|0.70|0.78|0.90|0.99|0.81|0.60|0.75|0.86|0.55|0.64|0.70|0.76|0.72|0.85|0.78|0.87,Business,2025-11-02T11:58:25Z
IT000438,Politecnico di Torino,Spain,Italy,Other,21,B2,65.1,1,Low,Married,0.18,0,0.1,BuddyProgram,1,0.89|0.97|1.00|0.52|0.81|0.59|0.80|0.54|0.65|0.53|0.62|0.76|0.69|0.94|0.71|0.61|0.70|0.72|0.62|0.70|0.75|0.59|0.76|0.71|0.63|0.57|0.76|0.76|0.56|0.77|0.74|0.57,Data Science,2025-11-02T11:58:25Z
IT000439,University of Messina,USA,Italy,Male,25,B2,86.1,0.86,High,Other,0.55,0,0.3,Tutoring,1,0.60|0.43|0.62|0.83|0.63|0.77|0.87|0.39|0.84|0.82|0.62|0.69|0.66|0.65|0.75|0.53|0.70|0.74|0.89|0.88|0.82|0.80|0.64|0.60|0.81|0.54|0.65|0.93|0.74|1.00|0.67|0.80,Logistics,2025-11-02T11:58:25Z
IT000440,University of Messina,Vietnam,Italy,Female,28,B2,82.5,0.98,Low,Married,0.12,0,0.6,Tutoring,1,0.69|0.72|0.87|0.87|0.79|0.71|0.67|0.85|0.51|0.76|0.77|0.71|0.72|0.75|0.52|0.77|0.60|0.49|0.83|0.80|0.59|0.76|0.71|0.75|0.75|0.68|0.63|0.65|0.79|0.77|0.84|0.77,Data Science,2025-11-02T11:58:25Z
IT000441,Politecnico di Torino,USA,Italy,Female,24,C2,67.1,0.83,Medium,Other,0.23,0,0.3,LanguageMentor,1,0.63|0.84|0.78|0.68|0.86|0.89|0.71|0.70|0.86|0.80|0.68|0.75|0.66|1.00|0.82|0.72|0.78|0.60|0.63|0.83|0.79|0.47|0.57|0.48|0.87|0.58|0.85|0.56|0.86|0.50|0.80|0.68,Logistics,2025-11-02T11:58:25Z
IT000442,University of Messina,USA,Italy,Other,21,C1,66.5,1,Medium,Other,0.3,0,0.3,Tutoring,1,0.72|0.79|0.51|0.86|0.78|0.62|0.71|0.67|0.71|0.76|0.81|0.92|0.78|0.77|0.70|0.65|0.88|0.78|0.82|0.92|0.64|0.59|0.44|0.71|0.56|0.92|0.60|0.74|0.87|0.75|0.75|0.64,Data Science,2025-11-02T11:58:25Z
IT000443,University of Messina,Slovakia,Italy,Male,26,C1,64.9,0.94,Low,Married,0.11,1,0.1,None,0,0.84|0.78|0.78|0.61|0.78|0.98|0.67|0.84|0.83|0.91|0.51|0.80|0.69|0.60|0.89|0.73|0.74|0.63|0.52|0.81|0.81|0.84|0.51|0.66|0.87|0.66|0.85|0.77|0.73|0.80|0.83|0.61,Computer Science,2025-11-02T11:58:25Z
IT000444,Politecnico di Torino,USA,Italy,Female,27,B1,62.2,0.9,Low,Single,0.34,0,0.3,BuddyProgram,1,0.81|0.59|0.70|0.63|0.88|0.79|0.93|0.59|0.90|0.83|0.57|0.66|0.76|0.90|0.82|0.86|0.85|0.57|0.74|0.62|0.75|0.58|0.57|0.46|0.89|0.86|0.58|0.71|0.67|0.92|0.62|0.76,Engineering,2025-11-02T11:58:25Z
IT000445,Politecnico di Torino,Latvia,Italy,Female,21,B2,68,0.92,High,Other,0.38,1,0.1,LanguageMentor,0,0.60|0.71|0.71|0.55|0.47|0.68|0.83|0.80|0.69|0.85|0.72|0.61|0.64|0.91|0.68|0.93|0.91|0.58|0.58|0.96|0.85|0.81|0.42|1.00|0.84|0.74|0.84|0.86|0.97|0.70|0.78|0.79,Logistics,2025-11-02T11:58:25Z
IT000446,Politecnico di Torino,Sri Lanka,Italy,Other,21,C1,61.3,0.86,High,Married,0.16,0,0.6,None,1,0.69|0.97|0.50|0.64|0.88|0.90|0.68|0.79|0.63|0.70|0.49|0.94|0.73|0.63|0.76|0.75|0.82|0.55|0.71|0.55|0.72|0.72|0.75|0.61|0.53|0.73|0.83|0.73|0.81|0.68|0.73|0.47,Business,2025-11-02T11:58:25Z
IT000447,Politecnico di Torino,Latvia,Italy,Female,29,A2,89.6,0.89,Medium,Single,0.38,0,0.1,BuddyProgram,1,0.73|0.86|0.84|0.65|0.82|0.68|0.97|0.86|0.74|0.55|0.68|0.76|0.87|0.57|0.86|0.74|0.58|0.76|0.60|0.66|0.84|0.83|0.86|0.78|0.79|0.93|0.72|0.76|0.65|0.59|0.79|0.70,Economics,2025-11-02T11:58:25Z
IT000448,Politecnico di Torino,Slovakia,Italy,Other,23,B1,66.6,0.88,High,Single,0.66,1,0.1,None,0,0.53|0.84|0.92|0.80|0.68|0.83|0.81|0.66|0.42|0.83|0.74|0.73|0.69|0.81|0.56|0.69|0.79|0.45|0.48|0.79|0.50|0.58|0.40|0.36|0.98|0.89|0.76|1.00|0.69|0.85|0.78|0.59,Business,2025-11-02T11:58:25Z
IT000449,University of Messina,Italy,Italy,Male,23,C1,83.4,0.8,High,Other,0.17,0,0.1,None,1,0.87|0.51|0.71|0.74|0.67|0.77|0.89|0.78|0.87|0.76|0.78|0.74|0.84|0.85|0.49|0.71|0.63|0.76|0.72|0.66|0.80|0.56|0.94|0.87|0.76|0.86|0.79|0.76|0.89|0.47|0.53|0.79,Data Science,2025-11-02T11:58:25Z
IT000450,Politecnico di Torino,Sri Lanka,Italy,Other,18,C1,75.3,0.84,Low,Married,0.31,0,0.6,BuddyProgram,1,0.70|0.50|0.76|0.90|0.75|0.70|0.87|0.87|0.75|0.72|0.45|0.57|0.72|0.58|0.67|0.57|0.78|0.58|0.71|0.80|0.88|0.74|0.66|0.77|0.60|0.80|0.41|0.56|0.80|0.68|0.77|0.39,English Philology,2025-11-02T11:58:25Z
IT000451,University of Messina,Latvia,Italy,Prefer not to say,22,A2,69,1,Low,Other,0.55,0,0.1,None,1,0.71|0.97|0.73|0.90|0.84|0.71|0.88|0.61|0.86|0.67|0.86|0.73|0.65|0.53|0.76|0.37|0.68|0.49|0.68|0.67|0.87|0.58|0.76|1.00|0.81|0.63|0.57|0.75|0.65|0.62|0.74|0.46,Data Science,2025-11-02T11:58:25Z
IT000452,Politecnico di Torino,Latvia,Italy,Male,27,B2,76.2,0.92,Low,Single,0.48,0,0.1,LanguageMentor,1,0.81|0.64|0.96|1.00|0.60|0.61|0.89|0.80|0.89|0.76|0.81|0.70|0.79|0.54|0.53|0.67|0.66|0.83|0.79|0.71|0.62|0.68|0.86|0.88|0.70|0.88|0.67|0.61|0.60|0.71|0.86|0.78,Economics,2025-11-02T11:58:25Z
IT000453,Politecnico di Torino,Brazil,Italy,Female,19,B2,69.1,0.81,High,Single,0.22,0,0.5,LanguageMentor,1,0.66|0.73|0.59|0.76|0.67|0.69|0.93|0.62|0.80|0.76|0.80|0.68|0.83|0.62|0.93|0.59|0.95|0.65|0.80|0.72|0.71|0.69|0.83|0.68|0.76|0.75|0.86|0.72|0.63|0.71|0.70|0.83,Business,2025-11-02T11:58:25Z
IT000454,University of Messina,Italy,Italy,Other,23,B1,77.4,0.98,High,Married,0.25,0,0.1,None,1,0.72|0.68|0.72|0.65|0.86|0.66|0.97|0.67|0.82|0.70|0.92|0.62|0.50|0.55|0.83|0.56|0.68|0.81|0.75|0.69|0.65|0.76|0.78|0.87|0.81|0.68|0.78|0.79|0.75|0.66|0.67|0.79,Logistics,2025-11-02T11:58:25Z
IT000455,University of Messina,USA,Italy,Female,19,B1,87.4,0.86,High,Other,0.11,0,0.3,BuddyProgram,1,0.70|0.79|0.70|0.95|0.75|0.30|0.89|0.81|0.53|0.68|0.82|0.88|0.65|0.93|0.75|0.64|0.61|0.80|0.68|0.70|0.69|0.56|0.68|0.55|0.72|0.72|0.87|0.90|0.78|0.76|0.78|0.58,Engineering,2025-11-02T11:58:25Z
IT000456,University of Messina,Nigeria,Italy,Prefer not to say,25,A2,71.2,0.83,Medium,Other,0.31,0,0.7,Counseling,1,0.95|0.67|0.55|0.85|0.64|0.63|0.88|0.90|1.00|0.91|0.59|0.82|0.57|0.59|0.75|0.85|0.97|0.79|0.74|0.57|0.88|0.62|0.63|0.88|0.62|0.88|1.00|0.58|0.94|0.42|0.60|0.70,English Philology,2025-11-02T11:58:25Z
IT000457,University of Messina,India,Italy,Other,23,B2,92.3,0.96,Medium,Other,0.29,0,0.6,BuddyProgram,1,0.56|0.86|0.66|0.66|0.64|0.82|0.56|0.85|0.78|0.79|0.94|0.96|0.63|0.69|0.63|0.79|0.64|0.86|0.74|0.76|0.74|0.66|0.59|0.62|0.64|0.78|0.71|0.72|0.39|0.71|0.79|0.73,Computer Science,2025-11-02T11:58:25Z
IT000458,University of Messina,India,Italy,Prefer not to say,27,B1,61.3,1,Medium,Other,0.31,0,0.6,BuddyProgram,1,0.92|0.84|0.69|0.58|0.69|0.78|0.47|0.66|0.84|0.64|0.64|0.47|0.81|0.92|0.84|0.63|0.87|0.91|0.59|0.48|0.74|0.96|0.86|0.91|0.59|0.59|0.78|0.56|0.74|0.79|0.75|0.67,Engineering,2025-11-02T11:58:25Z
IT000459,Politecnico di Torino,Vietnam,Italy,Female,22,C1,81.1,0.92,High,Married,0.09,0,0.6,Tutoring,1,0.76|0.84|0.83|0.62|0.89|0.78|0.55|0.96|0.73|0.72|0.74|0.65|0.66|0.80|0.79|0.70|0.59|0.86|0.62|0.75|0.63|0.80|0.82|0.63|0.71|0.69|0.73|0.72|0.66|0.77|0.80|0.67,Computer Science,2025-11-02T11:58:25Z
IT000460,University of Messina,Slovakia,Italy,Other,21,B2,67.7,0.92,Low,Married,0.02,0,0.1,LanguageMentor,1,0.62|0.69|0.65|0.65|0.56|0.78|0.91|0.78|0.78|0.77|0.66|0.49|0.57|0.41|0.84|0.88|0.60|0.66|0.76|0.89|0.90|0.67|0.84|0.98|0.74|0.69|0.73|0.64|0.89|0.74|0.84|0.96,Engineering,2025-11-02T11:58:25Z
IT000461,University of Messina,Sri Lanka,Italy,Female,21,C2,84.4,1,Medium,Married,0.37,0,0.6,None,1,0.70|0.70|0.50|0.84|0.78|0.59|0.72|0.65|0.59|0.80|0.61|0.73|0.65|0.54|0.79|0.71|0.67|0.55|0.78|0.74|0.64|0.71|0.51|0.65|0.75|0.77|0.59|0.81|0.75|0.47|0.95|0.73,Economics,2025-11-02T11:58:25Z
IT000462,University of Messina,Slovakia,Italy,Male,18,B1,70.1,0.85,Low,Other,0.39,0,0.1,None,1,0.67|0.81|0.63|0.58|0.67|0.62|0.98|0.56|0.67|0.53|0.66|0.77|0.82|0.85|0.90|0.69|0.77|0.53|0.66|0.87|0.73|0.78|0.67|0.53|0.84|0.75|0.59|0.94|0.70|0.90|0.83|0.70,Logistics,2025-11-02T11:58:25Z
IT000463,Politecnico di Torino,Nigeria,Italy,Female,18,C1,69.2,0.84,Low,Single,0.11,0,0.7,LanguageMentor,1,0.83|0.72|0.56|0.73|0.55|0.79|0.72|0.84|0.76|0.86|0.83|0.80|0.65|0.60|0.78|0.54|0.70|0.95|0.87|0.68|0.60|0.74|0.70|0.54|0.73|0.47|0.77|0.68|0.55|0.65|0.66|0.83,Logistics,2025-11-02T11:58:25Z
IT000464,Politecnico di Torino,Brazil,Italy,Prefer not to say,21,C2,61,0.92,Low,Single,0.36,1,0.5,None,0,0.60|0.77|0.80|0.56|0.65|0.85|0.67|0.75|0.58|0.90|0.84|0.69|0.79|0.47|0.96|0.68|0.72|0.60|0.66|0.67|0.57|0.96|0.64|0.60|1.00|0.77|0.49|0.52|0.53|0.75|0.77|0.66,Computer Science,2025-11-02T11:58:25Z
IT000465,Politecnico di Torino,Slovakia,Italy,Male,24,C2,79.7,0.71,Low,Single,0.22,0,0.1,LanguageMentor,0,0.66|0.63|0.70|0.73|0.91|0.73|0.74|0.67|0.76|0.72|0.74|0.75|0.69|0.84|0.62|0.74|0.70|0.64|0.66|0.66|0.67|0.65|0.97|0.67|0.65|0.72|0.82|0.69|0.57|0.37|1.00|0.77,English Philology,2025-11-02T11:58:25Z
IT000466,Politecnico di Torino,Latvia,Italy,Prefer not to say,24,B2,58.6,0.94,Low,Single,0.07,0,0.1,None,1,0.83|0.82|0.54|0.64|0.69|0.72|0.68|0.87|0.83|0.53|0.71|0.67|0.81|0.82|0.76|0.82|0.48|0.65|0.78|0.81|0.68|0.77|0.75|0.80|0.59|0.72|0.65|0.67|0.97|0.79|0.74|1.00,English Philology,2025-11-02T11:58:25Z
IT000467,Politecnico di Torino,Sri Lanka,Italy,Male,24,B2,59.8,0.91,Medium,Single,0.45,1,0.6,LanguageMentor,0,0.74|0.64|0.88|0.86|0.79|0.83|0.70|0.98|0.69|0.57|0.65|0.71|0.82|0.57|0.67|0.63|0.66|0.67|0.66|0.68|0.67|0.77|0.69|0.61|0.83|0.74|0.62|0.86|0.88|0.90|0.71|0.90,Logistics,2025-11-02T11:58:25Z
IT000468,University of Messina,Latvia,Italy,Female,18,C1,71.3,0.89,High,Married,0.31,0,0.1,None,1,0.86|0.80|0.70|0.56|0.74|0.66|0.71|0.68|0.58|0.82|0.70|0.81|0.70|0.67|0.87|0.80|0.84|0.80|0.64|0.58|0.85|0.57|0.66|0.78|0.90|0.57|0.71|0.74|1.00|0.63|0.41|0.70,Logistics,2025-11-02T11:58:25Z
IT000469,Politecnico di Torino,Brazil,Italy,Female,29,A2,65,0.78,Low,Single,0.34,0,0.5,LanguageMentor,1,0.75|0.47|0.72|0.72|0.74|0.42|0.73|0.83|0.64|0.93|0.77|0.78|0.63|1.00|0.66|0.74|0.73|0.80|0.73|0.49|0.80|0.83|0.51|0.60|0.90|0.87|0.67|0.94|0.68|0.92|0.66|0.80,Logistics,2025-11-02T11:58:25Z
IT000470,Politecnico di Torino,Italy,Italy,Male,27,C2,77.1,0.87,Medium,Other,0.1,0,0.1,None,1,0.66|0.80|0.68|0.79|0.63|0.93|0.81|0.87|0.70|0.69|0.78|0.72|0.55|0.62|0.82|0.88|0.61|0.73|0.67|0.59|0.52|0.93|1.00|0.61|0.90|0.78|1.00|0.54|0.99|0.40|0.79|0.72,English Philology,2025-11-02T11:58:25Z
IT000471,Politecnico di Torino,India,Italy,Male,22,C1,66.4,0.82,High,Other,0.23,0,0.6,None,0,0.61|0.75|0.47|0.71|0.61|0.67|0.72|0.53|0.85|0.59|0.87|0.58|0.80|0.93|0.76|0.96|0.92|0.66|0.69|0.62|0.86|0.54|0.70|0.75|0.64|0.53|0.73|0.78|0.75|0.62|0.74|0.75,Data Science,2025-11-02T11:58:25Z
IT000472,University of Messina,Spain,Italy,Male,28,A2,72.4,0.97,Medium,Other,0.1,1,0.1,Tutoring,0,0.98|0.65|0.75|0.67|0.52|0.87|0.74|0.60|0.78|0.82|0.72|0.76|0.90|0.79|0.63|0.63|0.63|0.65|0.61|0.75|0.64|0.76|0.69|0.75|0.46|0.78|0.68|0.66|0.79|0.84|0.71|0.64,Business,2025-11-02T11:58:25Z
IT000473,University of Messina,Slovakia,Italy,Other,26,A2,91,1,Medium,Married,0.41,1,0.1,LanguageMentor,0,0.68|0.68|0.83|0.87|0.94|0.80|0.56|0.45|0.77|0.71|0.81|0.68|0.72|0.82|0.65|0.90|0.65|0.99|0.75|0.68|0.96|0.69|0.92|0.88|0.78|0.72|0.71|0.61|0.63|0.72|0.71|0.75,Economics,2025-11-02T11:58:25Z
IT000474,Politecnico di Torino,Pakistan,Italy,Female,20,A2,65.2,0.81,Low,Married,0.26,1,0.6,BuddyProgram,0,0.73|0.56|0.81|0.79|0.64|0.68|0.77|0.59|0.74|0.66|0.71|0.67|0.70|0.77|0.70|0.71|0.69|0.65|0.92|0.82|0.80|0.70|0.83|1.00|0.65|0.73|0.76|0.77|0.71|0.41|0.73|0.87,Business,2025-11-02T11:58:25Z
IT000475,Politecnico di Torino,Sri Lanka,Italy,Female,23,B2,81.3,0.91,High,Married,0.15,0,0.6,LanguageMentor,1,0.65|0.72|0.68|0.96|0.61|0.50|0.70|0.78|0.59|0.80|0.66|0.95|0.76|0.79|0.64|0.74|0.95|0.69|0.82|0.59|0.82|0.71|0.73|0.52|0.52|0.77|0.81|0.62|0.73|0.66|0.78|0.71,Economics,2025-11-02T11:58:25Z
IT000476,University of Messina,India,Italy,Other,30,B2,82.5,0.88,Low,Married,0.46,0,0.6,LanguageMentor,1,0.79|0.76|0.80|0.60|0.64|0.55|0.69|0.65|1.00|0.72|0.65|0.65|0.91|0.81|0.81|0.77|0.45|0.71|0.68|0.46|0.50|0.77|0.67|0.79|0.55|0.60|0.65|0.84|0.69|0.78|0.67|0.64,English Philology,2025-11-02T11:58:25Z
IT000477,Politecnico di Torino,Ukraine,Italy,Other,19,B2,74.5,0.99,Medium,Single,0.37,0,0.1,Tutoring,1,0.78|0.62|0.97|0.75|0.86|0.77|0.71|0.53|0.80|0.73|0.74|0.65|0.74|0.78|0.76|0.71|0.88|0.70|0.87|0.66|0.80|1.00|0.67|0.77|0.85|0.60|0.81|0.65|0.96|0.70|0.77|0.57,Engineering,2025-11-02T11:58:25Z
IT000478,University of Messina,Vietnam,Italy,Other,22,C2,89.2,0.89,Low,Other,0.21,1,0.6,None,0,0.68|0.86|0.73|0.86|0.74|0.71|0.84|0.71|0.73|0.83|0.56|0.61|0.65|0.71|0.64|0.64|0.64|0.88|0.90|0.76|0.72|0.70|0.59|0.69|0.62|0.48|0.76|0.90|0.74|0.42|0.71|0.77,Business,2025-11-02T11:58:25Z
IT000479,University of Messina,Vietnam,Italy,Prefer not to say,30,B2,74.5,0.83,Medium,Other,0.09,1,0.6,None,0,0.89|0.86|0.69|0.71|0.93|0.95|0.74|0.80|0.87|0.28|0.72|0.81|0.73|0.79|0.87|0.78|0.69|0.55|0.57|0.62|0.84|0.66|0.93|0.61|0.53|0.66|0.62|0.76|0.78|0.62|0.98|0.79,Logistics,2025-11-02T11:58:25Z
IT000480,University of Messina,Pakistan,Italy,Other,21,A2,60.6,0.86,Low,Single,0.09,0,0.6,Counseling,0,0.62|0.68|0.67|0.79|0.75|0.75|0.58|0.79|0.57|0.60|0.70|0.90|0.68|0.59|0.64|1.00|0.77|0.89|0.83|0.83|0.96|1.00|0.77|0.69|0.70|0.83|0.71|0.99|0.76|0.67|0.90|0.64,Logistics,2025-11-02T11:58:25Z
IT000481,University of Messina,Nigeria,Italy,Prefer not to say,21,C2,75.7,0.82,Low,Married,0.43,0,0.7,None,1,0.56|0.65|0.57|0.88|0.66|0.75|0.70|0.84|0.74|0.70|0.85|0.69|0.71|0.68|0.70|0.98|0.74|0.70|0.70|0.64|0.76|0.78|0.71|0.68|0.64|0.45|0.66|0.55|0.74|0.72|0.78|0.92,English Philology,2025-11-02T11:58:25Z
IT000482,University of Messina,Bangladesh,Italy,Prefer not to say,22,B2,66.3,0.99,Low,Other,0.4,0,0.6,None,0,0.79|0.66|0.74|0.62|0.65|0.65|0.84|0.65|0.60|0.67|0.79|0.80|0.40|0.46|0.84|0.50|0.67|0.90|0.73|0.63|0.83|0.75|0.64|1.00|0.63|0.79|0.57|0.66|0.65|0.79|0.91|0.86,Economics,2025-11-02T11:58:25Z
IT000483,University of Messina,Spain,Italy,Prefer not to say,22,C1,84.7,0.91,High,Other,0.47,0,0.1,None,1,0.89|0.78|0.77|0.77|0.79|0.64|0.53|0.80|0.63|0.67|0.70|0.91|0.79|0.64|0.74|0.57|0.82|0.75|0.87|0.93|0.86|0.68|0.73|0.70|0.80|0.82|0.90|0.98|0.81|0.97|0.81|0.83,Data Science,2025-11-02T11:58:25Z
IT000484,Politecnico di Torino,Pakistan,Italy,Prefer not to say,18,A2,59,1,Low,Other,0.69,0,0.6,Tutoring,1,0.69|0.64|0.81|0.91|0.68|0.29|0.80|0.76|0.83|0.93|0.73|0.54|0.41|0.59|0.65|0.60|0.56|0.71|0.52|0.45|0.44|0.69|0.25|0.41|0.82|0.87|0.74|0.71|0.70|0.71|0.81|0.89,Computer Science,2025-11-02T11:58:25Z
IT000485,University of Messina,Ukraine,Italy,Male,27,B1,63.9,0.83,Medium,Married,0.31,0,0.1,Tutoring,0,0.70|0.45|0.64|0.75|0.68|0.79|0.57|0.75|0.73|0.62|0.64|0.67|0.85|0.47|0.62|0.77|0.62|0.67|0.79|0.69|0.89|0.73|0.65|0.75|0.58|0.77|0.96|0.56|0.74|0.76|0.64|0.64,Business,2025-11-02T11:58:25Z
IT000486,University of Messina,Ukraine,Italy,Prefer not to say,27,C2,60.6,0.95,Medium,Other,0.33,0,0.1,BuddyProgram,1,0.69|0.73|0.74|0.41|0.84|0.89|0.62|0.73|0.78|0.80|0.57|0.57|0.59|0.65|0.68|0.88|0.66|0.94|0.81|0.51|0.59|0.76|0.75|0.82|0.69|0.51|0.67|0.58|0.64|0.71|0.65|0.78,Computer Science,2025-11-02T11:58:25Z
IT000487,University of Messina,Bangladesh,Italy,Prefer not to say,23,C1,70.9,0.85,High,Single,0.12,0,0.6,None,1,0.84|0.54|0.48|0.68|0.84|0.71|0.79|0.69|0.99|0.82|0.76|0.75|0.82|0.90|0.59|1.00|0.80|0.81|0.75|0.93|0.65|0.74|0.79|0.59|0.73|0.53|0.80|0.55|0.70|0.77|0.81|0.68,Economics,2025-11-02T11:58:25Z
IT000488,Politecnico di Torino,India,Italy,Female,21,A2,71,0.88,Medium,Married,0.3,0,0.6,None,1,0.86|0.83|0.77|0.79|0.70|0.84|0.71|0.97|0.77|0.78|0.75|0.67|0.62|0.59|0.69|0.56|0.88|0.70|0.77|0.74|0.83|0.66|0.72|0.75|0.63|0.75|0.76|0.66|0.85|0.78|0.60|0.70,Psychology,2025-11-02T11:58:25Z
IT000489,Politecnico di Torino,Brazil,Italy,Female,23,C1,84.3,0.91,Low,Other,0.41,0,0.5,Counseling,1,0.78|0.72|0.64|0.68|0.89|0.57|0.85|0.79|0.57|0.72|0.66|0.53|0.92|0.60|0.68|0.81|0.66|0.68|0.73|0.57|0.80|0.65|0.74|0.54|0.68|0.63|0.74|0.42|0.56|0.70|0.79|0.65,Logistics,2025-11-02T11:58:25Z
IT000490,University of Messina,Ukraine,Italy,Prefer not to say,22,C1,82.7,0.9,Medium,Single,0.25,1,0.1,BuddyProgram,0,0.79|0.76|0.93|0.98|0.92|0.72|0.84|0.77|0.79|0.69|0.53|0.84|0.89|0.51|0.69|0.76|0.83|0.64|0.59|0.75|0.81|0.77|0.89|0.73|0.72|0.68|0.72|0.91|0.91|0.59|0.74|0.81,Data Science,2025-11-02T11:58:25Z
IT000491,University of Messina,Nigeria,Italy,Prefer not to say,18,C1,58,0.84,High,Other,0.03,0,0.7,None,1,0.58|0.90|0.79|0.72|0.91|0.92|0.58|0.53|0.75|1.00|0.71|0.65|0.52|0.84|0.65|0.65|0.82|0.80|0.94|0.89|0.53|0.80|0.75|0.84|0.82|0.61|1.00|0.70|0.82|0.88|0.84|0.89,Business,2025-11-02T11:58:25Z
IT000492,Politecnico di Torino,Slovakia,Italy,Female,22,C1,72.2,0.89,High,Single,0.22,0,0.1,LanguageMentor,0,0.53|0.81|0.75|0.74|0.70|0.81|0.24|0.74|0.71|0.90|0.77|0.89|0.81|1.00|0.66|0.83|0.62|0.73|0.64|0.96|0.76|0.82|0.68|0.74|1.00|0.60|0.81|0.80|0.63|0.75|0.77|0.73,Economics,2025-11-02T11:58:25Z
IT000493,University of Messina,Spain,Italy,Female,26,B1,73.8,1,High,Single,0.16,0,0.1,LanguageMentor,1,0.87|0.72|0.92|0.83|0.94|1.00|0.66|0.77|0.86|0.73|0.75|0.63|0.76|0.54|0.53|0.76|0.56|0.90|0.82|0.71|0.65|0.46|0.86|0.63|0.79|0.83|0.86|0.75|0.83|0.88|0.78|0.67,Logistics,2025-11-02T11:58:25Z
IT000494,University of Messina,USA,Italy,Prefer not to say,21,B2,64.2,0.75,High,Other,0.1,0,0.3,None,0,0.76|0.79|0.78|0.79|0.50|0.77|0.50|0.57|0.72|0.52|0.78|0.73|0.73|0.78|0.81|0.59|0.72|0.75|0.65|0.70|0.77|0.68|0.67|0.64|0.89|0.88|0.88|0.49|0.74|0.92|0.70|0.95,Business,2025-11-02T11:58:25Z
IT000495,University of Messina,Pakistan,Italy,Male,18,B1,67.1,0.94,Low,Single,0.63,1,0.6,None,0,0.71|0.69|0.90|0.69|0.84|0.49|0.74|0.52|0.68|0.75|0.66|0.69|0.68|0.68|0.48|0.64|0.50|0.82|0.67|0.62|0.66|0.78|0.60|0.50|0.79|0.62|0.82|0.84|0.67|0.70|0.65|0.64,English Philology,2025-11-02T11:58:25Z
IT000496,University of Messina,Pakistan,Italy,Female,27,C1,76.1,0.93,High,Married,0.66,0,0.6,BuddyProgram,1,0.69|0.88|0.75|0.73|0.88|0.76|0.43|0.74|0.73|0.88|0.84|0.62|0.89|0.82|0.44|0.73|0.35|0.37|0.45|0.73|0.45|0.61|0.47|0.37|0.82|0.74|0.43|0.85|0.85|0.52|0.70|0.72,Logistics,2025-11-02T11:58:25Z
IT000497,Politecnico di Torino,India,Italy,Other,25,B1,64,0.8,Medium,Married,0.31,1,0.6,None,0,0.72|0.60|0.74|0.96|0.77|0.68|0.93|0.78|0.64|0.76|0.65|0.90|0.43|0.66|0.63|0.87|0.71|0.70|0.74|0.62|0.51|0.76|0.87|0.80|0.61|0.91|0.83|0.63|0.92|0.93|0.68|0.86,Psychology,2025-11-02T11:58:25Z
IT000498,Politecnico di Torino,Vietnam,Italy,Male,19,C1,79,0.95,High,Other,0.25,0,0.6,None,1,0.76|0.60|0.70|0.58|0.61|0.69|0.98|0.56|0.38|1.00|0.78|0.73|0.66|0.94|0.56|0.79|0.75|0.75|0.99|0.72|0.69|0.71|0.69|0.76|0.52|0.64|0.82|0.79|0.83|0.55|0.82|0.83,Economics,2025-11-02T11:58:25Z
IT000499,Politecnico di Torino,Vietnam,Italy,Male,23,B2,84,0.98,High,Other,0.51,0,0.6,None,1,0.95|0.59|0.98|0.75|0.71|0.70|0.77|0.83|0.79|0.69|0.71|0.65|0.54|0.52|0.71|0.73|0.76|0.92|0.75|0.84|0.72|0.74|0.71|0.80|0.89|0.60|0.86|0.64|0.50|0.63|0.74|0.61,English Philology,2025-11-02T11:58:25Z
IT000500,Politecnico di Torino,Pakistan,Italy,Female,22,C2,96.5,0.98,Low,Other,0.22,0,0.6,None,1,0.71|0.77|0.95|0.86|0.65|0.76|0.95|0.70|0.73|0.72|0.68|0.83|0.60|0.73|0.58|0.86|0.85|0.80|0.78|0.76|0.78|0.72|0.69|0.81|0.67|0.90|0.73|0.64|0.82|0.62|0.43|0.67,Logistics,2025-11-02T11:58:25Z
IT000501,University of Messina,Italy,Italy,Female,23,A2,78.3,0.88,Medium,Other,0.36,0,0.1,None,1,0.92|0.91|0.75|0.69|0.33|0.63|0.82|0.56|0.67|0.92|0.80|0.54|0.70|0.78|0.78|0.85|0.25|0.89|0.75|0.69|0.67|0.55|0.55|0.67|0.93|0.58|0.73|0.93|0.48|0.74|0.82|0.81,Economics,2025-11-02T11:58:25Z
IT000502,University of Messina,USA,Italy,Prefer not to say,27,B1,57,0.72,Medium,Single,0.2,0,0.3,Counseling,1,0.70|0.64|0.66|0.67|0.64|0.67|0.75|0.71|0.87|0.63|0.98|0.64|0.64|0.80|0.67|0.65|0.87|0.59|0.61|0.72|0.52|0.80|0.67|0.43|0.77|0.47|0.90|0.88|0.63|0.62|0.87|0.62,Engineering,2025-11-02T11:58:25Z
IT000503,Politecnico di Torino,Nigeria,Italy,Male,24,B2,72,0.92,Low,Married,0.16,0,0.7,BuddyProgram,0,0.77|0.58|0.71|1.00|0.73|0.88|0.58|0.96|0.74|0.46|0.66|0.83|0.84|0.86|0.81|0.58|0.60|0.66|0.69|0.67|0.58|0.73|0.86|0.59|0.79|0.59|0.77|0.69|0.63|0.60|0.91|0.73,Logistics,2025-11-02T11:58:25Z
IT000504,University of Messina,Pakistan,Italy,Other,21,C1,90.2,0.97,High,Married,0.13,0,0.6,Tutoring,1,0.68|0.61|0.91|0.80|0.83|0.69|0.88|1.00|0.70|0.74|0.84|0.65|0.71|0.88|0.70|0.72|0.60|0.38|0.60|0.93|0.62|0.64|0.71|0.78|0.79|0.56|0.43|0.74|0.56|0.48|0.75|0.75,Business,2025-11-02T11:58:25Z
IT000505,University of Messina,Vietnam,Italy,Male,23,C1,67,0.82,Medium,Other,0.18,0,0.6,Tutoring,1,0.98|0.73|0.85|0.75|0.74|0.86|0.55|0.62|0.68|0.71|0.72|0.71|0.70|0.85|0.83|0.88|0.60|0.79|0.61|1.00|0.65|0.64|0.63|0.80|0.86|0.81|0.97|0.59|0.86|0.63|0.77|0.81,Data Science,2025-11-02T11:58:25Z
IT000506,Politecnico di Torino,Vietnam,Italy,Female,25,C1,61.9,0.83,High,Single,0.44,0,0.6,BuddyProgram,1,0.81|0.60|0.90|0.80|0.66|0.73|0.90|0.99|0.56|0.78|0.91|0.85|0.85|0.75|0.62|0.49|0.72|0.63|0.75|0.89|0.49|0.76|0.87|0.57|0.80|0.66|0.71|0.57|0.64|0.82|0.64|0.86,Business,2025-11-02T11:58:25Z
IT000507,Politecnico di Torino,Brazil,Italy,Prefer not to say,22,A2,80.1,1,Medium,Married,0.08,0,0.5,None,1,0.70|0.50|0.91|0.77|0.69|0.69|0.55|0.65|0.79|0.88|0.70|0.61|0.63|0.65|0.95|0.75|0.87|0.80|0.69|0.64|0.89|0.70|0.48|0.69|0.74|0.90|0.65|0.71|0.95|0.74|0.95|0.66,Psychology,2025-11-02T11:58:25Z
IT000508,University of Messina,Pakistan,Italy,Female,23,C1,70.3,0.78,Medium,Married,0.22,0,0.6,LanguageMentor,0,0.77|0.77|0.78|0.91|0.67|0.89|0.70|0.61|0.79|0.62|0.95|0.69|0.70|0.82|0.71|0.54|0.48|0.81|0.73|0.69|0.61|0.71|0.86|0.58|0.66|0.77|0.58|0.88|0.73|0.62|0.93|0.67,Engineering,2025-11-02T11:58:25Z
IT000509,University of Messina,Brazil,Italy,Female,27,B1,69.3,1,High,Married,0.74,0,0.5,None,1,0.77|0.70|0.66|0.90|0.68|0.74|0.91|0.68|0.60|0.74|0.57|0.69|0.54|0.30|0.56|0.76|0.60|0.39|0.50|0.47|0.42|0.55|0.26|0.56|0.62|0.64|0.55|0.80|0.62|0.65|0.90|0.83,Engineering,2025-11-02T11:58:25Z
IT000510,Politecnico di Torino,Ukraine,Italy,Female,28,C2,72.1,0.98,Medium,Other,0.2,0,0.1,Tutoring,1,0.66|0.77|0.80|0.53|0.93|0.65|0.57|0.72|0.87|0.51|0.80|0.73|0.72|0.88|0.78|1.00|0.83|0.84|0.58|0.61|0.74|0.74|0.76|0.34|0.78|0.76|0.77|0.79|0.88|0.49|0.59|1.00,Economics,2025-11-02T11:58:25Z
IT000511,Politecnico di Torino,Brazil,Italy,Other,23,C1,72.6,0.83,High,Other,0.2,0,0.5,None,1,0.80|0.98|0.73|0.80|0.66|0.93|0.68|0.74|0.94|0.87|0.58|0.59|0.60|0.78|0.82|0.94|0.82|0.84|0.47|0.65|0.53|0.86|0.88|0.83|0.51|0.83|0.75|0.67|0.77|0.82|0.72|0.77,English Philology,2025-11-02T11:58:25Z
IT000512,University of Messina,Ukraine,Italy,Prefer not to say,25,A2,71.9,0.81,Low,Single,0.46,0,0.1,Counseling,1,0.83|0.59|0.60|0.68|0.88|0.28|0.85|0.50|0.79|0.76|0.62|0.77|0.64|0.50|0.68|0.49|0.75|0.86|0.69|0.72|0.65|0.91|0.87|0.74|0.94|0.71|0.79|0.87|1.00|0.58|0.65|1.00,English Philology,2025-11-02T11:58:25Z
IT000513,University of Messina,Spain,Italy,Female,24,A2,76.1,0.86,High,Single,0.22,0,0.1,LanguageMentor,0,0.95|0.55|0.76|0.81|0.73|0.67|0.82|0.62|0.62|0.55|0.54|0.70|0.75|0.81|0.61|0.53|0.69|0.73|0.71|0.63|0.95|0.66|0.54|0.44|0.49|0.96|0.98|0.83|0.99|0.57|0.70|1.00,Engineering,2025-11-02T11:58:25Z
IT000514,University of Messina,Nigeria,Italy,Other,24,C2,63.1,0.88,Medium,Single,0.19,0,0.7,Tutoring,1,0.57|0.63|0.86|0.79|0.69|0.97|0.41|0.66|0.76|0.78|1.00|0.69|0.64|0.66|0.69|0.82|0.84|0.58|0.93|0.75|0.83|0.65|0.84|0.73|0.96|0.45|0.84|0.83|0.71|0.78|0.84|0.72,Logistics,2025-11-02T11:58:25Z
IT000515,University of Messina,Vietnam,Italy,Female,25,C2,63.7,0.79,Medium,Other,0.22,0,0.6,Counseling,1,0.68|0.58|0.69|0.88|0.76|0.58|0.63|0.67|0.56|0.82|0.91|0.83|0.69|0.82|0.98|0.60|0.62|0.74|0.87|0.97|0.75|0.91|0.64|0.86|0.71|0.63|0.68|0.65|0.71|0.65|0.82|0.67,Psychology,2025-11-02T11:58:25Z
IT000516,Politecnico di Torino,Pakistan,Italy,Female,23,C2,84.3,0.86,Low,Other,0.14,0,0.6,Counseling,1,0.68|0.88|0.69|0.60|0.54|0.71|0.86|0.76|0.52|0.67|0.46|0.76|0.57|0.63|0.94|0.56|0.70|0.46|0.64|0.83|0.86|0.80|0.80|0.94|0.73|0.75|0.72|0.76|0.69|0.63|0.78|0.84,Psychology,2025-11-02T11:58:25Z
IT000517,Politecnico di Torino,Italy,Italy,Prefer not to say,24,B2,82.1,0.87,High,Married,0.38,0,0.1,None,0,0.83|0.83|0.82|0.86|0.87|0.74|1.00|0.71|0.71|0.97|0.81|0.77|0.90|0.76|0.83|0.77|0.94|0.75|0.73|0.91|0.62|0.65|0.97|0.79|0.86|0.85|0.74|0.71|0.67|0.51|0.92|0.84,English Philology,2025-11-02T11:58:25Z
IT000518,University of Messina,Bangladesh,Italy,Other,23,C1,61.4,0.97,High,Single,0.18,0,0.6,BuddyProgram,1,0.55|0.65|0.62|0.85|0.86|0.71|0.51|0.83|0.81|0.85|0.73|0.79|0.50|0.69|0.66|0.55|0.72|0.70|0.88|0.84|0.61|0.73|0.80|0.89|0.61|0.78|0.65|0.66|0.78|0.43|0.69|0.68,English Philology,2025-11-02T11:58:25Z
IT000519,University of Messina,USA,Italy,Male,23,A2,83,0.91,Medium,Other,0.28,0,0.3,None,0,0.67|0.75|0.68|0.71|0.71|0.81|0.91|0.71|0.77|0.86|0.62|0.82|0.72|0.70|0.74|0.91|0.81|0.71|0.86|0.63|0.63|0.68|0.95|0.91|0.81|0.72|0.73|0.74|0.72|0.59|0.60|0.86,Business,2025-11-02T11:58:25Z
IT000520,University of Messina,Latvia,Italy,Female,27,A2,80.4,0.89,Medium,Single,0.22,0,0.1,BuddyProgram,0,0.79|0.91|0.55|0.71|0.76|0.73|0.59|0.61|0.68|0.99|0.74|0.87|0.82|0.79|0.97|0.59|0.65|0.84|0.81|0.79|0.77|0.56|0.53|0.80|0.84|0.90|0.66|0.85|0.80|1.00|0.71|0.88,Business,2025-11-02T11:58:25Z
IT000521,Politecnico di Torino,Bangladesh,Italy,Prefer not to say,25,B2,71.4,0.84,Medium,Single,0.38,0,0.6,Tutoring,0,0.63|0.74|0.54|0.69|0.92|0.63|0.84|0.61|0.64|1.00|0.57|0.65|0.70|0.50|0.71|0.79|0.80|0.68|0.83|0.61|0.77|0.78|0.75|0.76|0.80|1.00|0.95|0.65|0.67|1.00|0.45|0.65,Data Science,2025-11-02T11:58:25Z
IT000522,Politecnico di Torino,Brazil,Italy,Other,26,C1,53.4,0.88,High,Single,0.55,0,0.5,Counseling,1,0.88|0.61|0.73|0.66|0.81|0.64|0.66|0.74|0.65|0.81|0.46|0.72|0.61|0.79|0.76|0.67|0.79|0.76|0.70|0.74|0.92|0.71|0.75|0.70|0.74|0.76|0.75|0.75|0.66|0.72|0.84|0.68,Computer Science,2025-11-02T11:58:25Z
IT000523,Politecnico di Torino,India,Italy,Other,20,C1,70.7,0.87,High,Married,0.36,1,0.6,LanguageMentor,0,0.61|0.76|1.00|0.78|0.95|0.75|0.59|0.72|0.59|0.77|0.67|0.77|0.72|0.69|0.76|0.61|0.80|0.87|0.92|0.40|0.77|0.82|0.64|0.77|0.92|0.89|0.61|0.99|0.78|0.81|0.98|0.68,Economics,2025-11-02T11:58:25Z
IT000524,University of Messina,Slovakia,Italy,Female,22,B1,69.8,0.98,Medium,Married,0.44,0,0.1,None,1,0.89|0.78|0.90|0.65|0.83|0.73|0.45|0.84|0.82|0.74|0.74|0.78|0.79|0.83|0.76|0.55|0.68|0.72|0.66|0.76|0.51|0.78|0.73|0.66|0.70|0.77|0.60|0.49|0.86|0.72|0.84|0.72,Data Science,2025-11-02T11:58:25Z
IT000525,University of Messina,Latvia,Italy,Male,28,B2,65,0.92,Medium,Other,0.4,1,0.1,Counseling,0,0.63|0.53|0.90|0.76|0.77|0.71|0.67|0.88|0.75|0.41|0.72|0.78|0.74|0.81|0.84|0.67|0.70|0.74|0.65|0.62|0.52|0.84|0.77|0.79|0.62|0.73|0.81|0.75|0.87|0.87|0.72|0.62,Economics,2025-11-02T11:58:25Z
IT000526,Politecnico di Torino,Latvia,Italy,Other,21,B1,73.1,0.85,Medium,Single,0.14,0,0.1,Tutoring,0,0.74|0.82|0.67|0.61|0.69|0.73|0.84|0.79|0.56|0.65|0.65|0.80|0.51|0.45|0.65|0.70|0.89|0.40|0.80|0.77|0.67|0.74|0.66|0.60|0.69|0.64|0.55|0.94|0.72|0.84|0.39|0.85,Psychology,2025-11-02T11:58:25Z
IT000527,University of Messina,Brazil,Italy,Female,21,B2,69.6,0.82,Low,Married,0.05,0,0.5,Tutoring,1,0.88|0.77|0.69|0.89|0.62|0.65|0.64|0.88|1.00|0.94|0.65|0.82|0.63|0.76|0.67|0.71|0.54|0.58|0.65|0.63|0.66|0.65|0.83|0.57|0.98|0.94|0.60|0.48|0.61|0.73|0.59|0.72,English Philology,2025-11-02T11:58:25Z
IT000528,University of Messina,Ukraine,Italy,Other,21,C1,63.5,0.83,Low,Single,0.23,0,0.1,BuddyProgram,0,0.85|0.63|0.73|0.67|0.52|0.50|0.60|0.41|0.81|0.88|0.90|0.65|0.90|0.78|0.72|0.98|0.75|0.64|0.71|0.82|0.62|0.58|0.75|0.60|0.65|0.85|0.80|0.69|0.75|0.86|0.57|0.79,Psychology,2025-11-02T11:58:25Z
IT000529,Politecnico di Torino,India,Italy,Male,27,C1,61.5,0.87,Medium,Married,0.31,0,0.6,Tutoring,1,0.67|0.92|0.58|0.93|0.36|0.76|0.83|0.86|0.63|0.77|0.97|0.54|0.59|0.78|0.64|0.82|0.89|0.78|0.65|0.77|0.49|0.62|0.56|0.92|0.67|0.58|0.94|0.55|0.78|0.72|0.89|0.89,Business,2025-11-02T11:58:25Z
IT000530,University of Messina,Latvia,Italy,Prefer not to say,27,B1,82.9,0.77,Low,Married,0.42,0,0.1,None,1,0.83|0.70|0.53|0.76|0.65|0.62|0.74|0.72|0.45|0.63|0.57|0.76|0.64|0.79|0.68|0.53|0.70|0.80|0.68|0.88|0.59|0.86|0.69|0.76|0.84|0.80|0.39|1.00|0.94|0.81|0.79|0.66,Economics,2025-11-02T11:58:25Z
IT000531,University of Messina,Pakistan,Italy,Other,27,C1,86.3,0.73,High,Other,0.21,1,0.6,None,0,0.90|0.83|0.76|0.81|0.82|0.67|0.90|0.71|0.67|0.74|0.82|0.50|0.83|0.67|1.00|0.90|0.72|0.69|0.62|0.73|0.97|0.68|0.60|0.59|0.87|0.75|0.88|0.73|0.83|0.84|0.51|1.00,Logistics,2025-11-02T11:58:25Z
IT000532,University of Messina,Brazil,Italy,Male,24,A2,77.5,0.86,Low,Single,0.01,0,0.5,None,0,0.94|0.82|0.74|0.66|0.55|0.56|0.53|0.72|0.81|0.78|0.60|0.63|0.73|0.83|0.45|0.76|0.69|0.63|0.76|0.78|0.52|0.69|0.87|1.00|0.85|0.71|0.65|0.61|0.65|0.68|0.61|0.81,Logistics,2025-11-02T11:58:25Z
IT000533,Politecnico di Torino,Slovakia,Italy,Male,27,B1,68.1,0.72,Medium,Other,0.56,1,0.1,LanguageMentor,0,0.39|0.85|0.47|0.76|0.81|0.74|0.74|0.66|0.70|0.77|0.75|0.91|0.69|0.55|0.61|0.73|0.59|0.70|0.47|0.58|0.56|0.88|0.75|0.81|0.47|0.55|0.97|0.92|0.83|0.71|0.91|0.58,Economics,2025-11-02T11:58:25Z
IT000534,Politecnico di Torino,Latvia,Italy,Other,18,B2,77.2,0.83,Medium,Married,0.15,0,0.1,None,1,0.43|0.55|0.58|0.74|0.64|0.70|0.75|0.60|0.67|0.64|0.75|0.93|0.93|0.64|0.84|0.61|0.59|0.74|0.82|0.50|0.69|0.82|0.65|0.80|0.78|0.67|0.73|0.89|0.55|0.82|0.88|0.67,English Philology,2025-11-02T11:58:25Z
IT000535,Politecnico di Torino,Italy,Italy,Other,21,B1,75,0.88,High,Other,0.11,0,0.1,BuddyProgram,0,0.75|0.84|0.78|0.83|0.71|0.82|0.76|0.94|0.67|0.70|0.69|0.85|0.81|0.78|0.87|0.71|0.49|0.71|0.71|0.71|0.96|0.53|0.61|0.63|0.89|1.00|0.56|0.77|0.84|0.71|0.70|0.96,Business,2025-11-02T11:58:25Z
IT000536,Politecnico di Torino,India,Italy,Prefer not to say,22,B2,64.3,0.85,High,Married,0.16,0,0.6,Tutoring,0,0.86|0.62|0.55|0.93|0.87|0.80|0.61|0.71|0.72|0.58|0.68|0.85|0.64|0.88|0.74|0.81|0.74|0.78|0.80|0.66|0.51|0.64|0.39|0.91|0.66|0.66|0.83|0.76|0.92|0.81|0.69|0.69,Economics,2025-11-02T11:58:25Z
IT000537,University of Messina,Pakistan,Italy,Male,25,B1,64,0.87,Low,Married,0.16,1,0.6,Counseling,0,0.67|0.52|0.67|0.82|0.90|0.74|0.76|0.60|0.65|0.46|0.73|0.64|0.88|0.77|0.70|0.60|0.76|0.71|0.69|0.69|0.87|0.78|0.64|0.80|0.55|0.85|0.72|0.62|0.66|0.54|0.72|0.60,Data Science,2025-11-02T11:58:25Z
IT000538,University of Messina,Sri Lanka,Italy,Female,24,C1,68.9,0.89,Medium,Single,0.16,1,0.6,LanguageMentor,0,0.89|0.71|0.75|0.58|0.68|0.71|0.84|0.91|0.82|0.73|0.94|0.84|0.87|1.00|0.61|0.55|0.71|0.70|0.70|0.74|0.69|1.00|0.65|0.77|0.57|0.70|0.77|0.80|0.89|0.62|0.67|0.94,English Philology,2025-11-02T11:58:25Z
IT000539,Politecnico di Torino,Slovakia,Italy,Other,20,C2,78.7,0.88,Medium,Other,0.3,0,0.1,BuddyProgram,1,0.76|0.83|0.90|0.73|0.71|0.61|0.51|0.73|0.87|0.88|0.56|0.85|0.81|0.93|0.83|0.66|0.80|0.84|0.48|0.60|0.71|0.70|0.70|0.79|0.65|0.76|0.76|0.76|0.51|0.94|0.66|0.79,Logistics,2025-11-02T11:58:25Z
IT000540,Politecnico di Torino,Bangladesh,Italy,Prefer not to say,22,B2,60.6,0.85,Low,Married,0.14,1,0.6,None,0,0.57|0.67|0.64|0.64|0.91|0.74|0.69|0.61|0.79|0.61|0.71|0.61|0.60|0.90|0.57|0.92|0.72|0.72|0.94|0.92|0.71|0.80|0.87|0.78|0.80|0.79|0.93|1.00|0.49|0.72|0.80|0.70,Business,2025-11-02T11:58:25Z
IT000541,Politecnico di Torino,Italy,Italy,Female,21,C1,73.7,0.87,Low,Other,0.29,0,0.1,LanguageMentor,1,0.70|0.91|0.66|0.57|0.71|0.73|0.73|0.87|0.93|0.60|0.84|0.65|0.92|0.67|0.59|0.91|0.47|0.77|0.86|0.68|0.42|0.67|0.90|0.56|0.79|0.50|0.60|0.44|0.70|0.87|0.86|0.67,Logistics,2025-11-02T11:58:25Z
IT000542,Politecnico di Torino,USA,Italy,Other,22,C1,72.3,0.77,Low,Single,0.55,0,0.3,Tutoring,0,0.94|0.89|0.93|0.75|0.82|0.68|0.76|0.87|0.47|0.99|0.76|0.63|0.89|0.78|0.82|0.98|0.80|0.96|0.67|0.74|0.88|0.69|0.67|0.76|0.89|0.65|0.85|0.66|0.76|0.98|0.78|0.75,Business,2025-11-02T11:58:25Z
IT000543,University of Messina,Bangladesh,Italy,Other,24,C1,71.3,0.81,Low,Other,0.18,0,0.6,Tutoring,1,0.86|0.59|0.72|0.75|0.75|0.81|0.73|0.93|0.72|0.93|0.79|0.73|0.81|0.53|0.83|0.68|0.73|0.80|0.73|0.91|0.80|0.79|0.75|0.80|0.54|0.92|0.65|0.92|0.82|0.65|0.74|0.77,English Philology,2025-11-02T11:58:25Z
IT000544,Politecnico di Torino,Slovakia,Italy,Female,23,A2,78.3,0.96,High,Single,0.44,1,0.1,None,0,1.00|0.81|0.67|0.88|0.64|0.76|0.78|0.91|0.67|0.94|0.71|0.56|0.90|0.68|0.65|0.81|0.61|0.83|0.73|0.74|0.61|0.38|0.52|0.68|0.83|0.72|0.71|0.90|0.60|0.62|0.72|0.62,Logistics,2025-11-02T11:58:25Z
IT000545,University of Messina,Spain,Italy,Other,20,A2,80.3,0.99,High,Single,0.31,0,0.1,Tutoring,1,0.45|0.95|0.72|0.94|0.77|0.63|0.90|0.81|0.65|0.60|0.76|0.69|0.67|0.71|0.89|0.78|0.77|0.82|0.56|0.59|0.65|0.80|0.56|0.74|0.61|0.45|0.70|0.75|0.73|0.93|0.61|0.56,Data Science,2025-11-02T11:58:25Z
IT000546,Politecnico di Torino,Ukraine,Italy,Female,23,C1,60.3,1,Low,Single,0.1,0,0.1,None,1,0.76|0.77|0.71|0.64|0.60|0.54|0.73|0.76|0.88|0.65|0.80|0.79|1.00|0.59|0.66|0.71|0.89|0.84|0.54|0.58|0.62|0.86|0.69|0.80|1.00|0.46|1.00|0.52|0.56|0.67|0.69|0.74,Engineering,2025-11-02T11:58:25Z
IT000547,Politecnico di Torino,Ukraine,Italy,Female,18,A2,56.3,0.9,High,Married,0.48,0,0.1,LanguageMentor,1,0.79|0.65|0.82|0.84|0.59|0.76|0.69|0.62|0.77|0.48|0.81|0.67|0.86|0.68|0.55|0.59|0.61|0.95|0.78|0.85|0.59|0.56|0.81|0.87|0.81|0.43|0.75|0.79|0.73|0.74|0.88|0.77,Logistics,2025-11-02T11:58:25Z
IT000548,University of Messina,Latvia,Italy,Other,26,B1,72.1,0.88,Medium,Single,0.54,0,0.1,LanguageMentor,1,1.00|0.79|0.48|0.89|0.89|0.72|0.76|0.75|0.52|0.86|0.70|0.74|0.81|0.88|0.60|0.74|0.56|0.85|0.63|0.72|0.79|0.57|0.86|0.67|0.76|0.68|0.76|0.78|0.86|0.78|0.77|1.00,Business,2025-11-02T11:58:25Z
IT000549,Politecnico di Torino,Vietnam,Italy,Prefer not to say,21,C2,74.4,0.91,Low,Married,0.21,1,0.6,Tutoring,0,0.71|0.64|0.62|0.56|0.86|0.82|0.61|0.74|0.66|0.56|0.82|0.91|0.90|0.60|0.69|0.64|0.72|0.86|0.74|0.75|0.86|0.77|0.96|0.80|0.84|0.80|0.70|0.87|0.77|1.00|0.68|0.39,Economics,2025-11-02T11:58:25Z
IT000550,University of Messina,Ukraine,Italy,Male,27,C1,72.7,0.84,Low,Married,0.41,1,0.1,None,0,0.91|0.69|0.82|0.82|0.80|0.68|0.53|0.72|0.76|0.97|0.73|0.77|0.50|0.94|0.75|0.54|0.49|1.00|0.69|0.99|0.63|0.73|0.84|0.61|0.79|0.81|0.74|0.60|0.78|0.59|0.66|0.54,Business,2025-11-02T11:58:25Z
