student_id,institution,country_home,country_host,gender,age,language_proficiency,gpa_prev,attendance_rate,socio_econ_status,marital_status,teaching_style_difference,dropout,cultural_distance,support_program,target_success,completion_status,subject_field,timestamp_created,w1,w2,w3,w4,w5,w6,w7,w8,w9,w10,w11,w12,w13,w14,w15,w16,w17,w18,w19,w20,w21,w22,w23,w24,w25,w26,w27,w28,w29,w30,w31,w32
IT000239,Politecnico di Torino,Italy,Italy,Male,24,B1,63.6,0.8,Medium,Other,0.28,0,0.1,LanguageMentor,1,Completed,Computer Science,2025-11-02T11:58:25Z,0.74,0.43,0.61,0.78,0.68,0.78,0.46,0.83,0.66,0.79,0.82,0.84,0.81,0.76,0.42,0.94,0.82,0.75,0.53,0.67,0.86,0.77,0.34,0.81,0.69,0.71,0.75,0.74,0.63,0.75,0.9,0.6
IT000017,Politecnico di Torino,USA,Italy,Female,25,B1,52.7,0.94,Low,Single,0.13,1,0.3,Tutoring,0,Left Country,Psychology,2025-11-02T11:58:25Z,0.7,0.76,1.0,0.82,0.6,0.76,0.64,0.87,0.72,0.92,0.71,0.73,0.72,0.72,0.65,0.51,0.66,0.64,0.62,0.61,0.96,0.76,0.78,0.6,0.78,0.53,0.77,0.78,0.72,0.54,0.84,0.62
LA000598,TSI Riga,Nigeria,Latvia,Other,26,C2,83.9,1.0,High,Single,0.24,0,0.7,Tutoring,1,Completed,Engineering,2025-11-02T11:58:25Z,0.73,0.62,0.62,0.67,0.98,0.65,0.82,0.56,0.42,0.66,0.66,0.69,0.64,0.62,0.87,0.41,0.77,0.95,0.77,0.75,0.72,0.7,0.76,0.69,0.96,0.51,0.81,0.77,0.75,0.74,0.61,0.73
SL000333,Comenius University Bratislava,USA,Slovakia,Male,29,B2,71.7,0.91,Low,Married,0.44,0,0.3,LanguageMentor,1,Completed,Economics,2025-11-02T11:58:26Z,0.94,0.55,0.65,0.75,0.99,0.89,0.58,0.85,0.64,0.69,0.9,0.74,0.79,0.71,0.88,0.49,0.6,0.76,0.86,0.71,0.52,0.89,0.8,0.78,0.58,0.82,0.82,0.7,0.72,0.73,0.86,0.66
LA000449,Daugavpils University,Spain,Latvia,Prefer not to say,23,B2,59.3,0.98,Low,Married,0.43,0,0.1,Counseling,1,Completed,Business,2025-11-02T11:58:25Z,0.91,0.79,0.81,0.68,0.8,0.95,0.58,0.65,0.71,0.62,0.81,0.62,1.0,0.63,0.72,0.82,0.7,0.68,0.79,0.88,0.7,0.81,0.65,0.61,0.79,0.38,0.59,0.64,0.68,0.59,0.76,0.69
LA000463,Daugavpils University,Italy,Latvia,Male,23,C1,76.2,0.9,Medium,Other,0.05,0,0.1,Tutoring,1,Completed,Business,2025-11-02T11:58:25Z,0.9,0.61,0.58,0.63,0.92,0.58,0.7,0.88,0.86,1.0,0.81,0.61,0.87,0.75,0.63,0.66,0.81,0.73,0.7,0.73,0.83,0.97,0.72,0.66,0.58,0.64,0.72,0.6,0.58,0.8,0.8,0.91
LA000004,TSI Riga,Italy,Latvia,Male,25,B1,73.1,0.94,Medium,Other,0.16,0,0.1,LanguageMentor,1,Ongoing,Logistics,2025-11-02T11:58:25Z,0.54,0.84,0.62,0.88,0.74,0.7,0.79,0.71,0.8,0.66,0.75,0.75,0.61,0.83,0.91,0.78,0.88,0.51,0.79,0.78,0.81,0.71,0.98,0.86,0.51,0.66,0.92,0.62,0.83,0.79,0.75,0.86
IT000366,University of Messina,Bangladesh,Italy,Prefer not to say,29,C2,55.1,0.77,High,Married,0.01,0,0.6,Tutoring,1,Completed,Economics,2025-11-02T11:58:25Z,0.92,0.94,0.99,0.74,0.63,0.76,0.77,0.7,0.8,0.82,0.73,0.77,0.73,0.82,0.66,0.75,0.7,0.8,0.84,0.69,0.7,0.91,0.54,0.77,0.88,0.69,0.75,0.52,0.7,0.93,0.72,0.7
LA000235,TSI Riga,Italy,Latvia,Male,24,B1,73.7,0.96,Medium,Married,0.3,0,0.1,LanguageMentor,0,Failed Exams,Data Science,2025-11-02T11:58:25Z,0.46,0.93,0.88,0.82,0.97,0.64,0.76,0.69,0.73,0.84,0.67,0.72,0.89,0.51,0.6,0.68,0.56,0.66,0.85,0.65,0.87,0.58,0.73,0.67,0.9,0.82,0.74,0.72,0.75,0.66,0.91,0.72
SL000251,Comenius University Bratislava,Vietnam,Slovakia,Prefer not to say,25,C2,76.5,0.87,Low,Other,0.09,1,0.6,BuddyProgram,0,Dropped Out,Business,2025-11-02T11:58:26Z,0.85,0.66,0.62,0.71,0.86,0.78,0.61,0.74,0.77,0.66,0.65,0.72,0.98,0.65,0.7,0.61,0.75,0.47,0.8,0.7,0.71,0.72,0.69,0.84,0.85,0.56,0.86,0.79,0.67,0.82,0.64,0.68
LA000589,Daugavpils University,Pakistan,Latvia,Female,24,B2,73.4,0.96,Medium,Married,0.22,0,0.6,None,1,Completed,English Philology,2025-11-02T11:58:25Z,0.82,0.47,0.72,0.86,0.66,0.86,0.84,0.56,0.83,0.51,0.81,0.81,0.49,0.64,0.94,0.66,0.67,0.87,0.69,0.65,0.68,0.85,0.84,0.71,0.93,0.83,0.98,0.93,1.0,0.8,0.67,0.91
LA000516,Daugavpils University,Slovakia,Latvia,Other,26,B2,71.0,0.87,Low,Single,0.06,0,0.1,None,1,Completed,Data Science,2025-11-02T11:58:25Z,0.86,0.79,0.83,0.64,0.92,0.78,1.0,0.79,0.66,0.49,0.69,0.66,0.81,0.74,0.58,0.84,0.51,0.65,0.67,0.57,0.81,0.86,0.81,0.47,0.34,0.55,0.7,0.71,0.89,0.52,0.83,0.83
SL000051,Slovak Tech,Brazil,Slovakia,Female,19,C1,64.7,0.96,Medium,Single,0.19,0,0.5,None,1,Ongoing,Engineering,2025-11-02T11:58:25Z,0.55,0.76,0.67,0.77,0.93,0.88,0.52,0.76,0.89,0.74,0.63,0.85,0.88,0.76,0.62,0.69,0.72,0.72,0.53,0.67,0.72,0.79,0.74,0.62,0.65,0.66,0.83,0.99,0.73,0.42,0.77,0.86
LA000119,Daugavpils University,Italy,Latvia,Other,26,C2,69.6,0.83,High,Single,0.29,0,0.1,LanguageMentor,1,Completed,Psychology,2025-11-02T11:58:25Z,0.82,0.8,0.85,0.85,0.57,0.62,0.76,0.43,0.69,0.66,0.93,0.84,0.92,0.48,0.73,0.91,0.74,0.8,0.78,0.73,0.7,0.88,0.93,0.77,0.83,1.0,0.64,0.6,0.63,0.73,0.82,0.65
SL000028,Comenius University Bratislava,Brazil,Slovakia,Other,25,C1,63.4,1.0,High,Single,0.46,1,0.5,Tutoring,0,Dropped Out,Logistics,2025-11-02T11:58:25Z,0.83,0.71,0.65,0.68,0.86,0.59,0.88,0.79,0.84,0.75,0.75,0.63,0.8,0.72,0.74,0.65,0.81,0.82,0.63,0.9,0.71,0.73,0.89,0.87,0.84,0.8,0.77,0.62,0.63,0.85,0.79,0.69
LA000328,Daugavpils University,USA,Latvia,Male,27,B2,64.0,0.8,High,Single,0.17,0,0.3,Counseling,1,Completed,Logistics,2025-11-02T11:58:25Z,0.66,0.81,0.62,0.57,0.94,0.59,0.82,0.62,0.6,0.63,0.76,0.81,0.72,0.52,1.0,0.61,0.57,0.71,0.64,0.75,0.48,0.73,0.42,0.91,0.8,0.64,0.73,0.76,0.64,0.71,0.92,0.89
SL000087,Slovak Tech,Sri Lanka,Slovakia,Female,25,C1,80.5,0.8,High,Other,0.42,0,0.6,Tutoring,1,Completed,Engineering,2025-11-02T11:58:26Z,0.85,1.0,0.84,0.68,0.78,0.71,0.74,0.72,0.76,0.94,0.83,0.85,0.63,0.91,0.82,0.54,0.55,0.67,0.67,0.59,0.81,0.53,0.95,0.88,0.6,0.9,0.85,0.73,0.63,0.41,0.76,0.8
IT000365,University of Messina,Latvia,Italy,Prefer not to say,21,B2,47.8,0.98,Medium,Single,0.62,0,0.1,BuddyProgram,1,Completed,Logistics,2025-11-02T11:58:25Z,0.67,0.76,0.76,0.68,0.74,1.0,0.74,0.9,0.74,0.94,0.56,0.59,0.77,0.53,0.84,0.4,0.62,0.55,0.67,0.67,0.71,0.78,0.54,0.5,0.65,0.77,0.59,0.68,0.89,0.99,0.79,0.79
IT000517,Politecnico di Torino,Italy,Italy,Prefer not to say,24,B2,82.1,0.87,High,Married,0.38,0,0.1,None,0,Failed Exams,English Philology,2025-11-02T11:58:25Z,0.83,0.83,0.82,0.86,0.87,0.74,1.0,0.71,0.71,0.97,0.81,0.77,0.9,0.76,0.83,0.77,0.94,0.75,0.73,0.91,0.62,0.65,0.97,0.79,0.86,0.85,0.74,0.71,0.67,0.51,0.92,0.84
IT000079,University of Messina,Nigeria,Italy,Female,23,B2,61.0,0.81,Low,Married,0.18,0,0.7,BuddyProgram,1,Completed,Logistics,2025-11-02T11:58:25Z,0.65,0.63,0.77,0.86,0.78,0.84,0.4,1.0,0.85,0.5,0.7,0.84,0.87,0.89,0.78,0.54,0.85,0.88,0.71,0.71,0.7,0.52,0.84,0.54,0.66,0.78,0.46,0.57,0.93,0.66,0.73,1.0
SL000085,Comenius University Bratislava,India,Slovakia,Other,24,B2,65.3,0.93,Low,Married,0.53,0,0.6,Tutoring,1,Completed,Computer Science,2025-11-02T11:58:26Z,0.7,0.83,0.73,0.88,0.86,0.74,0.57,0.74,0.66,0.73,0.77,0.66,0.5,0.59,0.74,0.6,0.66,0.73,0.62,0.9,0.68,0.74,0.72,0.53,0.7,0.6,0.83,0.74,0.8,0.65,0.8,0.76
SL000246,Comenius University Bratislava,Ukraine,Slovakia,Male,21,C2,57.8,0.81,Low,Single,0.52,0,0.1,None,1,Ongoing,Engineering,2025-11-02T11:58:26Z,0.61,0.63,0.94,0.62,0.9,0.69,0.68,0.76,0.8,0.82,0.91,0.61,0.57,0.59,0.59,0.78,0.45,0.78,0.68,0.66,0.85,0.94,0.68,0.78,0.82,0.69,0.82,0.75,0.57,0.8,0.46,0.68
LA000065,TSI Riga,USA,Latvia,Other,19,C2,62.7,0.85,High,Single,0.41,0,0.3,None,1,Completed,English Philology,2025-11-02T11:58:25Z,0.83,0.73,0.64,0.62,0.81,0.63,0.64,0.72,0.7,0.74,0.84,0.71,0.49,0.84,0.51,0.83,0.7,0.76,0.9,0.81,0.7,0.67,0.67,0.49,0.54,0.83,0.61,0.79,0.83,0.86,0.72,0.71
IT000228,University of Messina,Ukraine,Italy,Male,25,A2,79.6,0.9,Low,Other,0.45,0,0.1,Tutoring,1,Completed,Engineering,2025-11-02T11:58:25Z,0.61,0.82,0.88,0.55,0.7,0.8,0.71,0.74,0.93,0.65,0.59,0.68,0.76,0.82,0.64,0.84,0.67,0.82,0.65,0.57,0.68,0.87,0.83,0.88,0.51,0.61,0.82,0.7,0.85,0.77,0.67,0.66
IT000028,University of Messina,Ukraine,Italy,Prefer not to say,19,C2,70.2,0.95,Medium,Single,0.22,0,0.1,Tutoring,1,Completed,Computer Science,2025-11-02T11:58:25Z,0.89,0.88,0.58,0.91,0.61,0.64,0.62,0.63,0.68,0.66,0.91,0.66,0.66,0.86,0.85,0.83,0.74,0.96,0.75,0.65,0.86,0.75,0.77,0.64,0.89,0.63,0.76,0.75,1.0,0.55,0.87,0.84
IT000241,Politecnico di Torino,Bangladesh,Italy,Female,27,C1,74.9,0.74,High,Married,0.41,0,0.6,None,1,Completed,Logistics,2025-11-02T11:58:25Z,0.67,0.8,0.69,0.75,0.64,0.87,0.75,0.73,0.83,0.82,1.0,0.71,0.8,0.72,0.87,0.56,0.83,0.94,0.64,0.63,0.51,0.63,0.78,0.77,0.69,0.87,0.9,0.77,0.66,0.59,0.74,0.86
LA000300,TSI Riga,Ukraine,Latvia,Other,22,C2,82.9,0.96,High,Single,0.21,0,0.1,None,1,Completed,Business,2025-11-02T11:58:25Z,0.91,0.75,0.6,0.87,0.71,0.63,0.7,0.62,0.39,0.89,0.77,0.81,0.82,1.0,0.81,0.78,0.99,0.63,0.83,0.47,0.8,0.59,0.56,0.88,0.83,0.89,0.97,0.83,0.84,0.65,0.74,0.72
IT000374,University of Messina,Ukraine,Italy,Female,25,A2,62.8,0.84,Medium,Single,0.47,1,0.1,BuddyProgram,0,Dropped Out,Data Science,2025-11-02T11:58:25Z,0.62,0.59,0.73,0.66,0.7,0.88,0.49,0.83,0.75,0.7,0.73,0.69,0.73,0.63,0.68,0.81,0.81,0.44,0.84,0.84,0.67,0.69,0.7,0.67,0.73,0.64,0.83,0.4,0.91,0.76,0.71,0.9
SL000256,Comenius University Bratislava,Pakistan,Slovakia,Male,23,B2,61.4,0.79,Low,Other,0.13,0,0.6,LanguageMentor,1,Completed,Psychology,2025-11-02T11:58:26Z,0.71,0.65,0.76,0.55,0.82,0.82,0.74,0.77,0.74,1.0,0.76,0.87,0.74,0.65,0.78,0.84,0.81,0.68,0.87,0.82,0.67,0.63,0.62,0.68,0.66,0.64,0.93,0.93,0.77,0.81,0.69,0.84
IT000471,Politecnico di Torino,India,Italy,Male,22,C1,66.4,0.82,High,Other,0.23,0,0.6,None,0,Failed Exams,Data Science,2025-11-02T11:58:25Z,0.61,0.75,0.47,0.71,0.61,0.67,0.72,0.53,0.85,0.59,0.87,0.58,0.8,0.93,0.76,0.96,0.92,0.66,0.69,0.62,0.86,0.54,0.7,0.75,0.64,0.53,0.73,0.78,0.75,0.62,0.74,0.75
SL000144,Slovak Tech,Italy,Slovakia,Female,22,C1,70.6,0.96,Low,Other,0.42,0,0.1,None,1,Completed,Economics,2025-11-02T11:58:26Z,0.62,0.9,0.49,0.64,0.71,0.91,0.47,0.68,0.64,1.0,0.52,0.65,0.98,0.74,0.76,0.89,0.78,0.69,0.59,0.84,0.81,0.78,0.81,0.75,0.81,0.72,0.67,0.78,0.81,0.67,0.68,0.63
IT000212,University of Messina,Slovakia,Italy,Other,26,B2,63.6,0.96,Medium,Married,0.19,0,0.1,Tutoring,1,Completed,Economics,2025-11-02T11:58:25Z,0.51,0.78,0.67,0.82,0.66,0.87,0.77,0.83,0.85,0.73,0.66,0.46,0.65,0.76,0.57,0.86,0.43,0.63,0.54,0.73,0.85,0.88,0.62,0.75,0.62,0.63,0.7,0.65,0.6,0.45,0.93,0.7
LA000576,TSI Riga,Pakistan,Latvia,Other,26,A2,72.1,0.93,Low,Married,0.26,0,0.6,LanguageMentor,0,Failed Exams,Economics,2025-11-02T11:58:25Z,0.71,0.81,0.76,0.94,0.74,0.87,0.64,0.71,0.68,0.91,0.78,0.81,0.8,0.86,0.59,0.67,0.52,0.8,1.0,0.74,0.7,0.79,0.76,0.78,0.84,0.72,0.64,0.75,0.68,0.81,0.88,0.87
LA000201,TSI Riga,Spain,Latvia,Female,21,C2,78.6,0.79,Low,Other,0.24,0,0.1,None,1,Completed,Psychology,2025-11-02T11:58:25Z,0.43,0.94,0.79,0.55,0.67,0.75,0.74,0.63,0.83,0.72,0.77,0.76,0.62,0.76,0.86,0.8,0.82,0.59,0.57,0.75,0.61,0.76,0.74,0.78,0.87,0.65,0.82,0.78,0.74,0.6,0.8,0.83
LA000424,Daugavpils University,Pakistan,Latvia,Male,29,B1,78.3,1.0,Low,Other,0.51,0,0.6,None,1,Completed,English Philology,2025-11-02T11:58:25Z,0.8,0.79,0.86,0.78,0.71,0.57,0.79,0.74,0.83,0.85,0.86,0.71,0.67,0.62,0.66,0.8,0.8,0.46,0.8,0.79,0.62,0.63,0.86,0.84,0.8,0.72,0.63,0.7,0.46,0.67,0.53,0.68
SL000475,Comenius University Bratislava,USA,Slovakia,Other,23,C2,61.2,1.0,Low,Other,0.48,0,0.3,LanguageMentor,1,Ongoing,English Philology,2025-11-02T11:58:26Z,0.74,0.97,0.72,0.77,0.66,0.63,0.72,0.45,0.71,0.62,0.73,1.0,0.46,0.71,0.62,0.66,0.43,0.57,0.78,0.76,0.64,0.48,0.7,1.0,0.68,0.66,0.83,0.72,0.85,0.85,0.59,0.78
LA000311,Daugavpils University,USA,Latvia,Female,21,C2,75.9,0.7,Low,Single,0.33,1,0.3,LanguageMentor,0,Dropped Out,Psychology,2025-11-02T11:58:25Z,0.92,0.51,0.78,0.7,0.92,0.54,0.6,0.77,0.71,0.44,0.66,0.71,0.82,0.85,0.66,0.75,0.7,0.81,0.67,0.61,0.52,0.85,0.92,0.95,0.66,0.68,0.58,0.54,0.87,0.61,0.56,0.96
SL000149,Slovak Tech,Nigeria,Slovakia,Male,22,B1,67.4,0.98,Low,Other,0.09,0,0.7,None,1,Completed,Engineering,2025-11-02T11:58:26Z,0.83,0.85,0.76,1.0,0.65,0.79,0.79,0.77,0.73,0.67,0.62,0.59,0.72,0.8,0.87,0.58,0.82,0.71,0.63,0.57,0.57,0.68,0.93,0.69,0.87,0.87,0.41,0.81,0.76,0.82,0.81,0.68
SL000147,Slovak Tech,India,Slovakia,Male,21,B1,69.0,0.86,Medium,Other,0.27,0,0.6,LanguageMentor,0,Failed Exams,Logistics,2025-11-02T11:58:26Z,0.64,0.86,0.67,0.74,0.86,0.51,0.87,0.54,0.68,0.81,0.69,0.7,0.46,0.88,0.59,0.92,0.65,0.75,0.55,0.73,0.37,0.67,0.9,0.75,0.84,0.66,0.74,0.62,0.69,0.62,0.64,0.72
SL000126,Comenius University Bratislava,Bangladesh,Slovakia,Male,28,B2,79.7,0.98,Medium,Married,0.33,0,0.6,Tutoring,1,Completed,English Philology,2025-11-02T11:58:26Z,0.7,0.68,1.0,0.85,0.87,0.7,0.57,0.76,0.93,0.75,0.73,0.66,0.77,0.87,0.7,0.68,0.67,0.74,0.83,1.0,0.66,0.61,0.68,0.58,0.75,1.0,0.84,0.74,0.58,0.86,0.88,0.59
SL000483,Slovak Tech,Nigeria,Slovakia,Male,23,A2,80.4,0.97,Low,Other,0.13,1,0.7,None,0,Dropped Out,Computer Science,2025-11-02T11:58:26Z,0.87,0.88,0.46,0.72,0.73,0.81,0.83,0.64,0.76,0.78,0.53,0.79,0.49,0.74,0.76,0.55,0.76,0.72,0.86,0.59,0.59,0.65,0.65,0.85,0.87,0.76,0.39,0.86,0.88,0.73,0.83,0.6
IT000170,University of Messina,Latvia,Italy,Female,19,B1,74.4,0.81,High,Single,0.14,0,0.1,Tutoring,1,Ongoing,English Philology,2025-11-02T11:58:25Z,1.0,0.59,0.78,0.83,0.9,0.65,0.52,0.74,0.6,0.86,0.83,0.51,0.6,0.82,0.51,0.68,0.33,0.69,0.69,0.81,0.83,0.6,0.7,0.9,0.88,0.74,0.63,0.8,0.69,0.65,0.43,0.61
LA000030,TSI Riga,Sri Lanka,Latvia,Other,28,C1,76.0,0.96,Low,Other,0.64,0,0.6,None,1,Completed,Logistics,2025-11-02T11:58:25Z,0.98,0.77,0.66,0.7,0.93,0.76,0.53,0.75,0.64,0.55,0.86,0.78,0.77,0.62,0.62,0.61,0.51,0.5,0.36,0.44,0.37,0.47,0.44,0.41,0.72,0.57,0.96,0.84,0.63,0.67,0.67,0.85
SL000378,Slovak Tech,USA,Slovakia,Prefer not to say,21,B1,99.1,0.85,Medium,Other,0.31,0,0.3,Tutoring,1,Completed,Business,2025-11-02T11:58:26Z,0.76,0.72,0.79,0.83,0.71,0.86,0.5,0.67,0.47,0.72,0.78,0.79,0.7,0.56,0.76,0.68,0.8,0.6,0.62,0.59,0.77,0.79,0.62,0.45,0.72,0.57,0.82,0.79,0.58,0.7,0.57,0.91
SL000341,Comenius University Bratislava,Latvia,Slovakia,Other,23,B2,67.8,0.89,Medium,Married,0.21,0,0.1,Tutoring,1,Ongoing,Computer Science,2025-11-02T11:58:26Z,0.63,0.56,0.84,0.48,0.68,0.88,0.75,0.82,0.86,0.64,0.64,0.73,0.88,0.7,0.86,0.58,0.84,0.59,0.73,0.68,0.76,0.94,0.82,0.93,1.0,0.48,0.72,0.83,0.8,0.5,0.88,0.67
LA000414,TSI Riga,Bangladesh,Latvia,Female,29,C1,63.6,0.89,Medium,Single,0.14,0,0.6,LanguageMentor,1,Ongoing,Business,2025-11-02T11:58:25Z,0.53,0.62,0.85,0.92,0.6,0.87,0.92,0.85,0.77,0.79,0.66,0.83,0.85,0.77,0.78,0.74,0.91,0.67,0.99,0.86,0.55,0.76,0.95,0.68,0.98,0.75,0.92,0.79,0.79,0.57,0.94,0.49
SL000425,Slovak Tech,Pakistan,Slovakia,Prefer not to say,24,C1,69.3,0.81,Medium,Married,0.15,1,0.6,LanguageMentor,0,Dropped Out,Engineering,2025-11-02T11:58:26Z,0.52,0.78,0.85,0.6,0.88,0.72,0.76,0.67,0.67,0.72,0.79,0.64,0.85,0.83,0.74,0.76,0.79,0.74,0.87,0.78,0.64,0.75,0.79,0.86,0.79,0.6,0.9,0.71,0.84,0.65,0.62,0.69
LA000318,Daugavpils University,Slovakia,Latvia,Female,24,B1,75.6,0.97,High,Single,0.16,0,0.1,BuddyProgram,0,Failed Exams,Logistics,2025-11-02T11:58:25Z,0.87,0.7,0.76,0.67,0.88,0.59,0.73,0.86,0.45,0.72,0.82,0.72,0.89,0.7,0.7,0.74,0.62,0.61,0.77,0.65,0.75,1.0,0.74,0.85,0.53,0.65,0.71,0.73,0.55,0.9,0.59,0.82
SL000068,Comenius University Bratislava,Brazil,Slovakia,Female,24,A2,53.9,0.83,High,Married,0.63,0,0.5,None,1,Completed,Psychology,2025-11-02T11:58:26Z,0.67,0.9,0.86,0.74,0.76,0.94,0.72,0.9,0.78,0.62,0.67,0.59,0.58,0.64,0.72,0.47,0.6,0.34,0.28,0.63,0.5,0.6,0.59,0.48,0.68,0.68,0.48,0.74,0.66,0.77,0.75,0.46
LA000108,Daugavpils University,Spain,Latvia,Other,23,A2,59.7,0.78,Medium,Married,0.59,1,0.1,None,0,Dropped Out,Psychology,2025-11-02T11:58:25Z,0.72,0.67,0.58,0.75,0.74,0.72,0.74,0.77,1.0,0.85,0.61,0.71,0.55,0.73,0.53,0.9,0.78,0.53,0.61,0.73,0.83,0.68,0.8,0.79,1.0,0.97,0.71,0.74,0.63,0.84,0.57,0.52
SL000349,Slovak Tech,Ukraine,Slovakia,Prefer not to say,24,C1,73.3,0.89,High,Other,0.29,0,0.1,LanguageMentor,1,Completed,Engineering,2025-11-02T11:58:26Z,0.59,0.73,0.68,0.87,0.85,0.53,0.7,0.7,0.82,0.71,0.74,0.82,0.78,0.72,0.83,0.62,0.95,0.61,0.7,0.64,0.83,0.78,0.48,0.83,0.63,0.78,0.65,0.75,0.76,0.62,0.83,0.84
IT000397,Politecnico di Torino,Brazil,Italy,Female,23,B2,69.6,0.89,Low,Single,0.08,0,0.5,BuddyProgram,1,Completed,Economics,2025-11-02T11:58:25Z,0.71,0.53,0.61,0.59,0.7,0.73,0.69,0.99,0.57,0.57,0.83,0.65,0.76,1.0,0.77,0.98,0.84,0.8,0.55,0.54,0.68,0.85,0.71,0.62,0.47,0.68,1.0,0.47,0.89,0.72,0.5,0.79
SL000430,Slovak Tech,Latvia,Slovakia,Other,24,C1,92.7,0.73,Medium,Single,0.22,0,0.1,LanguageMentor,1,Completed,Psychology,2025-11-02T11:58:26Z,0.56,0.58,0.97,0.86,0.76,0.63,0.7,0.55,1.0,0.77,0.79,0.79,0.81,0.63,0.56,0.5,0.72,0.56,0.88,0.73,0.82,0.82,0.7,0.67,0.73,0.8,0.76,0.76,0.73,1.0,0.73,0.7
IT000132,Politecnico di Torino,Pakistan,Italy,Male,24,C2,53.1,0.78,Medium,Married,0.51,0,0.6,Tutoring,1,Completed,Logistics,2025-11-02T11:58:25Z,0.64,0.93,0.78,0.63,0.86,0.86,0.78,0.57,0.6,0.92,0.56,0.75,0.79,0.53,0.75,0.83,0.66,0.47,0.73,0.63,0.84,0.66,0.54,0.84,0.84,0.69,0.65,0.76,0.94,0.88,0.65,1.0
LA000133,Daugavpils University,India,Latvia,Other,24,C1,98.9,1.0,Medium,Other,0.38,0,0.6,None,1,Completed,Computer Science,2025-11-02T11:58:25Z,0.78,0.79,0.72,0.61,0.72,0.7,0.8,0.7,0.64,0.69,0.82,0.69,0.82,0.59,0.56,0.77,0.84,0.83,0.85,0.76,0.73,0.77,0.47,0.73,0.72,0.88,0.95,0.87,0.7,0.69,0.75,0.39
LA000185,TSI Riga,Pakistan,Latvia,Other,23,B2,69.4,0.89,Low,Married,0.08,0,0.6,BuddyProgram,1,Completed,Logistics,2025-11-02T11:58:25Z,0.64,0.46,0.78,0.73,0.75,0.81,0.55,0.97,0.75,0.88,0.82,0.46,0.73,0.57,0.77,0.84,0.77,0.79,0.59,0.72,0.81,0.61,0.68,0.45,0.82,0.69,0.84,0.76,0.73,0.75,0.73,0.86
IT000388,Politecnico di Torino,USA,Italy,Female,21,A2,67.0,0.84,Low,Single,0.19,0,0.3,Tutoring,1,Completed,Logistics,2025-11-02T11:58:25Z,0.66,0.5,0.74,0.64,0.87,0.81,0.57,0.64,0.59,0.3,0.83,0.65,0.68,0.68,0.8,0.74,0.58,0.4,0.75,0.76,0.94,0.8,0.86,0.75,0.86,0.75,0.79,0.82,0.78,0.73,0.47,0.67
SL000442,Comenius University Bratislava,Spain,Slovakia,Other,27,B1,76.5,0.7,Low,Single,0.34,0,0.1,Tutoring,1,Completed,English Philology,2025-11-02T11:58:26Z,0.55,0.83,0.64,0.86,0.68,0.67,0.64,0.54,0.68,0.77,0.72,0.65,0.67,0.61,0.97,0.67,0.7,0.76,0.71,0.75,0.72,0.45,0.66,0.82,0.55,0.53,0.57,0.79,0.48,0.82,0.73,0.73
IT000364,Politecnico di Torino,Sri Lanka,Italy,Prefer not to say,22,B1,76.9,1.0,Medium,Married,0.59,0,0.6,BuddyProgram,0,Failed Exams,Data Science,2025-11-02T11:58:25Z,0.86,0.76,0.78,0.68,0.77,0.77,0.58,0.83,0.78,0.89,0.88,0.73,0.89,0.76,0.68,0.66,0.68,0.72,0.49,0.75,0.66,0.67,0.6,0.83,0.54,0.42,0.58,0.68,0.59,0.5,0.73,0.92
IT000282,University of Messina,Latvia,Italy,Female,22,B2,66.2,0.94,Low,Married,0.24,0,0.1,Tutoring,0,Failed Exams,Psychology,2025-11-02T11:58:25Z,0.73,0.65,0.75,0.49,0.8,0.76,0.75,0.9,0.67,0.63,0.97,0.67,0.91,0.66,0.65,0.83,0.46,0.79,0.57,0.79,0.89,0.74,0.7,0.64,0.65,0.53,0.61,0.71,0.69,0.56,0.61,0.75
LA000114,TSI Riga,Pakistan,Latvia,Male,25,C1,70.7,0.72,Medium,Other,0.3,0,0.6,BuddyProgram,0,Failed Exams,Computer Science,2025-11-02T11:58:25Z,0.79,0.77,0.72,0.66,0.74,0.94,0.73,0.84,0.61,0.75,0.67,0.8,0.9,0.59,0.74,0.73,0.83,0.78,0.82,0.65,0.95,0.68,0.81,0.55,0.62,0.83,0.59,0.74,0.94,0.6,0.76,0.67
LA000046,TSI Riga,Vietnam,Latvia,Other,27,B2,72.7,0.97,Low,Single,0.37,0,0.6,None,1,Completed,Psychology,2025-11-02T11:58:25Z,0.79,0.58,0.81,0.67,0.71,0.59,0.61,0.61,0.53,0.73,0.56,0.64,0.8,0.71,0.73,0.81,0.79,0.65,0.69,0.73,0.89,0.77,0.73,0.63,0.75,0.62,0.84,0.61,0.69,0.78,0.82,0.83
LA000269,TSI Riga,Sri Lanka,Latvia,Female,23,C1,63.8,0.96,Medium,Married,0.17,0,0.6,BuddyProgram,0,Failed Exams,Data Science,2025-11-02T11:58:25Z,0.81,0.65,0.68,0.64,0.59,0.91,0.55,0.66,0.42,1.0,1.0,0.59,0.69,0.92,0.66,0.73,0.6,0.78,0.78,0.75,0.84,0.52,0.84,0.6,0.87,0.62,0.64,0.72,0.6,0.76,0.75,0.68
IT000056,University of Messina,Sri Lanka,Italy,Female,27,C2,78.4,1.0,Medium,Other,0.34,0,0.6,BuddyProgram,1,Completed,Logistics,2025-11-02T11:58:25Z,0.82,0.65,0.64,0.65,0.88,0.63,0.95,0.59,0.72,0.63,0.96,0.56,0.88,0.7,0.61,0.8,0.77,0.75,0.95,0.6,0.72,0.65,0.7,1.0,0.69,0.64,0.83,0.73,0.6,0.89,0.59,0.69
SL000074,Comenius University Bratislava,Italy,Slovakia,Male,27,A2,77.5,0.86,Low,Other,0.06,1,0.1,None,0,Administrative Withdrawal,Data Science,2025-11-02T11:58:26Z,0.85,0.75,0.72,0.85,0.78,0.59,0.72,0.68,0.6,0.73,0.72,0.62,0.97,0.77,0.77,0.64,0.68,0.73,0.83,1.0,0.87,0.92,0.82,0.84,0.62,0.72,0.59,0.46,0.69,0.77,0.96,0.87
LA000581,TSI Riga,Nigeria,Latvia,Female,22,C1,47.0,0.94,Medium,Other,0.25,0,0.7,LanguageMentor,1,Completed,Data Science,2025-11-02T11:58:25Z,0.74,0.63,0.81,0.84,0.63,0.61,0.51,0.82,0.84,0.74,0.78,0.87,0.69,0.76,0.88,0.75,0.73,0.56,1.0,0.79,0.64,0.62,0.7,0.72,0.84,0.89,0.73,0.85,0.87,0.91,0.89,0.63
LA000279,TSI Riga,Italy,Latvia,Female,23,C2,76.5,0.92,Medium,Other,0.37,0,0.1,BuddyProgram,1,Completed,Psychology,2025-11-02T11:58:25Z,0.86,0.78,0.88,0.93,0.63,0.76,0.68,0.66,0.85,0.68,0.72,0.8,0.58,0.77,0.68,0.88,0.68,0.75,0.85,0.55,0.84,0.72,0.58,0.95,0.82,0.69,0.87,0.65,0.64,0.65,0.46,0.74
LA000162,TSI Riga,USA,Latvia,Prefer not to say,22,C2,64.2,0.96,High,Other,0.13,0,0.3,BuddyProgram,1,Ongoing,Logistics,2025-11-02T11:58:25Z,0.78,0.63,0.62,0.86,0.87,0.66,0.77,0.61,0.9,0.89,0.81,0.73,0.61,0.69,1.0,0.62,0.83,0.72,0.63,0.88,0.89,0.79,0.96,0.53,0.77,0.79,0.65,0.59,0.77,0.58,0.66,0.92
SL000281,Slovak Tech,Vietnam,Slovakia,Prefer not to say,23,C1,56.0,0.94,High,Married,0.1,0,0.6,BuddyProgram,1,Completed,Computer Science,2025-11-02T11:58:26Z,0.67,0.59,0.69,0.71,0.83,0.72,0.89,0.83,0.75,0.77,0.84,0.6,0.91,0.81,0.57,0.79,0.58,0.69,0.63,0.78,0.55,1.0,0.76,0.72,0.68,0.86,0.54,0.91,0.88,0.63,0.86,0.58
SL000328,Slovak Tech,India,Slovakia,Other,23,C1,67.0,0.8,High,Other,0.05,1,0.6,None,0,Dropped Out,Economics,2025-11-02T11:58:26Z,0.7,0.54,0.88,0.92,0.86,0.76,0.66,0.75,0.69,0.9,0.5,0.8,0.78,0.88,0.69,0.64,0.74,0.68,0.89,0.68,0.83,0.94,0.76,0.53,0.7,0.93,0.48,0.88,0.77,0.86,0.5,0.71
LA000571,Daugavpils University,Brazil,Latvia,Female,25,C1,55.4,0.91,High,Married,0.21,0,0.5,BuddyProgram,1,Completed,Computer Science,2025-11-02T11:58:25Z,0.87,0.65,0.72,0.57,0.66,0.8,0.54,0.74,0.71,0.68,0.76,0.73,0.63,0.73,0.58,0.83,0.55,0.71,0.8,0.65,0.83,0.72,0.76,0.73,0.84,0.65,0.57,0.79,0.81,0.58,0.72,0.9
IT000062,University of Messina,Italy,Italy,Male,23,C1,72.6,0.94,High,Other,0.11,0,0.1,LanguageMentor,1,Completed,Data Science,2025-11-02T11:58:25Z,0.84,0.88,0.72,0.85,0.61,0.97,0.91,0.78,0.79,0.66,0.52,0.84,0.69,0.98,0.63,0.75,0.84,0.79,0.75,0.82,0.86,0.77,0.87,0.58,0.69,0.73,0.74,0.94,0.75,0.75,0.78,0.68
SL000116,Comenius University Bratislava,Bangladesh,Slovakia,Female,27,B2,78.1,0.73,Medium,Other,0.11,0,0.6,Tutoring,1,Completed,Economics,2025-11-02T11:58:26Z,0.63,0.56,0.84,0.7,0.64,0.7,0.47,0.63,0.56,0.42,0.73,0.8,0.71,0.64,0.97,0.82,0.66,0.89,0.65,0.69,0.54,0.76,0.69,0.87,0.66,0.78,0.63,0.92,0.82,0.67,0.77,0.84
SL000211,Slovak Tech,Nigeria,Slovakia,Male,24,B1,84.8,0.68,Low,Married,0.09,0,0.7,LanguageMentor,1,Completed,Engineering,2025-11-02T11:58:26Z,0.8,0.53,0.51,0.56,0.64,0.82,0.76,0.69,0.63,0.69,0.82,0.77,0.56,0.82,0.83,0.96,0.7,0.61,0.59,0.81,0.56,0.5,0.85,0.9,0.76,0.7,0.62,0.76,0.87,0.57,0.96,0.64
IT000149,Politecnico di Torino,Ukraine,Italy,Female,25,A2,65.3,0.94,Medium,Single,0.48,0,0.1,BuddyProgram,1,Completed,English Philology,2025-11-02T11:58:25Z,0.64,0.8,0.74,0.69,0.79,0.9,0.72,0.9,0.44,0.81,0.74,0.68,0.65,0.92,0.82,0.81,0.52,0.78,0.52,0.7,0.57,0.91,0.78,0.71,0.91,0.59,0.64,0.69,0.8,0.7,0.65,0.86
LA000460,Daugavpils University,Italy,Latvia,Female,22,C2,78.9,0.84,High,Other,0.19,0,0.1,Counseling,0,Failed Exams,Computer Science,2025-11-02T11:58:25Z,0.84,0.73,0.87,0.73,0.71,0.69,0.76,0.92,0.88,0.52,0.68,0.63,0.72,0.79,0.76,0.74,0.69,0.45,0.67,0.74,0.59,1.0,0.74,0.78,0.9,0.82,0.79,0.74,0.8,0.52,0.73,0.77
LA000345,TSI Riga,Latvia,Latvia,Male,23,B2,59.1,0.95,Low,Other,0.37,0,0.1,None,1,Completed,Logistics,2025-11-02T11:58:25Z,0.64,0.75,0.82,0.77,0.75,1.0,0.81,0.94,0.83,0.78,0.76,0.82,0.9,0.74,0.87,0.81,0.87,0.85,0.63,0.73,0.69,0.54,0.86,0.59,0.64,0.54,0.9,0.73,0.72,0.73,0.88,0.55
IT000230,Politecnico di Torino,Sri Lanka,Italy,Other,27,C2,70.3,0.85,Low,Single,0.13,0,0.6,BuddyProgram,1,Completed,Business,2025-11-02T11:58:25Z,0.56,0.58,0.8,0.73,0.51,0.79,0.63,0.7,0.9,0.61,0.59,0.63,0.85,0.88,0.78,0.68,0.56,0.75,0.74,0.72,0.61,0.69,0.58,0.82,0.61,0.7,0.74,0.68,0.65,0.87,0.61,0.83
SL000331,Slovak Tech,Bangladesh,Slovakia,Prefer not to say,23,C1,83.6,0.85,Medium,Single,0.18,0,0.6,LanguageMentor,1,Ongoing,Economics,2025-11-02T11:58:26Z,0.7,0.61,0.7,0.69,0.69,0.59,0.77,0.48,0.67,0.84,0.77,0.79,0.81,0.65,0.69,0.69,0.87,0.78,0.41,0.49,0.88,0.79,0.67,0.59,0.71,1.0,0.73,0.81,0.55,0.88,0.86,0.87
LA000363,Daugavpils University,USA,Latvia,Prefer not to say,22,C1,65.3,0.86,Low,Married,0.62,0,0.3,BuddyProgram,1,Completed,Computer Science,2025-11-02T11:58:25Z,0.51,0.61,0.65,0.71,0.74,0.87,0.48,0.83,0.85,0.93,0.92,0.83,0.9,0.78,0.72,0.71,0.44,0.51,0.68,0.5,0.6,0.5,0.54,0.47,0.56,0.63,0.68,0.92,0.68,0.77,0.73,0.88
LA000503,TSI Riga,Pakistan,Latvia,Female,23,A2,85.1,0.77,Low,Married,0.41,0,0.6,Tutoring,0,Failed Exams,Economics,2025-11-02T11:58:25Z,1.0,0.8,0.77,0.6,0.48,0.65,0.71,0.57,0.69,0.66,0.65,0.89,0.59,0.77,0.86,0.85,0.79,0.88,0.58,0.85,0.94,0.69,0.74,0.76,0.71,0.73,0.8,0.71,0.66,0.43,0.53,0.76
SL000229,Comenius University Bratislava,Pakistan,Slovakia,Prefer not to say,20,A2,65.7,0.99,Medium,Single,0.43,0,0.6,None,0,Failed Exams,Logistics,2025-11-02T11:58:26Z,0.84,0.46,0.94,0.73,0.65,0.77,0.85,0.9,0.77,0.64,0.79,0.78,0.71,0.57,0.66,0.61,0.53,0.9,0.37,0.78,0.61,0.65,0.85,0.76,0.69,0.75,0.73,0.72,0.82,0.83,0.7,0.83
IT000406,Politecnico di Torino,Spain,Italy,Male,24,C2,67.5,0.78,Low,Married,0.2,0,0.1,LanguageMentor,1,Completed,Psychology,2025-11-02T11:58:25Z,0.74,0.87,0.65,0.79,0.72,0.66,0.68,0.81,0.78,0.57,0.71,0.77,0.77,0.95,0.73,0.77,0.81,0.89,0.78,0.64,0.67,0.65,0.81,0.8,0.81,0.82,0.68,0.63,0.71,0.79,0.72,1.0
SL000420,Comenius University Bratislava,Sri Lanka,Slovakia,Female,22,B1,68.9,0.83,Medium,Married,0.37,1,0.6,Tutoring,0,Administrative Withdrawal,Logistics,2025-11-02T11:58:26Z,0.56,0.74,0.61,0.61,0.65,0.68,0.65,0.68,0.54,0.77,0.4,0.51,0.95,0.64,0.85,0.58,0.86,0.9,0.62,0.84,0.78,0.8,0.59,0.82,0.81,0.74,0.69,0.78,0.67,0.74,0.67,0.52
LA000327,Daugavpils University,Ukraine,Latvia,Female,24,C2,50.6,0.88,Low,Married,0.19,0,0.1,None,1,Completed,Psychology,2025-11-02T11:58:25Z,0.59,0.75,0.69,0.68,0.66,0.57,0.64,0.89,0.73,0.81,0.58,0.65,0.96,0.78,0.89,0.62,0.71,0.7,0.88,0.73,0.78,0.85,0.97,0.59,0.65,0.97,0.89,0.8,0.88,0.72,0.5,0.99
SL000329,Slovak Tech,Latvia,Slovakia,Female,28,C1,79.5,0.78,High,Single,0.4,0,0.1,Counseling,1,Completed,Computer Science,2025-11-02T11:58:26Z,0.83,0.89,0.7,0.91,0.84,0.63,0.52,0.85,0.7,1.0,0.57,0.66,0.73,0.58,0.91,0.85,0.85,0.67,0.56,0.81,0.82,0.52,0.5,0.86,0.86,0.75,0.67,0.88,0.89,0.9,0.65,0.68
LA000243,Daugavpils University,Nigeria,Latvia,Other,23,C2,72.8,0.82,High,Single,0.13,0,0.7,None,1,Completed,Engineering,2025-11-02T11:58:25Z,0.74,0.83,0.67,0.68,0.72,0.59,0.71,0.79,0.78,0.78,0.69,0.92,0.52,0.94,0.77,0.85,0.98,0.69,0.73,0.46,0.6,0.38,0.69,0.67,0.93,0.76,0.78,0.66,0.81,0.79,0.71,0.61
LA000003,TSI Riga,Latvia,Latvia,Other,21,C1,62.3,0.88,Low,Married,0.18,0,0.1,None,1,Completed,Psychology,2025-11-02T11:58:25Z,0.7,0.78,0.65,0.73,0.81,0.73,0.82,0.74,1.0,0.72,0.63,0.84,0.67,0.87,0.81,0.76,0.65,0.65,0.57,0.73,1.0,0.71,0.92,0.7,0.49,0.83,0.82,0.64,0.59,0.68,0.73,0.69
LA000101,Daugavpils University,India,Latvia,Female,20,A2,79.5,0.89,High,Other,0.51,0,0.6,LanguageMentor,1,Ongoing,Computer Science,2025-11-02T11:58:25Z,1.0,0.69,0.57,0.56,0.83,0.9,0.86,0.68,0.4,0.68,0.64,0.66,0.62,0.8,0.58,0.54,0.7,0.45,0.78,0.68,0.66,0.96,0.7,0.61,0.95,0.62,0.54,0.51,0.6,0.8,0.91,0.81
LA000413,TSI Riga,USA,Latvia,Male,25,C2,81.7,0.88,Medium,Other,0.23,0,0.3,None,1,Completed,English Philology,2025-11-02T11:58:25Z,0.82,0.8,0.88,0.65,0.67,0.73,1.0,0.76,0.44,0.8,0.66,0.88,0.59,0.67,0.87,0.62,0.75,0.71,0.72,0.73,0.79,0.94,0.91,0.8,0.91,0.63,0.55,0.81,0.8,0.69,0.78,0.72
IT000267,University of Messina,Nigeria,Italy,Other,23,C1,57.1,0.92,High,Married,0.29,0,0.7,None,1,Completed,Psychology,2025-11-02T11:58:25Z,0.61,0.73,0.82,0.89,0.75,0.69,0.69,0.59,0.65,0.83,0.46,0.66,0.77,0.72,0.67,0.81,0.62,0.75,1.0,0.52,0.79,0.55,0.59,0.59,0.69,0.69,0.71,0.94,0.5,0.75,0.69,0.86
IT000443,University of Messina,Slovakia,Italy,Male,26,C1,64.9,0.94,Low,Married,0.11,1,0.1,None,0,Left Country,Computer Science,2025-11-02T11:58:25Z,0.84,0.78,0.78,0.61,0.78,0.98,0.67,0.84,0.83,0.91,0.51,0.8,0.69,0.6,0.89,0.73,0.74,0.63,0.52,0.81,0.81,0.84,0.51,0.66,0.87,0.66,0.85,0.77,0.73,0.8,0.83,0.61
IT000134,Politecnico di Torino,Nigeria,Italy,Male,23,A2,75.1,0.73,Medium,Other,0.28,0,0.7,LanguageMentor,0,Failed Exams,Engineering,2025-11-02T11:58:25Z,0.7,0.83,0.48,0.73,0.85,0.52,0.9,0.79,0.74,0.64,0.53,0.59,0.34,0.82,0.82,0.72,0.68,0.69,0.74,0.96,0.79,0.71,0.69,0.57,0.55,0.71,0.74,0.75,0.66,0.81,0.98,0.99
IT000436,University of Messina,India,Italy,Male,27,C2,53.9,0.86,Medium,Single,0.11,0,0.6,LanguageMentor,1,Completed,Data Science,2025-11-02T11:58:25Z,0.92,0.86,0.96,0.65,0.59,1.0,0.8,0.58,0.67,0.57,0.53,0.75,0.8,0.73,1.0,0.67,0.48,0.76,0.7,0.71,0.57,0.49,0.55,0.77,0.56,0.76,0.78,0.51,0.78,0.83,0.64,0.69
LA000059,TSI Riga,Latvia,Latvia,Prefer not to say,21,C1,76.0,0.84,High,Single,0.23,1,0.1,None,0,Dropped Out,Psychology,2025-11-02T11:58:25Z,0.79,0.7,0.77,0.77,0.59,0.64,0.67,0.49,0.86,0.68,0.56,0.57,0.7,0.66,0.88,0.67,0.44,0.82,0.54,0.76,0.62,0.89,0.72,0.84,0.86,0.62,0.7,0.81,0.83,0.8,0.63,0.64
SL000230,Comenius University Bratislava,Nigeria,Slovakia,Female,28,B2,74.7,0.96,Medium,Other,0.13,1,0.7,None,0,Dropped Out,Business,2025-11-02T11:58:26Z,0.85,0.56,0.8,0.89,0.59,0.99,0.73,0.87,0.64,0.44,0.77,0.8,0.58,0.65,0.58,0.9,0.82,0.56,0.96,0.58,0.8,0.95,0.54,0.51,0.62,0.66,0.7,0.97,0.85,1.0,0.59,0.76
IT000492,Politecnico di Torino,Slovakia,Italy,Female,22,C1,72.2,0.89,High,Single,0.22,0,0.1,LanguageMentor,0,Transferred,Economics,2025-11-02T11:58:25Z,0.53,0.81,0.75,0.74,0.7,0.81,0.24,0.74,0.71,0.9,0.77,0.89,0.81,1.0,0.66,0.83,0.62,0.73,0.64,0.96,0.76,0.82,0.68,0.74,1.0,0.6,0.81,0.8,0.63,0.75,0.77,0.73
SL000431,Comenius University Bratislava,Spain,Slovakia,Prefer not to say,23,C1,76.5,1.0,Medium,Other,0.17,0,0.1,None,1,Completed,Logistics,2025-11-02T11:58:26Z,0.95,0.68,0.92,0.72,0.89,0.57,0.73,0.88,0.77,0.52,0.77,0.76,0.74,0.58,0.79,0.71,0.41,0.71,0.72,0.52,0.61,0.93,0.71,0.84,0.82,0.71,0.77,0.79,0.43,0.81,1.0,0.55
LA000510,Daugavpils University,Slovakia,Latvia,Other,24,C1,64.9,0.86,High,Married,0.22,1,0.1,LanguageMentor,0,Dropped Out,Computer Science,2025-11-02T11:58:25Z,0.47,0.7,0.92,0.65,0.54,0.74,0.95,0.39,0.75,0.81,0.48,0.56,0.89,0.57,0.82,0.75,0.68,0.97,0.75,0.61,0.51,0.44,0.93,0.71,0.58,1.0,0.65,0.63,0.54,0.69,0.63,1.0
LA000418,Daugavpils University,Latvia,Latvia,Male,22,C1,83.6,0.86,High,Other,0.3,0,0.1,None,1,Completed,Economics,2025-11-02T11:58:25Z,0.72,0.67,0.85,0.63,0.88,0.66,0.75,0.88,0.45,0.64,0.71,1.0,0.51,0.77,0.82,0.71,0.69,0.98,0.78,0.89,0.64,1.0,0.88,0.65,0.79,0.74,0.85,0.7,1.0,0.57,0.73,0.62
IT000332,University of Messina,Ukraine,Italy,Prefer not to say,18,B2,84.5,0.7,Low,Other,0.32,0,0.1,BuddyProgram,0,Transferred,Logistics,2025-11-02T11:58:25Z,0.82,0.64,0.92,0.84,0.82,0.61,0.82,0.49,0.95,0.72,0.66,0.65,0.95,0.81,0.64,0.78,0.69,0.56,0.66,0.78,0.54,0.61,0.92,0.82,0.74,0.72,0.81,0.83,0.68,0.79,0.69,0.82
SL000174,Comenius University Bratislava,Vietnam,Slovakia,Other,25,B2,78.3,0.85,Low,Single,0.24,1,0.6,Tutoring,0,Dropped Out,Business,2025-11-02T11:58:26Z,0.74,0.79,0.92,0.72,0.75,0.77,0.56,0.82,0.65,0.62,0.55,0.7,0.99,0.71,0.95,0.89,0.73,0.85,0.58,0.67,0.69,0.59,0.78,0.9,0.95,0.69,0.78,0.67,0.68,0.62,0.67,0.82
LA000096,Daugavpils University,Sri Lanka,Latvia,Male,23,C1,72.3,0.85,Medium,Married,0.48,1,0.6,LanguageMentor,0,Left Country,English Philology,2025-11-02T11:58:25Z,0.87,0.78,0.74,0.7,0.48,0.81,0.59,0.88,0.71,0.73,0.68,0.69,0.82,0.95,0.87,0.46,0.53,0.85,0.72,0.68,0.68,0.76,0.73,0.77,0.66,0.69,0.91,0.87,0.63,0.69,0.62,0.97
SL000488,Comenius University Bratislava,Italy,Slovakia,Female,20,A2,70.1,0.69,High,Other,0.29,0,0.1,Tutoring,0,Failed Exams,Logistics,2025-11-02T11:58:26Z,0.72,0.91,0.75,0.77,0.73,0.96,0.91,0.66,0.59,0.82,0.8,0.73,0.91,0.99,0.81,0.75,1.0,0.64,0.71,0.87,0.74,0.7,0.7,0.89,0.92,0.63,0.77,0.65,0.63,0.79,0.66,0.67
IT000335,Politecnico di Torino,USA,Italy,Other,26,C2,72.7,0.97,Low,Married,0.17,0,0.3,LanguageMentor,1,Completed,Business,2025-11-02T11:58:25Z,0.74,0.87,0.84,0.9,0.51,0.69,0.9,0.59,0.67,0.81,0.81,0.78,0.78,0.74,0.69,0.69,0.81,0.64,0.71,0.81,0.55,0.54,0.78,0.69,0.79,0.92,0.53,0.61,0.88,0.4,0.82,0.78
IT000280,University of Messina,Italy,Italy,Female,23,A2,77.2,0.81,High,Other,0.53,0,0.1,BuddyProgram,1,Ongoing,Computer Science,2025-11-02T11:58:25Z,0.95,0.57,0.78,0.73,0.67,0.7,0.87,0.95,0.95,0.81,0.78,0.74,0.87,0.68,0.49,0.78,0.66,0.84,0.57,0.65,0.57,0.75,0.57,0.62,0.8,0.86,0.83,0.59,0.82,0.56,0.86,0.71
LA000527,Daugavpils University,Nigeria,Latvia,Prefer not to say,23,C1,80.0,0.96,High,Married,0.14,0,0.7,Counseling,1,Completed,Logistics,2025-11-02T11:58:25Z,0.92,0.79,0.94,0.74,0.65,0.66,0.79,0.61,0.87,0.89,0.75,0.68,0.77,0.65,0.81,0.37,0.92,0.68,0.82,0.77,0.79,0.91,0.84,0.67,0.66,0.81,0.84,0.75,0.63,0.76,0.69,0.58
IT000173,University of Messina,Sri Lanka,Italy,Male,30,C1,61.5,0.8,Medium,Single,0.2,0,0.6,None,1,Completed,English Philology,2025-11-02T11:58:25Z,0.85,0.6,0.7,0.78,0.82,0.43,0.71,0.72,0.76,0.48,0.66,0.82,0.78,0.76,0.48,0.35,0.56,0.46,0.55,0.83,0.72,0.69,0.96,0.88,0.95,0.49,0.7,0.6,0.63,0.6,1.0,0.64
SL000013,Comenius University Bratislava,Sri Lanka,Slovakia,Prefer not to say,27,B2,80.2,1.0,Low,Other,0.32,0,0.6,None,1,Completed,Economics,2025-11-02T11:58:25Z,0.83,0.7,0.59,0.85,0.74,0.59,0.76,0.89,0.82,0.47,0.72,0.98,0.54,0.8,0.64,0.67,0.82,0.39,0.66,0.71,0.74,0.72,0.92,0.72,0.63,0.66,0.67,0.63,0.69,0.65,0.64,0.84
IT000351,Politecnico di Torino,Slovakia,Italy,Female,20,C1,64.6,0.85,High,Single,0.18,0,0.1,None,1,Completed,Logistics,2025-11-02T11:58:25Z,0.73,0.67,0.86,0.81,0.77,0.7,0.73,0.58,0.74,0.47,0.53,0.75,0.89,0.77,0.52,0.88,0.76,0.72,0.91,0.53,0.61,0.79,0.46,0.99,0.72,0.84,0.8,0.93,0.74,0.8,0.53,0.6
IT000225,Politecnico di Torino,Vietnam,Italy,Prefer not to say,20,B1,67.8,0.92,Low,Single,0.21,1,0.6,None,0,Dropped Out,Engineering,2025-11-02T11:58:25Z,0.98,0.46,0.68,0.62,0.63,0.73,0.57,0.96,0.95,0.54,0.72,0.67,0.82,0.56,0.6,0.82,0.8,0.56,0.6,0.72,0.57,0.71,0.82,0.95,0.92,0.51,0.66,0.69,0.66,0.99,0.83,0.71
IT000302,Politecnico di Torino,Spain,Italy,Male,23,A2,79.3,0.97,Low,Married,0.38,0,0.1,Tutoring,1,Completed,Logistics,2025-11-02T11:58:25Z,0.66,0.7,0.52,0.59,0.68,0.75,0.85,0.9,0.74,0.75,0.63,0.84,0.72,0.84,0.88,0.78,0.68,0.67,0.75,0.67,0.68,0.83,0.72,0.91,0.61,0.66,0.8,0.51,1.0,0.87,0.69,0.76
IT000110,Politecnico di Torino,Sri Lanka,Italy,Male,20,C2,70.6,0.93,High,Other,0.1,0,0.6,BuddyProgram,1,Completed,Data Science,2025-11-02T11:58:25Z,0.87,0.63,0.75,0.71,0.67,0.8,0.7,0.73,0.78,0.92,0.72,0.85,0.57,0.79,0.96,0.78,0.97,0.55,0.91,0.8,0.58,0.71,0.82,0.94,0.79,0.97,0.66,0.86,0.94,0.76,0.92,0.54
SL000024,Slovak Tech,Pakistan,Slovakia,Female,19,B2,64.7,1.0,Medium,Other,0.19,0,0.6,LanguageMentor,1,Completed,Psychology,2025-11-02T11:58:25Z,0.66,0.96,0.94,0.8,0.91,0.68,1.0,0.69,0.76,0.45,0.65,0.78,0.72,0.58,0.8,0.82,0.75,0.7,0.67,0.79,0.5,0.69,0.71,0.54,0.68,0.93,0.86,0.64,0.64,0.91,0.83,0.89
LA000367,TSI Riga,Vietnam,Latvia,Prefer not to say,24,B1,52.7,0.88,Medium,Other,0.38,0,0.6,None,0,Transferred,Business,2025-11-02T11:58:25Z,0.86,0.5,0.73,0.56,0.53,0.91,0.78,0.49,0.91,0.8,0.6,0.65,0.76,0.76,0.61,0.85,0.72,0.72,0.81,0.69,0.72,0.56,0.66,0.74,0.55,0.63,0.79,0.68,0.51,0.61,0.58,0.71
SL000306,Comenius University Bratislava,Pakistan,Slovakia,Other,27,B1,75.5,0.71,Medium,Single,0.05,0,0.6,None,0,Failed Exams,Business,2025-11-02T11:58:26Z,1.0,0.54,0.65,0.93,0.9,0.64,0.75,0.52,0.67,0.58,0.63,0.61,0.93,0.57,0.87,0.65,0.94,0.82,0.74,0.81,0.77,0.88,0.62,0.88,0.82,0.73,0.79,0.85,0.67,0.59,0.59,0.83
LA000299,Daugavpils University,Slovakia,Latvia,Male,25,C1,71.5,0.86,Medium,Married,0.37,0,0.1,BuddyProgram,1,Completed,Logistics,2025-11-02T11:58:25Z,0.78,0.84,0.69,0.61,0.66,0.73,0.44,0.73,0.75,0.68,0.69,0.56,0.51,0.87,0.67,0.91,0.88,0.71,0.43,0.82,0.77,0.58,0.69,0.86,0.62,0.68,0.51,0.56,0.74,0.71,0.89,0.9
LA000102,TSI Riga,Sri Lanka,Latvia,Other,28,A2,72.9,0.75,Low,Single,0.27,0,0.6,LanguageMentor,0,Transferred,Computer Science,2025-11-02T11:58:25Z,0.76,0.81,0.71,0.74,0.61,0.59,0.7,0.81,0.83,0.55,0.71,0.89,0.56,0.94,1.0,0.7,0.74,0.82,0.58,0.92,0.86,0.61,0.58,0.76,0.47,0.93,0.74,0.64,0.61,0.7,0.67,0.96
SL000207,Comenius University Bratislava,Nigeria,Slovakia,Prefer not to say,26,C1,66.9,1.0,Medium,Married,0.23,1,0.7,None,0,Dropped Out,Business,2025-11-02T11:58:26Z,0.76,0.75,0.72,0.67,0.68,0.6,0.66,0.98,0.69,0.88,0.77,1.0,0.45,0.84,0.5,0.72,0.8,0.71,0.73,0.69,0.9,0.96,0.76,0.68,0.57,0.88,0.72,0.76,0.8,0.59,0.94,0.51
SL000183,Slovak Tech,Pakistan,Slovakia,Prefer not to say,21,C1,71.5,0.68,Low,Married,0.3,0,0.6,Tutoring,0,Transferred,Psychology,2025-11-02T11:58:26Z,0.64,0.68,0.57,1.0,0.68,0.85,0.84,0.59,0.7,0.62,0.52,0.71,0.61,0.65,0.79,0.82,0.45,1.0,0.77,1.0,0.67,0.87,0.64,0.78,0.84,0.61,0.85,0.89,0.61,0.81,0.83,1.0
LA000023,TSI Riga,USA,Latvia,Male,26,B2,87.3,0.88,High,Married,0.43,1,0.3,Counseling,0,Dropped Out,Computer Science,2025-11-02T11:58:25Z,0.65,0.57,0.68,0.96,0.59,0.87,0.98,0.78,0.73,0.67,0.71,0.65,0.75,0.79,0.84,0.76,0.66,0.74,0.6,0.66,0.86,0.65,0.64,1.0,0.84,0.58,0.75,0.74,0.63,0.69,0.65,0.65
SL000148,Comenius University Bratislava,Vietnam,Slovakia,Other,24,C1,66.6,0.83,Low,Married,0.57,0,0.6,BuddyProgram,1,Completed,Psychology,2025-11-02T11:58:26Z,0.61,0.62,0.63,0.78,0.88,0.52,0.75,0.78,0.71,0.93,1.0,0.68,0.99,0.85,0.87,0.54,0.61,0.67,0.74,0.71,0.9,0.83,0.74,0.81,0.56,0.49,0.99,0.6,0.63,0.67,0.43,0.61
IT000041,University of Messina,Bangladesh,Italy,Other,24,C1,77.2,0.89,Medium,Married,0.56,1,0.6,None,0,Dropped Out,Logistics,2025-11-02T11:58:25Z,0.84,0.76,0.62,0.58,0.67,0.64,0.52,0.68,0.99,1.0,0.77,0.9,0.82,0.85,0.59,0.71,0.6,0.88,0.6,0.82,0.93,0.81,0.74,0.83,0.76,0.9,0.55,0.77,0.89,0.85,0.92,0.74
IT000381,Politecnico di Torino,Sri Lanka,Italy,Other,21,C2,68.6,0.85,Medium,Married,0.2,0,0.6,Tutoring,1,Completed,Business,2025-11-02T11:58:25Z,0.75,0.89,0.59,0.92,0.8,0.69,0.62,0.97,0.6,0.85,0.73,0.89,0.79,0.37,0.66,0.89,0.66,0.45,0.59,0.83,0.72,0.89,0.8,0.6,0.98,0.78,0.72,0.87,0.88,0.58,0.77,0.94
IT000458,University of Messina,India,Italy,Prefer not to say,27,B1,61.3,1.0,Medium,Other,0.31,0,0.6,BuddyProgram,1,Completed,Engineering,2025-11-02T11:58:25Z,0.92,0.84,0.69,0.58,0.69,0.78,0.47,0.66,0.84,0.64,0.64,0.47,0.81,0.92,0.84,0.63,0.87,0.91,0.59,0.48,0.74,0.96,0.86,0.91,0.59,0.59,0.78,0.56,0.74,0.79,0.75,0.67
IT000169,University of Messina,Italy,Italy,Prefer not to say,25,C1,69.1,0.91,High,Married,0.36,0,0.1,Tutoring,0,Failed Exams,Business,2025-11-02T11:58:25Z,0.76,0.75,1.0,0.53,0.92,0.79,0.75,0.84,0.71,0.53,0.63,0.77,0.78,0.45,0.86,0.72,0.63,0.96,0.66,0.89,0.84,0.52,0.86,0.88,0.57,0.85,0.57,0.83,0.75,0.89,0.65,0.96
SL000140,Comenius University Bratislava,Spain,Slovakia,Male,26,C1,64.3,0.77,Medium,Other,0.2,1,0.1,LanguageMentor,0,Dropped Out,Economics,2025-11-02T11:58:26Z,0.81,0.59,0.77,0.95,0.73,0.68,0.76,0.39,0.5,0.6,0.75,0.66,0.92,0.8,0.57,0.91,0.72,0.69,0.71,0.79,0.48,0.49,0.7,0.6,0.56,0.79,0.75,0.69,0.83,0.7,0.52,0.66
SL000029,Comenius University Bratislava,Bangladesh,Slovakia,Other,19,A2,70.0,0.9,Low,Other,0.17,0,0.6,Tutoring,1,Completed,Logistics,2025-11-02T11:58:25Z,0.74,0.65,0.62,0.76,0.73,0.79,0.4,0.66,0.56,0.98,0.69,0.91,0.81,0.89,0.69,0.81,0.72,0.85,0.74,0.91,0.72,0.83,0.5,1.0,0.74,0.5,0.7,0.69,0.62,0.76,0.6,0.87
IT000005,University of Messina,Ukraine,Italy,Other,23,B2,61.2,0.99,High,Single,0.5,1,0.1,LanguageMentor,0,Dropped Out,Business,2025-11-02T11:58:25Z,0.72,0.76,0.83,0.74,0.65,0.74,0.87,0.6,0.73,0.98,0.99,0.99,0.79,0.82,0.61,0.72,0.54,0.78,0.89,0.7,0.85,0.78,0.68,0.8,0.67,0.69,0.69,0.8,0.46,0.7,0.86,0.51
IT000087,Politecnico di Torino,Spain,Italy,Other,23,B1,72.9,0.94,Medium,Other,0.38,0,0.1,None,1,Completed,Psychology,2025-11-02T11:58:25Z,0.89,0.67,0.84,0.92,0.66,0.82,0.58,0.92,0.81,0.74,0.54,0.73,0.81,0.73,0.89,0.82,0.93,0.64,0.4,0.72,0.85,0.68,0.78,0.66,0.64,0.77,0.88,0.89,0.74,0.95,0.66,0.92
IT000176,Politecnico di Torino,Bangladesh,Italy,Other,23,B1,79.8,0.87,High,Other,0.38,0,0.6,LanguageMentor,0,Failed Exams,Logistics,2025-11-02T11:58:25Z,0.58,0.62,0.89,0.56,0.56,0.52,0.67,1.0,0.57,0.61,0.81,0.69,0.96,0.54,0.6,0.75,0.78,0.82,0.34,0.83,0.84,0.69,0.67,0.94,0.65,0.6,0.7,0.62,0.57,1.0,0.91,0.7
IT000162,University of Messina,Vietnam,Italy,Other,25,C1,76.7,0.96,Medium,Other,0.39,1,0.6,BuddyProgram,0,Dropped Out,Engineering,2025-11-02T11:58:25Z,0.94,0.62,0.7,0.64,0.88,0.56,0.72,0.82,0.63,0.65,0.7,0.73,0.63,0.72,0.78,0.59,0.48,0.77,0.76,0.62,0.87,0.49,0.53,0.66,0.72,0.76,0.62,0.7,0.62,0.67,0.67,0.61
LA000489,TSI Riga,Slovakia,Latvia,Male,23,C2,71.2,0.96,Medium,Married,0.27,1,0.1,LanguageMentor,0,Left Country,English Philology,2025-11-02T11:58:25Z,0.9,0.78,0.74,0.84,0.73,0.78,1.0,0.81,0.57,0.61,0.62,0.72,0.69,0.68,0.85,0.81,0.65,0.96,0.55,0.89,0.8,0.65,0.62,0.69,0.69,0.59,0.68,0.69,0.62,0.65,0.69,0.96
IT000339,University of Messina,Italy,Italy,Male,21,C1,73.6,0.76,Low,Married,0.15,0,0.1,LanguageMentor,1,Completed,Psychology,2025-11-02T11:58:25Z,0.56,0.66,0.71,0.73,0.88,0.87,0.57,0.61,0.73,0.66,0.78,0.7,0.36,0.77,0.87,0.91,0.54,0.79,0.5,0.42,0.87,0.56,0.82,0.64,0.56,0.68,0.96,0.75,0.86,0.95,0.54,0.81
LA000549,TSI Riga,Pakistan,Latvia,Male,21,B1,79.1,0.75,High,Married,0.39,0,0.6,BuddyProgram,1,Completed,Economics,2025-11-02T11:58:25Z,0.78,0.86,0.71,1.0,0.73,0.84,0.52,0.86,0.69,0.91,0.64,0.82,0.67,0.83,0.52,0.66,0.7,0.92,0.83,0.68,0.32,0.86,0.84,0.68,0.7,0.69,0.82,0.9,0.69,0.7,0.68,0.65
SL000104,Comenius University Bratislava,Ukraine,Slovakia,Other,20,C1,82.0,0.99,Medium,Single,0.19,0,0.1,BuddyProgram,1,Completed,Psychology,2025-11-02T11:58:26Z,0.86,0.63,0.53,0.91,1.0,0.71,0.95,0.48,0.74,0.7,0.67,0.98,0.72,0.63,0.77,0.61,0.89,0.84,0.78,0.5,0.85,0.53,0.66,0.79,0.83,0.74,0.72,0.88,0.94,0.6,0.92,0.76
LA000090,Daugavpils University,Pakistan,Latvia,Other,20,C2,76.7,0.88,Low,Married,0.15,0,0.6,BuddyProgram,1,Completed,Logistics,2025-11-02T11:58:25Z,0.82,0.69,0.71,0.62,0.6,0.56,0.74,0.75,0.73,0.62,0.79,0.9,0.85,0.84,0.55,0.65,0.75,0.66,0.68,0.71,0.84,0.66,0.71,0.64,0.74,0.7,0.55,0.78,0.81,0.6,0.64,0.72
SL000194,Comenius University Bratislava,Slovakia,Slovakia,Male,28,B2,88.2,0.96,Low,Married,0.55,0,0.1,Tutoring,1,Completed,Psychology,2025-11-02T11:58:26Z,0.67,0.62,0.73,0.54,0.52,0.73,0.74,0.83,0.59,0.82,0.72,0.7,0.69,0.57,0.8,0.76,0.6,0.84,0.81,0.88,0.78,0.92,0.68,0.81,0.47,0.8,0.62,0.53,0.74,0.8,0.69,0.55
IT000325,University of Messina,Italy,Italy,Male,25,A2,76.0,0.91,Low,Other,0.15,0,0.1,BuddyProgram,1,Completed,Engineering,2025-11-02T11:58:25Z,0.72,0.61,0.81,0.86,0.59,0.78,0.81,0.64,0.58,0.87,0.73,0.77,0.65,0.45,0.76,0.81,0.62,0.59,0.99,0.83,0.36,0.76,0.56,0.71,0.69,0.59,0.93,0.61,0.54,0.8,0.8,0.6
SL000449,Slovak Tech,Pakistan,Slovakia,Prefer not to say,24,A2,74.3,1.0,High,Other,0.11,0,0.6,Tutoring,1,Completed,English Philology,2025-11-02T11:58:26Z,0.77,0.89,0.69,0.71,0.7,0.83,0.7,0.54,0.62,0.85,0.63,0.68,0.92,0.8,0.67,0.63,0.61,0.75,0.63,0.53,0.99,0.72,0.82,0.79,0.78,0.83,0.69,0.78,0.77,0.8,0.74,0.71
LA000020,TSI Riga,Italy,Latvia,Male,21,B2,58.8,1.0,Low,Other,0.35,0,0.1,None,1,Completed,Engineering,2025-11-02T11:58:25Z,0.66,0.85,0.68,0.63,0.51,0.97,0.99,0.48,0.56,0.72,0.88,0.68,0.89,0.8,0.64,0.69,0.74,0.63,0.37,0.44,0.82,0.79,0.86,0.68,0.68,1.0,0.75,0.68,0.92,0.9,0.71,0.76
IT000077,University of Messina,Latvia,Italy,Female,26,C2,76.0,0.96,Medium,Other,0.06,0,0.1,None,1,Completed,Data Science,2025-11-02T11:58:25Z,0.57,0.67,0.83,0.65,0.61,0.74,0.82,0.71,0.9,0.72,0.95,0.4,0.82,0.86,0.69,0.91,0.82,0.83,0.78,0.61,0.71,1.0,0.67,0.93,0.91,0.73,0.82,0.73,0.84,0.62,0.57,0.96
IT000309,University of Messina,USA,Italy,Male,27,C1,69.9,0.98,Medium,Single,0.55,0,0.3,None,1,Ongoing,Business,2025-11-02T11:58:25Z,0.67,0.8,0.83,0.72,0.85,1.0,0.56,0.68,0.71,0.65,0.76,0.85,0.64,0.82,0.97,0.64,0.72,0.63,0.94,0.75,0.82,0.71,0.82,0.7,0.72,0.7,0.84,0.98,0.93,0.68,1.0,0.52
IT000250,University of Messina,Latvia,Italy,Prefer not to say,22,B1,74.2,0.79,Low,Single,0.09,0,0.1,None,1,Completed,Economics,2025-11-02T11:58:25Z,0.7,0.81,0.66,0.62,0.79,0.81,0.89,0.56,0.71,0.8,0.71,0.77,0.84,0.8,0.7,0.63,0.77,0.84,0.57,0.94,0.62,0.68,0.77,0.59,0.51,0.8,0.82,0.89,0.61,0.85,0.87,0.85
LA000592,Daugavpils University,India,Latvia,Prefer not to say,26,A2,64.7,0.95,High,Single,0.06,1,0.6,None,0,Dropped Out,English Philology,2025-11-02T11:58:25Z,0.97,0.86,0.81,0.62,0.5,0.9,0.79,0.86,0.71,0.7,0.7,0.5,0.91,0.75,0.62,0.82,0.74,0.82,0.87,0.56,0.74,0.53,0.6,0.75,0.83,0.39,0.82,0.66,0.83,0.56,0.73,1.0
SL000202,Slovak Tech,Spain,Slovakia,Male,26,B1,76.9,0.91,High,Single,0.08,1,0.1,BuddyProgram,0,Administrative Withdrawal,Engineering,2025-11-02T11:58:26Z,0.7,0.63,0.7,0.68,0.66,0.7,0.83,0.59,0.77,0.82,0.75,0.65,0.58,0.83,0.66,0.55,0.75,0.73,0.53,0.85,0.68,0.73,0.68,0.98,0.87,0.79,0.73,0.63,0.78,0.66,0.51,0.5
IT000119,University of Messina,Spain,Italy,Prefer not to say,22,A2,67.8,0.99,Medium,Single,0.39,0,0.1,None,1,Completed,Computer Science,2025-11-02T11:58:25Z,0.66,0.74,0.76,0.61,0.93,0.81,0.62,0.53,0.7,0.82,0.86,1.0,0.61,0.77,0.63,0.78,1.0,0.94,0.68,0.47,0.9,0.6,0.67,0.73,0.73,0.79,0.66,0.96,1.0,0.92,0.67,0.37
LA000498,TSI Riga,Slovakia,Latvia,Male,24,B1,63.2,0.89,High,Married,0.32,0,0.1,None,0,Failed Exams,English Philology,2025-11-02T11:58:25Z,0.75,0.72,0.62,0.65,0.76,0.71,0.81,0.72,0.64,0.79,0.74,0.72,0.81,0.73,0.69,0.79,0.77,0.67,0.74,1.0,0.6,0.54,0.68,0.76,0.61,0.85,0.85,0.48,0.73,0.83,0.79,0.79
SL000383,Comenius University Bratislava,USA,Slovakia,Other,25,A2,76.8,0.86,Low,Other,0.05,1,0.3,LanguageMentor,0,Administrative Withdrawal,Engineering,2025-11-02T11:58:26Z,0.95,0.78,0.86,0.72,0.87,0.65,0.72,0.85,0.5,0.86,0.92,0.47,0.52,0.83,1.0,0.89,0.79,0.92,0.91,0.74,0.89,0.66,0.68,0.71,0.64,0.59,0.86,0.6,0.61,1.0,0.58,0.72
IT000242,Politecnico di Torino,USA,Italy,Prefer not to say,24,A2,73.6,0.87,High,Other,0.24,1,0.3,LanguageMentor,0,Dropped Out,English Philology,2025-11-02T11:58:25Z,1.0,0.64,0.76,0.63,0.88,0.33,0.73,0.65,0.79,0.81,0.87,0.84,0.73,0.49,0.73,0.72,0.49,0.74,0.66,0.76,0.84,0.67,0.87,0.75,0.9,0.7,0.66,0.79,0.64,0.76,0.7,0.7
LA000177,TSI Riga,Vietnam,Latvia,Other,21,C1,83.0,0.95,High,Other,0.03,0,0.6,None,1,Completed,English Philology,2025-11-02T11:58:25Z,0.55,0.74,0.78,0.91,0.8,0.66,0.71,0.69,0.66,0.7,0.7,0.67,0.76,0.69,0.6,0.79,0.82,0.87,0.78,0.63,0.76,0.96,0.86,0.55,0.92,0.83,0.69,0.47,0.89,0.57,0.41,0.57
IT000150,Politecnico di Torino,Vietnam,Italy,Prefer not to say,29,B2,77.2,0.82,High,Single,0.49,0,0.6,LanguageMentor,0,Failed Exams,Data Science,2025-11-02T11:58:25Z,0.62,0.59,0.95,0.53,0.66,0.71,0.75,0.7,0.58,0.8,0.62,0.67,0.84,0.6,0.78,0.74,0.74,0.72,0.76,0.6,0.72,0.41,0.7,0.81,0.66,0.52,0.9,0.87,0.66,0.49,0.82,0.79
IT000417,Politecnico di Torino,Latvia,Italy,Other,18,A2,82.4,0.72,Low,Married,0.3,0,0.1,Tutoring,1,Completed,Business,2025-11-02T11:58:25Z,1.0,0.57,0.85,0.48,0.67,0.69,0.74,0.4,0.78,0.75,0.67,0.59,0.66,0.85,0.58,0.85,0.77,0.74,0.55,0.84,0.75,0.99,0.94,0.58,0.73,0.65,0.69,0.69,0.79,0.65,0.91,0.76
IT000473,University of Messina,Slovakia,Italy,Other,26,A2,91.0,1.0,Medium,Married,0.41,1,0.1,LanguageMentor,0,Left Country,Economics,2025-11-02T11:58:25Z,0.68,0.68,0.83,0.87,0.94,0.8,0.56,0.45,0.77,0.71,0.81,0.68,0.72,0.82,0.65,0.9,0.65,0.99,0.75,0.68,0.96,0.69,0.92,0.88,0.78,0.72,0.71,0.61,0.63,0.72,0.71,0.75
LA000192,Daugavpils University,Pakistan,Latvia,Other,23,C2,72.1,0.96,Medium,Married,0.34,0,0.6,Tutoring,1,Completed,Engineering,2025-11-02T11:58:25Z,0.76,0.9,0.89,0.55,0.69,0.57,0.75,0.54,0.83,0.66,0.73,1.0,0.64,0.73,0.83,0.62,0.56,0.73,0.86,0.64,0.62,0.95,0.62,0.85,0.65,0.87,0.75,0.87,0.79,0.91,0.71,0.69
SL000226,Slovak Tech,Slovakia,Slovakia,Male,20,C1,80.3,1.0,High,Married,0.03,0,0.1,Tutoring,1,Completed,Economics,2025-11-02T11:58:26Z,0.67,0.66,0.92,0.74,0.65,0.77,0.57,0.67,1.0,0.84,0.75,0.57,0.68,0.92,0.72,0.79,0.68,0.56,0.74,0.69,0.76,0.76,1.0,0.75,0.81,0.8,0.84,0.81,0.78,0.92,0.79,0.85
SL000219,Slovak Tech,Nigeria,Slovakia,Male,21,B2,83.3,0.81,High,Married,0.52,0,0.7,Tutoring,1,Completed,Computer Science,2025-11-02T11:58:26Z,0.69,0.79,0.89,0.96,0.92,0.73,0.67,0.7,0.46,0.78,0.62,0.7,0.79,0.67,0.73,0.83,0.93,0.8,0.85,0.78,0.81,0.7,0.68,0.77,0.81,0.6,0.93,0.78,0.58,0.87,0.76,0.71
LA000400,Daugavpils University,USA,Latvia,Male,20,C1,77.5,0.83,High,Married,0.27,1,0.3,None,0,Dropped Out,Computer Science,2025-11-02T11:58:25Z,0.78,0.72,0.63,0.73,0.62,0.67,0.82,0.66,0.87,0.53,0.83,0.59,0.51,0.8,0.59,0.8,0.63,0.76,0.87,0.7,0.77,0.83,0.63,0.68,0.94,0.71,0.62,0.53,0.64,0.65,0.75,0.77
SL000272,Slovak Tech,Vietnam,Slovakia,Other,24,A2,69.2,0.88,High,Other,0.12,1,0.6,BuddyProgram,0,Administrative Withdrawal,English Philology,2025-11-02T11:58:26Z,0.79,0.72,0.69,0.75,0.71,0.62,0.76,0.77,0.78,0.73,0.68,0.65,0.58,0.7,0.58,0.64,0.73,0.61,0.73,0.66,0.67,0.68,0.72,0.92,1.0,0.58,0.83,0.86,0.65,0.68,0.87,0.66
IT000435,University of Messina,Slovakia,Italy,Female,25,B1,65.1,0.83,High,Single,0.27,0,0.1,None,0,Transferred,Psychology,2025-11-02T11:58:25Z,0.6,0.65,0.6,0.72,0.9,0.76,0.57,0.77,0.63,0.73,0.83,0.84,0.75,0.72,0.8,0.87,0.58,0.6,0.69,0.81,0.85,0.94,0.55,0.69,0.62,0.61,0.7,0.76,0.78,0.39,0.73,0.61
IT000070,Politecnico di Torino,Slovakia,Italy,Other,20,C1,85.9,0.9,Low,Married,0.46,0,0.1,None,1,Completed,Economics,2025-11-02T11:58:25Z,0.59,0.83,0.98,0.76,0.82,0.7,0.82,0.69,0.84,0.58,0.89,0.64,0.35,0.61,0.81,0.71,0.52,0.85,0.67,0.94,0.7,0.69,0.57,0.55,0.76,0.86,0.85,0.8,0.72,0.57,0.55,0.84
LA000015,Daugavpils University,Vietnam,Latvia,Other,28,A2,82.5,0.98,Low,Married,0.34,0,0.6,LanguageMentor,0,Failed Exams,Business,2025-11-02T11:58:25Z,0.74,0.53,0.59,0.94,0.86,0.54,0.58,0.6,0.88,0.82,0.79,0.67,0.9,0.75,0.91,0.53,0.81,0.79,0.7,0.96,0.72,0.81,0.64,0.99,0.73,0.79,0.55,0.54,0.82,0.69,0.54,0.52
LA000293,Daugavpils University,Bangladesh,Latvia,Prefer not to say,21,C1,64.6,0.94,High,Married,0.3,0,0.6,None,1,Completed,Economics,2025-11-02T11:58:25Z,0.69,0.99,0.96,0.71,0.72,0.49,1.0,0.61,0.54,0.89,0.8,0.85,0.86,0.68,0.73,0.66,0.6,0.67,0.69,0.75,0.48,0.8,0.66,0.7,0.77,0.9,0.72,0.66,0.57,0.6,0.79,0.86
IT000540,Politecnico di Torino,Bangladesh,Italy,Prefer not to say,22,B2,60.6,0.85,Low,Married,0.14,1,0.6,None,0,Dropped Out,Business,2025-11-02T11:58:25Z,0.57,0.67,0.64,0.64,0.91,0.74,0.69,0.61,0.79,0.61,0.71,0.61,0.6,0.9,0.57,0.92,0.72,0.72,0.94,0.92,0.71,0.8,0.87,0.78,0.8,0.79,0.93,1.0,0.49,0.72,0.8,0.7
IT000490,University of Messina,Ukraine,Italy,Prefer not to say,22,C1,82.7,0.9,Medium,Single,0.25,1,0.1,BuddyProgram,0,Dropped Out,Data Science,2025-11-02T11:58:25Z,0.79,0.76,0.93,0.98,0.92,0.72,0.84,0.77,0.79,0.69,0.53,0.84,0.89,0.51,0.69,0.76,0.83,0.64,0.59,0.75,0.81,0.77,0.89,0.73,0.72,0.68,0.72,0.91,0.91,0.59,0.74,0.81
LA000006,Daugavpils University,Sri Lanka,Latvia,Female,24,B2,52.9,0.95,Low,Married,0.14,0,0.6,None,1,Completed,Data Science,2025-11-02T11:58:25Z,0.72,0.72,0.7,0.78,0.59,0.87,0.89,0.81,0.52,0.67,0.81,0.6,0.81,0.92,0.63,0.83,0.7,0.58,0.59,0.65,0.77,0.44,0.72,0.9,0.76,1.0,0.59,0.78,0.98,0.82,0.8,0.66
IT000069,University of Messina,Vietnam,Italy,Other,21,B2,60.8,0.84,Low,Single,0.3,0,0.6,None,0,Transferred,Logistics,2025-11-02T11:58:25Z,0.76,0.86,0.66,0.76,0.88,0.84,0.76,0.7,0.68,0.63,0.63,0.78,0.51,0.69,0.81,0.99,0.82,0.75,1.0,0.77,0.65,0.55,0.84,0.86,0.57,0.73,0.56,0.65,0.56,0.58,0.68,0.72
IT000042,Politecnico di Torino,Sri Lanka,Italy,Other,25,B1,58.0,0.95,Medium,Married,0.16,0,0.6,None,0,Failed Exams,Engineering,2025-11-02T11:58:25Z,0.82,0.62,0.68,0.79,0.87,0.71,0.91,0.79,0.52,0.52,0.84,0.82,0.78,0.93,0.82,0.6,0.62,0.75,0.71,0.72,0.73,0.94,0.7,0.93,0.76,0.66,0.87,0.56,0.85,0.76,0.62,0.58
LA000533,Daugavpils University,Nigeria,Latvia,Prefer not to say,27,B1,81.2,0.82,Medium,Married,0.18,0,0.7,None,0,Transferred,Data Science,2025-11-02T11:58:25Z,0.73,0.67,0.84,0.86,0.83,0.83,0.66,0.76,0.81,0.67,0.54,0.65,0.65,0.93,0.8,0.8,0.7,0.71,0.43,0.72,0.99,0.82,0.93,0.91,0.71,0.69,0.56,0.58,0.57,0.67,0.65,0.55
LA000428,TSI Riga,Pakistan,Latvia,Male,18,C1,59.7,0.83,High,Married,0.1,1,0.6,None,0,Left Country,Engineering,2025-11-02T11:58:25Z,0.8,0.75,1.0,0.83,0.88,0.64,0.69,0.88,0.55,0.52,0.83,0.71,0.75,0.62,0.68,0.69,0.95,0.5,0.69,1.0,0.58,0.92,0.55,0.84,0.8,1.0,0.88,0.53,0.68,0.67,0.6,0.66
SL000086,Slovak Tech,Pakistan,Slovakia,Male,24,B2,79.3,1.0,Low,Other,0.46,0,0.6,BuddyProgram,1,Completed,Engineering,2025-11-02T11:58:26Z,0.8,0.77,0.57,0.77,0.81,0.69,0.61,0.61,0.95,0.64,0.47,0.87,0.58,0.69,0.85,0.81,0.78,0.7,0.72,0.79,0.87,0.83,0.89,0.61,0.78,0.42,0.91,0.87,0.93,0.7,0.78,0.59
SL000133,Slovak Tech,USA,Slovakia,Other,22,B1,76.5,0.82,Low,Other,0.18,0,0.3,LanguageMentor,0,Failed Exams,Data Science,2025-11-02T11:58:26Z,0.92,0.53,0.86,0.73,0.73,0.74,0.69,0.9,0.84,0.63,0.78,0.63,0.77,0.7,0.61,0.85,0.95,0.76,0.52,0.59,0.84,0.61,0.66,0.62,0.9,0.61,0.82,0.76,0.67,0.73,0.67,0.69
LA000584,Daugavpils University,Italy,Latvia,Prefer not to say,20,A2,71.6,0.98,Medium,Single,0.51,0,0.1,LanguageMentor,1,Completed,Engineering,2025-11-02T11:58:25Z,0.58,0.56,0.8,0.88,0.71,0.66,0.66,0.92,0.62,0.71,0.99,0.83,0.73,0.65,0.86,0.66,0.73,0.54,0.73,0.72,0.91,0.56,0.85,0.69,0.78,0.64,0.72,0.57,0.75,0.81,0.69,0.42
LA000233,TSI Riga,Ukraine,Latvia,Prefer not to say,25,A2,69.5,0.82,Medium,Married,0.29,1,0.1,None,0,Left Country,Economics,2025-11-02T11:58:25Z,0.72,0.67,0.65,0.6,0.67,0.77,0.76,0.54,0.57,0.75,0.74,0.79,0.78,0.74,0.61,0.59,0.76,0.67,0.7,0.73,0.69,0.71,0.61,0.59,0.88,0.82,0.73,0.79,0.58,0.65,0.64,0.91
IT000031,Politecnico di Torino,Italy,Italy,Other,26,C2,69.5,0.77,Low,Married,0.17,0,0.1,BuddyProgram,1,Ongoing,Computer Science,2025-11-02T11:58:25Z,0.83,0.82,0.72,0.68,0.78,0.63,0.54,0.89,0.66,0.47,0.85,0.86,0.75,0.68,0.7,0.75,0.89,0.91,0.7,0.56,0.78,0.65,0.97,0.93,0.73,0.63,0.71,0.97,0.53,0.66,0.82,0.9
IT000084,University of Messina,Latvia,Italy,Female,27,C1,77.7,0.98,Medium,Single,0.07,0,0.1,LanguageMentor,1,Completed,Engineering,2025-11-02T11:58:25Z,0.48,0.7,0.63,0.69,0.66,0.71,0.61,0.59,1.0,0.76,0.59,0.92,0.95,0.78,0.65,0.72,0.55,0.64,0.98,0.53,0.59,0.65,0.82,0.69,0.6,0.9,0.92,0.74,0.76,0.77,0.82,0.58
IT000300,University of Messina,Spain,Italy,Female,22,B2,78.4,0.91,Medium,Other,0.21,0,0.1,BuddyProgram,1,Completed,Logistics,2025-11-02T11:58:25Z,0.58,1.0,0.92,0.92,0.66,0.91,0.71,0.66,0.85,0.74,0.77,0.65,0.65,0.54,0.8,0.82,0.51,0.57,0.67,0.72,0.54,0.88,0.58,0.66,0.92,0.62,0.85,0.64,0.54,0.62,0.82,0.72
LA000371,Daugavpils University,Bangladesh,Latvia,Male,28,C2,53.1,1.0,High,Married,0.54,0,0.6,LanguageMentor,1,Completed,Data Science,2025-11-02T11:58:25Z,0.93,0.8,0.65,0.57,0.49,0.72,0.43,0.93,0.71,0.93,0.95,0.84,0.68,0.57,0.62,0.6,0.75,0.61,0.81,0.82,0.9,0.74,0.68,0.87,0.74,0.92,0.75,0.81,0.93,0.5,0.73,0.75
LA000298,Daugavpils University,Ukraine,Latvia,Other,20,B2,68.5,0.87,Medium,Other,0.11,1,0.1,Tutoring,0,Dropped Out,English Philology,2025-11-02T11:58:25Z,0.8,0.4,0.53,0.8,0.85,0.7,0.64,0.63,0.63,0.83,0.78,0.9,0.58,0.79,0.77,0.66,0.58,0.76,0.64,0.76,1.0,0.75,0.66,0.73,0.77,0.69,0.73,0.66,0.88,0.68,0.9,0.75
IT000165,University of Messina,Nigeria,Italy,Prefer not to say,25,A2,82.5,0.96,Medium,Other,0.14,0,0.7,Counseling,1,Ongoing,Data Science,2025-11-02T11:58:25Z,0.8,0.73,0.68,0.9,0.6,0.57,0.7,0.74,0.68,0.53,0.65,0.67,0.67,0.77,0.7,0.68,0.57,0.36,0.7,0.8,0.74,0.76,0.66,0.7,0.86,0.76,0.53,0.77,0.82,0.81,0.69,0.82
SL000185,Slovak Tech,Latvia,Slovakia,Other,19,B1,72.7,1.0,Medium,Single,0.46,0,0.1,LanguageMentor,1,Completed,Computer Science,2025-11-02T11:58:26Z,0.68,0.7,0.83,0.96,0.93,0.74,0.75,0.67,0.7,0.72,0.74,0.68,0.77,0.58,0.84,0.57,0.68,0.67,0.85,0.66,0.55,0.86,0.66,0.73,0.73,0.94,0.83,0.89,0.97,0.82,0.66,0.8
LA000200,TSI Riga,Pakistan,Latvia,Male,23,B2,69.0,0.83,High,Married,0.56,0,0.6,BuddyProgram,1,Completed,English Philology,2025-11-02T11:58:25Z,0.8,0.63,0.82,0.66,0.76,0.51,0.69,0.65,0.7,1.0,0.85,0.83,0.62,0.88,0.66,0.66,0.66,0.65,0.79,0.84,0.87,0.7,0.68,0.72,0.42,0.88,0.84,0.71,1.0,0.91,0.59,0.76
IT000503,Politecnico di Torino,Nigeria,Italy,Male,24,B2,72.0,0.92,Low,Married,0.16,0,0.7,BuddyProgram,0,Failed Exams,Logistics,2025-11-02T11:58:25Z,0.77,0.58,0.71,1.0,0.73,0.88,0.58,0.96,0.74,0.46,0.66,0.83,0.84,0.86,0.81,0.58,0.6,0.66,0.69,0.67,0.58,0.73,0.86,0.59,0.79,0.59,0.77,0.69,0.63,0.6,0.91,0.73
LA000234,Daugavpils University,Latvia,Latvia,Male,24,A2,67.9,0.9,Low,Other,0.11,0,0.1,None,1,Completed,Business,2025-11-02T11:58:25Z,0.69,0.97,0.66,0.66,0.69,0.85,0.82,0.72,0.79,0.81,0.69,0.67,0.77,0.75,0.57,0.42,0.76,0.78,0.59,0.9,0.7,0.8,0.95,0.64,0.56,0.64,0.86,0.92,0.64,0.69,0.85,0.97
IT000020,Politecnico di Torino,Italy,Italy,Male,22,A2,65.2,0.81,High,Married,0.44,1,0.1,None,0,Dropped Out,English Philology,2025-11-02T11:58:25Z,0.73,0.49,0.81,0.85,0.84,0.76,0.74,0.62,0.7,0.75,0.68,0.72,0.83,0.97,0.45,0.71,0.92,0.64,0.55,0.47,0.65,0.68,0.81,0.75,0.78,0.58,0.94,0.74,0.63,0.87,0.67,0.73
LA000248,TSI Riga,Ukraine,Latvia,Male,21,B1,75.3,0.78,Low,Other,0.16,0,0.1,BuddyProgram,1,Completed,Engineering,2025-11-02T11:58:25Z,0.86,0.8,0.78,0.84,0.73,0.66,0.92,0.75,0.65,0.63,0.68,0.78,0.73,0.72,0.54,0.53,0.61,0.45,0.81,0.57,0.67,0.9,0.66,0.8,0.63,0.74,0.57,0.83,0.79,0.73,0.58,0.76
LA000326,TSI Riga,Sri Lanka,Latvia,Prefer not to say,28,A2,82.7,0.92,High,Other,0.47,0,0.6,BuddyProgram,1,Completed,Psychology,2025-11-02T11:58:25Z,0.7,0.73,0.81,0.52,0.69,0.88,0.81,0.8,0.71,0.85,0.68,0.6,0.63,0.82,0.52,0.61,0.72,0.66,0.79,0.8,0.71,0.95,0.76,0.7,0.6,0.75,0.73,0.85,0.67,1.0,0.72,0.62
LA000314,TSI Riga,Ukraine,Latvia,Female,27,C1,76.5,0.83,High,Other,0.4,1,0.1,None,0,Dropped Out,Data Science,2025-11-02T11:58:25Z,0.71,0.68,0.89,0.64,0.64,0.87,0.71,0.67,0.92,0.66,0.89,0.71,0.73,0.99,0.63,0.57,0.65,0.58,0.78,0.72,0.81,0.79,0.8,0.89,0.72,0.57,0.73,0.73,0.83,0.55,0.65,0.81
SL000316,Slovak Tech,Vietnam,Slovakia,Prefer not to say,22,C2,65.3,0.95,High,Other,0.27,1,0.6,Tutoring,0,Dropped Out,Computer Science,2025-11-02T11:58:26Z,0.99,0.58,0.42,0.66,0.7,0.62,0.88,0.67,0.71,0.71,0.72,0.71,0.93,0.59,0.75,0.68,0.63,0.76,0.76,1.0,0.58,0.79,0.7,0.59,0.87,0.61,0.62,0.5,0.89,0.85,0.72,0.46
IT000092,University of Messina,India,Italy,Other,23,B1,85.1,0.89,High,Single,0.31,1,0.6,Tutoring,0,Administrative Withdrawal,Engineering,2025-11-02T11:58:25Z,1.0,0.94,0.65,0.88,0.63,0.94,0.92,0.58,0.7,0.74,0.6,0.76,0.71,0.76,0.72,0.79,0.75,0.88,0.51,0.56,0.61,0.59,0.76,0.76,0.76,0.71,0.86,0.92,0.77,0.84,0.79,0.53
SL000414,Comenius University Bratislava,Brazil,Slovakia,Prefer not to say,22,A2,74.6,0.91,High,Single,0.31,0,0.5,Tutoring,0,Failed Exams,Economics,2025-11-02T11:58:26Z,0.8,0.65,0.75,0.98,0.62,0.71,0.83,0.73,0.6,0.61,0.79,0.51,0.6,0.76,0.4,0.75,0.91,0.72,0.45,0.64,0.75,0.72,0.74,0.8,0.72,0.65,0.69,0.64,0.79,0.68,0.61,0.8
LA000417,Daugavpils University,Pakistan,Latvia,Other,18,B1,71.6,0.95,Low,Other,0.48,0,0.6,BuddyProgram,1,Completed,Logistics,2025-11-02T11:58:25Z,0.91,0.67,0.78,0.77,0.62,0.78,0.79,0.8,0.79,0.69,0.82,1.0,0.47,0.75,0.81,0.85,1.0,0.77,0.77,0.83,0.79,0.98,0.77,0.69,0.68,0.55,0.97,0.81,0.69,0.78,0.63,0.71
IT000320,University of Messina,Nigeria,Italy,Male,27,B1,78.9,1.0,High,Single,0.24,0,0.7,None,1,Completed,Psychology,2025-11-02T11:58:25Z,0.57,0.56,0.85,0.57,0.71,0.64,0.84,0.52,0.69,0.6,0.84,0.6,0.74,0.91,0.43,0.78,0.6,0.91,0.54,0.93,0.76,0.82,0.77,0.77,0.81,0.8,0.72,0.48,0.88,0.88,0.95,0.71
LA000590,TSI Riga,Ukraine,Latvia,Other,20,B2,71.5,0.89,Low,Single,0.11,0,0.1,LanguageMentor,1,Completed,English Philology,2025-11-02T11:58:25Z,0.83,0.7,0.53,0.81,0.75,0.93,0.87,0.82,0.92,0.68,0.6,0.84,0.53,0.84,0.53,0.59,0.52,0.49,0.56,0.47,0.81,0.56,0.87,0.75,0.87,0.62,0.63,0.76,0.72,0.62,0.98,0.85
IT000474,Politecnico di Torino,Pakistan,Italy,Female,20,A2,65.2,0.81,Low,Married,0.26,1,0.6,BuddyProgram,0,Dropped Out,Business,2025-11-02T11:58:25Z,0.73,0.56,0.81,0.79,0.64,0.68,0.77,0.59,0.74,0.66,0.71,0.67,0.7,0.77,0.7,0.71,0.69,0.65,0.92,0.82,0.8,0.7,0.83,1.0,0.65,0.73,0.76,0.77,0.71,0.41,0.73,0.87
IT000236,University of Messina,Slovakia,Italy,Male,26,A2,76.5,0.95,Low,Married,0.06,0,0.1,None,0,Failed Exams,Logistics,2025-11-02T11:58:25Z,0.72,0.73,0.92,0.6,0.69,0.85,0.73,0.69,0.59,0.71,0.85,0.55,0.72,0.77,0.85,0.73,0.6,0.65,0.72,0.61,0.79,0.82,1.0,0.8,0.88,0.61,0.86,0.71,0.63,0.84,0.87,0.8
SL000253,Slovak Tech,Nigeria,Slovakia,Other,30,B2,73.2,1.0,Medium,Other,0.2,0,0.7,None,1,Completed,Computer Science,2025-11-02T11:58:26Z,0.78,0.74,0.51,0.72,0.92,0.73,0.68,0.72,0.81,0.52,0.56,0.83,0.66,0.32,0.73,0.93,0.66,0.72,0.72,0.67,0.69,0.75,0.67,0.7,0.64,0.54,0.59,0.53,0.63,0.79,0.76,0.62
SL000062,Comenius University Bratislava,Nigeria,Slovakia,Male,20,C1,62.2,1.0,Medium,Other,0.3,0,0.7,LanguageMentor,1,Completed,Psychology,2025-11-02T11:58:25Z,0.83,0.68,0.98,1.0,0.72,0.78,0.83,0.88,0.64,0.8,0.69,1.0,0.81,0.71,0.78,0.53,0.75,0.81,0.96,0.7,0.81,0.67,0.84,0.68,0.75,0.84,0.76,0.81,0.55,0.64,1.0,0.72
SL000199,Comenius University Bratislava,Vietnam,Slovakia,Female,18,A2,84.3,0.94,Medium,Single,0.07,0,0.6,LanguageMentor,1,Completed,Data Science,2025-11-02T11:58:26Z,0.65,1.0,0.85,0.73,0.73,0.7,0.8,0.62,0.81,0.76,0.79,0.84,0.56,0.9,0.61,0.73,0.65,0.56,0.61,0.71,0.63,0.75,0.6,0.72,0.71,0.66,0.71,0.64,0.74,0.79,0.75,0.7
LA000263,Daugavpils University,Slovakia,Latvia,Male,23,B1,78.6,0.84,High,Married,0.2,0,0.1,Tutoring,1,Completed,Computer Science,2025-11-02T11:58:25Z,0.89,0.73,0.56,0.93,0.76,0.46,0.54,0.83,0.82,0.84,0.65,0.56,0.85,0.8,0.73,0.67,0.9,0.84,0.7,0.74,0.72,0.7,0.73,0.79,0.79,0.69,0.5,0.71,0.74,0.6,0.69,0.71
SL000315,Slovak Tech,Sri Lanka,Slovakia,Other,24,A2,77.1,0.76,Low,Other,0.37,1,0.6,LanguageMentor,0,Administrative Withdrawal,Economics,2025-11-02T11:58:26Z,0.68,0.6,0.8,0.62,0.73,0.91,0.83,0.67,0.84,0.64,0.85,0.42,0.78,0.56,0.68,0.77,0.81,0.67,0.63,0.73,0.71,0.79,0.72,0.72,0.96,0.67,0.76,0.72,0.69,0.74,0.69,0.82
SL000258,Comenius University Bratislava,Pakistan,Slovakia,Female,21,C2,74.6,0.85,Medium,Single,0.3,0,0.6,Counseling,1,Completed,Psychology,2025-11-02T11:58:26Z,0.77,0.89,0.71,0.8,0.52,0.71,0.57,0.92,0.97,0.78,0.9,0.44,0.93,0.54,0.81,0.89,0.69,0.66,0.85,0.7,0.84,0.62,0.75,0.58,0.63,0.72,0.72,0.84,0.66,0.55,0.6,0.66
LA000423,TSI Riga,Brazil,Latvia,Male,23,B2,77.0,0.88,Low,Married,0.58,0,0.5,Tutoring,1,Completed,Logistics,2025-11-02T11:58:25Z,0.94,0.59,0.83,0.68,0.67,0.78,0.74,0.73,0.59,0.63,0.53,0.6,0.71,0.7,0.73,0.69,0.6,0.91,0.87,0.39,0.76,0.59,0.71,0.43,0.72,0.77,0.72,0.72,0.65,0.93,0.75,0.54
SL000101,Comenius University Bratislava,Vietnam,Slovakia,Male,25,B2,85.9,0.89,Medium,Married,0.39,0,0.6,LanguageMentor,1,Completed,Logistics,2025-11-02T11:58:26Z,0.9,0.74,0.81,0.62,0.67,0.71,0.73,0.61,0.73,0.61,0.73,0.86,0.72,0.61,0.8,0.66,0.74,0.89,0.88,0.94,0.52,0.83,0.81,0.81,0.81,0.73,0.92,0.8,0.91,0.62,0.85,0.75
IT000421,University of Messina,Nigeria,Italy,Male,22,B1,83.3,0.97,High,Married,0.46,0,0.7,None,1,Completed,Computer Science,2025-11-02T11:58:25Z,0.44,0.38,0.85,0.99,0.68,0.73,0.51,0.79,0.73,0.78,0.76,0.75,0.81,0.85,0.95,0.75,0.72,0.64,0.62,0.77,0.74,0.85,0.58,0.7,1.0,0.77,0.57,0.88,1.0,1.0,0.9,0.91
IT000501,University of Messina,Italy,Italy,Female,23,A2,78.3,0.88,Medium,Other,0.36,0,0.1,None,1,Completed,Economics,2025-11-02T11:58:25Z,0.92,0.91,0.75,0.69,0.33,0.63,0.82,0.56,0.67,0.92,0.8,0.54,0.7,0.78,0.78,0.85,0.25,0.89,0.75,0.69,0.67,0.55,0.55,0.67,0.93,0.58,0.73,0.93,0.48,0.74,0.82,0.81
LA000113,TSI Riga,Ukraine,Latvia,Male,21,B2,83.7,1.0,Medium,Married,0.39,0,0.1,LanguageMentor,1,Completed,Economics,2025-11-02T11:58:25Z,0.6,0.63,0.7,0.62,0.81,0.53,0.61,0.6,0.86,0.67,0.87,0.63,0.76,0.63,0.92,0.73,0.75,0.76,0.63,0.77,0.45,1.0,0.97,0.63,0.69,0.81,0.84,0.68,0.75,0.85,0.87,0.83
SL000494,Comenius University Bratislava,Slovakia,Slovakia,Female,20,C1,80.1,0.85,High,Single,0.24,0,0.1,None,1,Ongoing,Engineering,2025-11-02T11:58:26Z,0.67,0.64,0.61,0.89,0.64,0.72,0.51,0.42,0.58,0.94,0.91,0.52,0.79,0.54,0.82,0.74,0.85,0.73,0.97,0.63,0.8,0.71,0.68,0.42,0.42,0.7,0.84,0.79,0.74,0.7,0.51,0.57
IT000489,Politecnico di Torino,Brazil,Italy,Female,23,C1,84.3,0.91,Low,Other,0.41,0,0.5,Counseling,1,Completed,Logistics,2025-11-02T11:58:25Z,0.78,0.72,0.64,0.68,0.89,0.57,0.85,0.79,0.57,0.72,0.66,0.53,0.92,0.6,0.68,0.81,0.66,0.68,0.73,0.57,0.8,0.65,0.74,0.54,0.68,0.63,0.74,0.42,0.56,0.7,0.79,0.65
LA000383,TSI Riga,Ukraine,Latvia,Female,22,B2,71.3,0.95,Medium,Single,0.44,0,0.1,None,1,Completed,Computer Science,2025-11-02T11:58:25Z,0.7,0.67,0.75,0.66,0.91,0.61,0.89,0.47,0.82,0.75,0.88,0.38,0.63,0.44,0.57,0.82,0.58,0.5,0.72,0.81,0.74,0.91,0.72,0.66,0.74,0.46,0.59,0.72,0.73,0.63,0.83,0.86
LA000487,Daugavpils University,Brazil,Latvia,Female,19,B2,55.1,0.8,High,Married,0.07,0,0.5,BuddyProgram,1,Completed,Computer Science,2025-11-02T11:58:25Z,0.78,0.79,0.69,0.62,0.58,0.9,0.87,0.52,0.53,0.58,0.61,0.67,0.96,0.73,0.57,0.91,0.88,0.71,0.86,0.6,0.94,0.78,0.53,0.83,0.7,0.69,0.87,0.78,0.48,0.49,0.52,0.91
LA000588,TSI Riga,Ukraine,Latvia,Female,24,B2,85.0,0.73,Medium,Single,0.32,0,0.1,None,1,Completed,Computer Science,2025-11-02T11:58:25Z,0.83,0.86,0.93,0.74,0.78,0.6,0.71,0.81,1.0,0.66,0.86,0.68,0.88,0.85,0.77,0.55,0.72,0.77,0.86,0.73,0.97,0.74,0.53,0.66,0.77,0.74,0.65,0.6,0.8,0.7,0.68,0.82
LA000531,Daugavpils University,Nigeria,Latvia,Other,23,C1,67.2,0.89,High,Married,0.2,0,0.7,LanguageMentor,1,Completed,English Philology,2025-11-02T11:58:25Z,0.78,0.67,0.71,0.79,0.56,0.74,0.65,0.74,0.84,0.73,0.65,0.66,0.65,0.57,0.75,0.76,0.74,0.55,0.72,0.79,1.0,0.92,0.82,0.55,0.71,0.68,0.43,0.71,0.89,0.89,0.87,0.74
SL000153,Comenius University Bratislava,Vietnam,Slovakia,Female,22,B2,65.8,0.93,Medium,Married,0.13,0,0.6,LanguageMentor,0,Transferred,Computer Science,2025-11-02T11:58:26Z,0.68,0.75,0.86,0.66,0.75,0.63,0.53,0.8,0.77,0.51,0.68,0.74,0.8,0.55,1.0,0.79,0.65,0.78,0.74,0.57,0.74,0.8,0.5,0.65,0.56,0.82,0.91,0.66,0.86,0.89,0.76,0.95
IT000545,University of Messina,Spain,Italy,Other,20,A2,80.3,0.99,High,Single,0.31,0,0.1,Tutoring,1,Completed,Data Science,2025-11-02T11:58:25Z,0.45,0.95,0.72,0.94,0.77,0.63,0.9,0.81,0.65,0.6,0.76,0.69,0.67,0.71,0.89,0.78,0.77,0.82,0.56,0.59,0.65,0.8,0.56,0.74,0.61,0.45,0.7,0.75,0.73,0.93,0.61,0.56
IT000167,Politecnico di Torino,Pakistan,Italy,Male,25,B1,67.6,1.0,High,Single,0.11,0,0.6,None,1,Completed,Computer Science,2025-11-02T11:58:25Z,0.7,0.7,0.48,0.77,0.58,1.0,0.68,0.78,0.69,0.69,0.84,0.51,0.75,0.67,0.74,0.94,0.53,0.9,0.57,0.83,0.84,0.87,0.77,0.79,0.65,0.84,0.82,0.79,0.55,0.7,0.81,0.61
IT000296,University of Messina,Italy,Italy,Female,23,B1,81.8,0.95,Medium,Other,0.12,0,0.1,None,1,Completed,English Philology,2025-11-02T11:58:25Z,0.75,0.53,0.73,0.72,0.87,0.79,0.88,0.67,0.58,0.65,0.8,0.85,0.71,0.81,0.82,0.77,0.64,0.84,0.46,0.88,0.83,0.66,0.77,0.73,0.77,0.64,0.64,0.73,0.79,0.68,0.59,0.53
SL000369,Slovak Tech,Brazil,Slovakia,Male,26,A2,54.7,0.81,Low,Married,0.23,1,0.5,LanguageMentor,0,Left Country,Data Science,2025-11-02T11:58:26Z,0.68,0.57,1.0,0.65,0.98,0.72,0.56,0.64,0.7,0.83,0.84,0.54,0.83,0.93,0.83,0.76,0.78,0.65,0.59,0.67,0.63,0.75,0.9,0.54,0.76,0.73,0.68,0.65,0.62,0.91,0.48,0.59
IT000349,Politecnico di Torino,Nigeria,Italy,Male,21,B2,87.6,0.78,Low,Other,0.68,0,0.7,None,1,Ongoing,Economics,2025-11-02T11:58:25Z,0.87,0.94,0.59,0.77,0.68,0.7,0.85,0.7,0.53,0.7,0.84,0.63,0.92,0.55,0.64,0.83,0.72,0.61,0.77,0.49,0.49,0.58,0.2,0.58,0.67,0.73,0.79,0.84,0.85,0.64,0.57,0.7
IT000136,Politecnico di Torino,Bangladesh,Italy,Prefer not to say,27,B2,72.0,0.86,Medium,Single,0.12,1,0.6,LanguageMentor,0,Dropped Out,Psychology,2025-11-02T11:58:25Z,0.63,0.51,0.62,0.82,0.67,0.62,0.65,0.79,0.78,0.83,0.87,0.94,0.73,0.71,0.75,0.53,0.62,0.81,0.76,0.7,0.65,0.69,0.75,0.54,0.67,0.93,0.68,0.51,0.55,0.58,0.79,0.65
SL000034,Comenius University Bratislava,Latvia,Slovakia,Female,22,A2,63.5,0.74,Medium,Other,0.07,0,0.1,BuddyProgram,0,Failed Exams,Economics,2025-11-02T11:58:25Z,0.69,0.91,0.85,0.8,0.68,0.71,0.69,0.71,0.8,0.91,0.53,0.76,0.46,0.82,0.61,0.82,0.59,0.88,0.64,0.75,0.56,0.74,0.82,0.85,0.77,0.56,0.66,0.78,0.64,0.78,0.49,0.79
SL000339,Comenius University Bratislava,Pakistan,Slovakia,Female,26,C1,57.5,0.91,Medium,Other,0.62,0,0.6,None,1,Ongoing,Engineering,2025-11-02T11:58:26Z,0.66,0.89,0.53,0.73,0.91,1.0,0.7,0.76,0.82,0.78,0.58,0.62,0.73,0.74,0.47,0.65,0.51,0.64,0.73,0.33,0.43,0.62,0.39,0.27,0.54,0.85,0.73,0.9,0.8,1.0,0.38,0.85
LA000124,TSI Riga,Nigeria,Latvia,Other,21,C1,78.9,0.87,High,Married,0.14,1,0.7,Tutoring,0,Dropped Out,Business,2025-11-02T11:58:25Z,0.81,0.53,0.77,0.75,0.84,0.6,0.67,0.75,0.79,0.76,0.99,0.84,0.56,0.83,0.75,1.0,0.87,0.54,0.69,0.76,0.73,1.0,0.66,0.72,0.88,0.71,0.63,0.84,0.69,0.95,0.68,0.64
LA000193,TSI Riga,Pakistan,Latvia,Male,23,C1,69.1,0.84,High,Single,0.24,0,0.6,None,1,Completed,Psychology,2025-11-02T11:58:25Z,0.62,0.91,0.6,0.61,0.56,0.67,0.9,0.64,0.74,0.53,0.78,0.71,0.67,0.93,0.67,0.95,0.72,0.93,0.73,0.95,0.81,0.74,0.87,0.74,0.66,0.96,0.64,0.76,0.83,0.49,0.59,0.71
LA000281,Daugavpils University,Italy,Latvia,Prefer not to say,27,A2,55.2,0.92,Medium,Single,0.34,0,0.1,None,1,Completed,Logistics,2025-11-02T11:58:25Z,0.61,0.65,0.8,0.77,0.7,0.82,0.82,0.74,0.63,0.57,0.63,0.92,0.37,0.55,0.77,0.51,0.78,0.53,0.92,0.86,0.85,0.62,0.86,0.87,0.82,0.68,0.89,0.67,0.87,0.59,0.77,0.77
LA000183,TSI Riga,Latvia,Latvia,Prefer not to say,29,B2,72.5,0.8,Medium,Other,0.33,0,0.1,Tutoring,0,Transferred,Psychology,2025-11-02T11:58:25Z,0.6,0.46,0.72,0.85,0.84,0.74,0.74,0.72,0.82,0.56,0.92,0.6,0.7,0.72,0.92,0.78,0.84,0.88,0.74,0.98,0.63,0.72,0.82,0.65,0.88,0.66,0.65,0.51,0.59,0.7,0.7,1.0
IT000286,Politecnico di Torino,USA,Italy,Female,24,B2,85.6,0.84,High,Other,0.3,1,0.3,None,0,Dropped Out,Psychology,2025-11-02T11:58:25Z,0.83,0.74,0.81,0.81,0.54,0.73,0.74,0.7,0.84,0.64,0.64,0.96,0.63,0.62,0.84,0.51,0.65,0.66,0.75,0.66,0.9,0.79,0.88,0.87,0.57,0.8,0.76,0.84,0.78,0.63,0.78,0.99
SL000440,Comenius University Bratislava,Pakistan,Slovakia,Prefer not to say,23,C2,67.6,0.83,Medium,Married,0.31,0,0.6,None,1,Completed,English Philology,2025-11-02T11:58:26Z,0.7,0.68,0.78,0.79,0.66,0.85,0.66,0.62,0.84,0.41,0.82,0.87,0.73,0.77,1.0,0.8,0.74,0.78,0.93,0.4,0.75,0.82,0.92,0.83,0.62,0.79,0.55,0.83,0.64,0.85,0.74,0.78
LA000287,TSI Riga,Nigeria,Latvia,Male,22,A2,61.4,0.72,High,Single,0.33,1,0.7,LanguageMentor,0,Dropped Out,Business,2025-11-02T11:58:25Z,0.85,0.68,0.99,1.0,0.87,0.98,0.72,0.81,0.7,0.62,0.75,0.62,0.69,0.78,1.0,0.7,1.0,0.78,0.63,0.66,0.78,0.73,0.75,0.83,0.82,0.82,0.75,0.71,0.84,0.64,0.71,0.55
LA000069,TSI Riga,Nigeria,Latvia,Other,31,A2,79.4,0.9,High,Single,0.27,0,0.7,BuddyProgram,1,Ongoing,Business,2025-11-02T11:58:25Z,0.66,0.51,0.83,0.86,0.73,0.75,0.74,0.84,0.62,0.88,0.84,0.86,0.83,0.61,0.77,0.6,0.72,0.71,0.66,0.82,0.74,0.76,0.99,0.55,0.54,0.83,1.0,0.76,0.64,0.75,0.75,0.78
SL000033,Slovak Tech,Bangladesh,Slovakia,Male,27,C2,67.6,0.87,High,Other,0.19,0,0.6,None,0,Transferred,Economics,2025-11-02T11:58:25Z,0.59,1.0,0.4,0.69,0.73,0.77,0.83,0.53,0.76,0.77,1.0,0.69,0.67,0.8,0.72,0.67,0.89,0.61,0.62,0.64,0.86,0.73,0.5,0.63,0.85,0.89,0.98,0.63,0.78,0.96,0.89,0.97
LA000407,Daugavpils University,India,Latvia,Male,27,C2,74.7,0.85,Medium,Other,0.31,0,0.6,BuddyProgram,1,Completed,Economics,2025-11-02T11:58:25Z,0.62,0.92,0.64,0.54,0.71,0.78,0.65,0.65,0.62,0.86,0.65,0.94,0.65,0.77,0.65,0.83,0.66,0.72,0.32,0.5,0.66,0.71,0.7,0.81,0.79,0.61,0.85,0.82,0.56,0.56,0.9,0.83
LA000272,TSI Riga,USA,Latvia,Female,23,C1,76.7,0.83,Low,Other,0.1,0,0.3,None,1,Completed,Engineering,2025-11-02T11:58:25Z,0.72,0.72,0.85,0.67,0.55,0.95,0.79,0.69,0.79,0.73,1.0,0.64,0.82,0.74,0.76,0.59,0.74,0.9,0.82,0.97,0.6,0.63,0.68,0.76,0.91,0.77,0.36,0.75,0.7,0.86,0.57,0.54
SL000206,Comenius University Bratislava,USA,Slovakia,Prefer not to say,21,B1,63.6,0.96,Medium,Other,0.18,1,0.3,None,0,Dropped Out,Logistics,2025-11-02T11:58:26Z,0.87,0.67,0.66,0.79,0.6,0.64,0.81,0.77,0.57,0.7,0.85,0.67,0.76,0.78,0.8,0.35,0.69,0.66,0.6,0.46,0.75,0.94,0.54,0.55,0.82,0.55,0.72,0.64,0.7,0.72,0.83,0.55
SL000178,Slovak Tech,Brazil,Slovakia,Prefer not to say,28,C2,89.7,0.84,Medium,Married,0.29,1,0.5,BuddyProgram,0,Dropped Out,Engineering,2025-11-02T11:58:26Z,0.51,0.69,0.62,0.51,0.73,0.86,0.6,0.88,0.8,0.61,0.67,0.79,0.77,0.97,0.64,0.99,0.66,0.51,0.72,0.84,0.86,0.7,0.89,0.73,0.89,0.97,0.83,0.65,0.78,0.69,0.8,0.63
SL000309,Comenius University Bratislava,Nigeria,Slovakia,Male,22,A2,86.8,1.0,Low,Other,0.35,1,0.7,None,0,Dropped Out,Data Science,2025-11-02T11:58:26Z,0.76,0.48,0.73,0.99,0.65,0.6,0.51,0.7,0.56,0.55,0.59,0.74,0.93,0.73,0.59,0.67,0.99,0.93,1.0,0.99,0.86,0.47,0.68,0.44,0.75,0.75,0.68,0.79,0.83,0.84,0.67,0.7
IT000192,Politecnico di Torino,Brazil,Italy,Other,22,B1,85.3,0.89,High,Married,0.18,0,0.5,BuddyProgram,1,Completed,Engineering,2025-11-02T11:58:25Z,0.7,0.92,0.62,0.5,0.63,0.63,0.64,0.99,0.57,0.68,0.91,0.69,0.72,0.76,0.81,0.58,0.72,1.0,0.68,0.95,0.95,0.62,0.88,0.91,0.82,0.62,0.67,0.81,0.8,0.96,0.59,0.88
IT000142,University of Messina,Pakistan,Italy,Male,22,C2,71.8,0.8,Medium,Other,0.36,0,0.6,Counseling,1,Completed,Data Science,2025-11-02T11:58:25Z,0.8,1.0,0.66,0.79,0.69,0.64,0.8,0.82,0.64,0.83,0.76,0.67,0.87,0.74,0.59,0.66,0.85,0.86,0.6,0.73,0.53,0.87,0.86,1.0,0.64,0.82,0.76,0.68,0.6,0.68,0.95,0.49
IT000395,Politecnico di Torino,Pakistan,Italy,Female,25,B1,74.1,0.83,Medium,Single,0.26,1,0.6,None,0,Dropped Out,Computer Science,2025-11-02T11:58:25Z,0.79,0.73,0.65,0.79,0.8,0.7,0.65,0.85,0.66,0.84,0.62,0.76,0.63,1.0,0.65,0.81,0.71,0.64,1.0,0.94,0.64,0.66,0.55,0.71,0.51,0.92,0.84,0.72,0.61,0.68,0.66,0.59
LA000582,TSI Riga,Slovakia,Latvia,Male,20,B1,56.3,0.79,Medium,Single,0.29,0,0.1,BuddyProgram,1,Completed,Data Science,2025-11-02T11:58:25Z,0.86,0.68,0.61,0.49,0.43,0.73,0.89,0.64,0.78,0.47,0.63,0.8,0.85,0.57,0.53,0.72,0.67,0.82,0.85,0.82,0.76,0.66,0.69,0.72,0.69,0.52,0.94,0.58,0.73,0.52,0.9,0.57
SL000361,Comenius University Bratislava,Brazil,Slovakia,Male,21,B2,80.5,0.74,Low,Other,0.37,1,0.5,Counseling,0,Dropped Out,Engineering,2025-11-02T11:58:26Z,1.0,0.8,0.76,0.71,0.76,0.59,0.79,0.64,0.87,0.72,0.83,0.49,0.81,0.56,0.78,0.69,0.74,0.71,0.92,0.72,0.73,0.79,0.6,0.86,0.66,0.78,0.65,0.98,0.75,0.77,0.66,0.95
LA000322,TSI Riga,Spain,Latvia,Male,22,B2,64.4,0.97,High,Single,0.3,0,0.1,LanguageMentor,1,Completed,Business,2025-11-02T11:58:25Z,0.81,0.71,0.83,0.79,0.84,0.54,0.67,0.79,0.62,0.62,0.75,0.93,0.85,0.66,0.83,0.85,0.72,0.63,0.68,0.73,0.85,0.84,1.0,0.84,0.76,0.91,1.0,0.87,0.82,0.7,0.81,0.73
SL000011,Slovak Tech,Vietnam,Slovakia,Female,27,C1,77.6,0.85,High,Married,0.29,0,0.6,None,1,Completed,Data Science,2025-11-02T11:58:25Z,0.74,0.6,0.79,0.84,0.84,0.59,0.38,0.69,0.84,0.69,0.75,0.91,0.69,0.61,0.61,0.67,0.75,0.82,0.44,0.82,0.59,0.51,0.73,0.82,0.7,0.59,0.57,0.79,0.62,0.75,0.75,0.77
LA000094,Daugavpils University,Ukraine,Latvia,Male,24,B2,70.8,0.83,Low,Single,0.16,0,0.1,None,1,Completed,Engineering,2025-11-02T11:58:25Z,0.71,0.51,0.81,0.76,0.86,0.57,0.74,0.81,0.68,0.65,0.83,0.89,0.56,0.76,0.85,0.63,0.78,0.73,0.71,0.7,0.56,0.69,0.71,0.63,0.92,0.8,0.97,0.78,0.54,0.72,0.77,0.97
SL000301,Slovak Tech,Ukraine,Slovakia,Other,26,A2,60.3,0.95,Medium,Married,0.32,1,0.1,Counseling,0,Dropped Out,Computer Science,2025-11-02T11:58:26Z,0.76,1.0,0.75,0.49,0.9,0.72,0.69,0.79,0.69,0.77,0.76,0.91,0.69,0.5,0.67,0.91,0.43,0.91,0.66,0.68,0.55,0.56,0.68,0.53,1.0,0.57,0.4,0.65,0.9,0.74,0.77,0.73
SL000139,Comenius University Bratislava,Latvia,Slovakia,Male,27,B1,71.8,0.91,Low,Married,0.25,0,0.1,Tutoring,0,Failed Exams,Computer Science,2025-11-02T11:58:26Z,0.84,0.46,0.66,0.48,0.47,0.75,0.69,0.8,0.76,0.76,0.66,0.76,0.8,0.73,0.87,0.55,0.7,0.69,0.79,0.77,0.74,0.85,0.59,0.74,0.9,0.7,0.9,0.73,0.55,0.76,0.84,0.75
LA000426,TSI Riga,Italy,Latvia,Prefer not to say,23,C2,83.2,0.87,Low,Other,0.37,0,0.1,None,1,Completed,Business,2025-11-02T11:58:25Z,0.76,0.75,0.81,0.5,0.65,0.7,0.91,0.51,0.61,0.63,0.8,0.75,0.62,0.85,0.61,0.72,0.85,0.61,0.88,0.67,0.82,0.83,0.83,0.82,0.63,0.48,0.49,0.6,0.5,0.83,0.79,0.63
IT000497,Politecnico di Torino,India,Italy,Other,25,B1,64.0,0.8,Medium,Married,0.31,1,0.6,None,0,Dropped Out,Psychology,2025-11-02T11:58:25Z,0.72,0.6,0.74,0.96,0.77,0.68,0.93,0.78,0.64,0.76,0.65,0.9,0.43,0.66,0.63,0.87,0.71,0.7,0.74,0.62,0.51,0.76,0.87,0.8,0.61,0.91,0.83,0.63,0.92,0.93,0.68,0.86
SL000413,Slovak Tech,Sri Lanka,Slovakia,Male,24,C2,78.6,0.94,Low,Single,0.4,0,0.6,None,1,Completed,Economics,2025-11-02T11:58:26Z,0.83,0.91,0.76,0.62,0.72,0.68,0.73,0.71,0.77,0.83,0.6,0.72,0.76,0.89,0.84,0.89,0.73,0.82,1.0,0.72,0.8,0.86,0.77,0.58,0.53,0.63,0.8,0.8,0.66,0.8,0.65,0.75
IT000431,Politecnico di Torino,Brazil,Italy,Male,22,A2,63.6,0.95,Low,Single,0.11,0,0.5,None,0,Transferred,Economics,2025-11-02T11:58:25Z,0.64,0.73,0.95,0.92,0.78,0.95,0.86,0.83,0.73,0.82,0.99,0.83,0.71,0.66,0.63,0.83,0.88,0.71,0.72,0.68,0.55,0.63,0.79,0.78,1.0,0.63,0.65,0.58,0.79,0.68,0.57,0.64
LA000028,Daugavpils University,Slovakia,Latvia,Other,25,B1,53.7,0.96,High,Single,0.37,0,0.1,BuddyProgram,1,Completed,Logistics,2025-11-02T11:58:25Z,0.69,0.8,0.84,0.54,0.72,0.96,0.69,0.84,0.89,0.65,0.9,0.57,0.85,0.77,0.64,0.49,0.87,0.64,0.55,0.85,0.86,0.78,0.41,0.59,1.0,0.8,0.77,0.78,0.65,0.73,0.61,0.97
SL000340,Slovak Tech,Ukraine,Slovakia,Prefer not to say,29,C1,64.4,0.91,Low,Single,0.31,0,0.1,LanguageMentor,0,Failed Exams,Psychology,2025-11-02T11:58:26Z,0.71,0.52,0.51,0.79,0.82,0.7,0.61,0.79,0.66,0.88,0.65,0.83,0.76,0.72,0.74,0.72,0.3,0.82,0.83,0.85,0.78,0.75,0.57,0.77,0.55,0.79,0.77,0.58,0.91,0.72,0.97,0.67
LA000563,TSI Riga,Nigeria,Latvia,Other,22,C2,61.8,0.9,High,Single,0.23,0,0.7,None,1,Ongoing,Business,2025-11-02T11:58:25Z,0.61,0.85,0.72,0.78,0.65,0.92,0.82,0.95,0.8,0.83,0.52,0.7,0.54,0.73,0.57,0.88,0.9,0.78,0.85,0.58,0.77,0.72,0.78,0.87,0.71,0.81,0.76,0.8,0.52,0.84,0.87,0.85
LA000406,Daugavpils University,Bangladesh,Latvia,Other,25,B1,65.0,0.82,Medium,Other,0.25,0,0.6,Tutoring,0,Failed Exams,Data Science,2025-11-02T11:58:25Z,0.83,0.87,0.44,0.47,0.34,0.72,0.5,0.82,0.65,0.43,0.77,0.65,0.93,0.81,0.62,0.95,0.77,0.63,0.75,0.76,0.88,0.51,0.53,0.79,0.9,0.69,0.68,0.63,0.91,0.93,0.88,0.51
IT000268,University of Messina,Nigeria,Italy,Prefer not to say,25,C2,82.2,0.86,Low,Other,0.07,0,0.7,None,0,Failed Exams,Business,2025-11-02T11:58:25Z,0.74,0.73,0.7,0.76,0.88,0.71,0.71,0.86,0.62,0.8,0.82,0.62,0.74,0.64,0.53,0.78,0.6,0.56,0.97,0.75,0.81,0.68,0.61,0.6,0.76,0.62,0.9,0.79,0.83,0.68,0.65,0.99
LA000121,Daugavpils University,Nigeria,Latvia,Male,22,A2,81.0,0.93,Low,Single,0.28,0,0.7,None,1,Completed,Engineering,2025-11-02T11:58:25Z,0.56,0.76,0.89,0.72,0.88,0.52,0.86,0.61,0.83,0.76,0.62,0.79,0.77,0.76,0.92,0.66,0.85,0.53,0.87,0.86,0.53,0.63,0.79,0.88,0.69,0.71,0.56,0.67,0.67,0.86,0.7,0.79
SL000363,Comenius University Bratislava,Spain,Slovakia,Prefer not to say,25,C2,75.8,0.84,Low,Married,0.3,0,0.1,LanguageMentor,1,Completed,Business,2025-11-02T11:58:26Z,0.69,0.7,0.81,0.55,0.75,0.97,0.58,0.6,0.68,0.91,0.72,0.74,0.66,0.61,0.74,0.65,0.74,0.5,0.81,0.6,0.8,0.8,0.84,0.71,0.92,0.66,0.63,0.83,0.49,0.58,0.79,0.84
IT000048,University of Messina,Spain,Italy,Male,23,B2,70.3,0.84,Low,Single,0.18,0,0.1,BuddyProgram,1,Completed,Computer Science,2025-11-02T11:58:25Z,0.92,0.85,0.6,0.59,0.59,0.61,0.87,0.45,1.0,0.47,0.77,0.82,0.92,0.73,0.59,0.8,0.6,0.61,0.86,0.62,0.78,0.48,0.81,0.57,0.76,0.54,0.96,0.75,0.7,0.43,0.55,0.65
LA000225,TSI Riga,Vietnam,Latvia,Other,23,C1,79.7,0.85,High,Single,0.15,1,0.6,None,0,Administrative Withdrawal,Computer Science,2025-11-02T11:58:25Z,0.58,0.49,0.86,0.67,0.74,0.67,1.0,0.64,0.86,0.62,0.59,1.0,0.72,0.51,0.7,0.8,0.77,0.72,0.53,0.8,0.76,0.66,1.0,0.46,0.96,0.68,0.87,0.61,0.62,0.63,0.63,0.58
LA000430,Daugavpils University,Ukraine,Latvia,Female,22,A2,80.2,0.97,Low,Single,0.21,0,0.1,Tutoring,0,Failed Exams,Business,2025-11-02T11:58:25Z,0.7,0.86,0.63,0.84,0.74,0.62,0.6,0.66,0.57,0.68,0.76,0.76,0.55,0.52,0.57,0.8,0.77,0.76,0.65,0.89,0.67,0.91,0.84,0.77,0.65,0.97,0.79,0.83,0.67,0.64,1.0,0.79
IT000158,University of Messina,Bangladesh,Italy,Male,22,C1,81.2,0.94,Low,Married,0.01,0,0.6,LanguageMentor,1,Ongoing,Engineering,2025-11-02T11:58:25Z,0.79,0.83,0.71,0.65,0.84,0.63,0.63,0.94,0.5,0.81,1.0,0.73,0.69,1.0,0.73,0.66,0.84,0.79,0.58,0.63,0.95,0.84,0.68,0.67,0.76,0.82,0.56,0.6,0.69,0.71,0.65,0.82
IT000030,University of Messina,Bangladesh,Italy,Prefer not to say,21,B2,82.7,0.97,High,Married,0.15,0,0.6,None,1,Completed,Psychology,2025-11-02T11:58:25Z,0.83,0.72,0.65,0.71,0.53,0.7,0.78,0.91,0.64,0.59,0.84,0.51,0.75,0.83,0.73,0.8,0.73,0.52,0.92,0.67,0.63,0.71,0.41,0.46,0.59,0.69,0.73,0.41,0.6,0.93,0.89,0.72
SL000360,Comenius University Bratislava,Ukraine,Slovakia,Prefer not to say,24,C1,56.3,0.69,Medium,Married,0.08,0,0.1,Tutoring,1,Completed,Business,2025-11-02T11:58:26Z,0.89,0.72,0.85,0.8,0.67,0.91,0.61,0.97,0.85,0.71,1.0,0.41,0.69,0.61,0.88,0.76,0.67,0.69,0.68,0.51,0.66,0.76,0.74,0.67,0.81,0.75,0.97,0.82,0.74,0.84,0.71,0.55
SL000302,Comenius University Bratislava,Pakistan,Slovakia,Prefer not to say,19,B1,57.4,0.82,High,Single,0.2,1,0.6,LanguageMentor,0,Dropped Out,Engineering,2025-11-02T11:58:26Z,0.63,0.78,0.78,0.67,0.85,1.0,0.7,0.8,0.85,0.59,0.8,0.85,0.67,0.8,0.68,0.82,0.81,0.53,0.57,0.59,0.53,0.64,0.92,0.65,0.83,0.57,0.68,0.81,0.69,0.68,0.8,0.79
SL000460,Comenius University Bratislava,Ukraine,Slovakia,Female,21,A2,74.1,0.98,Medium,Other,0.04,0,0.1,LanguageMentor,1,Completed,Business,2025-11-02T11:58:26Z,0.44,0.59,0.83,0.42,0.55,1.0,0.61,0.52,0.68,0.67,0.69,0.67,1.0,0.54,0.77,0.7,0.67,0.53,0.92,0.82,0.53,0.73,0.97,0.67,0.78,0.63,0.77,0.63,0.71,0.68,0.76,0.8
LA000164,Daugavpils University,Italy,Latvia,Male,22,C1,72.1,0.84,High,Married,0.12,0,0.1,Tutoring,0,Failed Exams,English Philology,2025-11-02T11:58:25Z,0.76,0.78,0.53,0.6,0.77,0.85,0.8,0.67,1.0,0.94,0.8,0.88,0.82,0.64,0.82,0.92,0.77,0.62,0.9,0.92,0.84,0.66,0.69,0.95,0.66,0.71,0.54,1.0,0.48,0.54,0.7,0.85
LA000076,TSI Riga,Bangladesh,Latvia,Male,24,B1,98.7,0.86,High,Married,0.27,1,0.6,LanguageMentor,0,Dropped Out,Business,2025-11-02T11:58:25Z,0.6,0.65,0.52,0.53,0.54,0.56,0.78,0.72,0.48,0.68,0.61,1.0,0.81,0.58,0.53,0.68,0.59,1.0,0.73,0.94,0.8,0.69,0.64,0.76,0.94,0.73,0.79,0.67,0.87,0.78,0.97,1.0
SL000076,Comenius University Bratislava,Italy,Slovakia,Other,23,C2,72.4,0.88,Low,Single,0.01,0,0.1,None,1,Completed,Engineering,2025-11-02T11:58:26Z,0.72,0.84,0.59,0.7,0.58,0.87,0.73,0.76,0.5,0.86,0.73,0.85,0.63,0.63,0.96,0.77,0.7,0.56,0.79,0.57,0.93,0.74,0.94,1.0,0.63,0.79,0.86,0.67,0.91,0.64,0.62,0.71
LA000534,TSI Riga,Brazil,Latvia,Female,25,C1,77.5,0.86,High,Married,0.26,0,0.5,BuddyProgram,1,Completed,Computer Science,2025-11-02T11:58:25Z,0.93,0.71,0.71,0.76,0.85,0.65,0.74,0.88,0.54,0.82,0.46,0.85,0.5,0.61,0.64,0.86,0.7,0.59,0.53,0.62,0.71,0.75,0.66,0.63,0.99,0.66,1.0,0.75,0.67,0.73,0.83,0.87
SL000444,Slovak Tech,Sri Lanka,Slovakia,Female,22,A2,65.3,0.81,Medium,Single,0.28,0,0.6,None,0,Transferred,Computer Science,2025-11-02T11:58:26Z,0.59,0.72,0.72,0.68,0.54,0.6,0.85,0.7,0.66,0.72,0.69,0.76,0.73,0.8,0.81,0.69,0.73,0.82,0.64,0.52,0.8,0.96,0.65,0.62,0.92,0.62,0.66,0.76,0.67,1.0,0.68,0.78
LA000541,TSI Riga,Spain,Latvia,Male,21,B1,82.7,0.84,Medium,Married,0.19,0,0.1,Counseling,1,Completed,Economics,2025-11-02T11:58:25Z,0.8,0.81,0.75,0.46,0.63,0.67,0.86,0.88,0.64,0.75,0.62,0.64,0.68,0.75,0.75,0.75,0.93,0.8,0.65,0.68,0.89,0.96,0.59,0.91,0.67,0.63,1.0,0.6,0.51,0.78,0.73,0.8
SL000472,Comenius University Bratislava,Latvia,Slovakia,Male,23,C2,55.9,0.81,High,Single,0.42,0,0.1,None,0,Failed Exams,Engineering,2025-11-02T11:58:26Z,0.63,0.86,0.77,0.8,0.81,0.78,0.8,0.58,0.76,0.7,0.89,0.56,0.59,0.73,0.94,0.6,0.66,0.72,0.55,0.96,0.83,0.63,0.67,0.74,0.69,0.84,0.71,0.91,0.88,0.57,0.75,0.75
IT000423,Politecnico di Torino,Bangladesh,Italy,Male,30,A2,67.1,0.89,Medium,Other,0.05,1,0.6,LanguageMentor,0,Left Country,Logistics,2025-11-02T11:58:25Z,0.76,1.0,0.72,0.81,0.67,0.76,0.92,0.42,0.95,0.63,0.68,0.68,0.75,0.74,0.76,0.66,0.85,0.58,0.73,0.72,0.82,0.9,1.0,0.55,0.74,0.53,0.82,0.85,0.61,0.68,0.55,0.73
SL000394,Comenius University Bratislava,India,Slovakia,Male,26,C1,72.1,0.84,High,Single,0.3,0,0.6,BuddyProgram,1,Completed,English Philology,2025-11-02T11:58:26Z,0.5,0.35,0.77,0.89,0.76,0.56,0.76,0.8,0.83,0.75,0.78,0.64,0.71,1.0,0.73,0.61,0.4,0.94,0.79,0.72,0.65,0.75,0.92,0.66,0.66,0.81,0.8,0.49,0.62,0.76,0.76,0.85
SL000267,Slovak Tech,Italy,Slovakia,Other,27,B2,76.7,0.74,High,Other,0.24,1,0.1,LanguageMentor,0,Dropped Out,Psychology,2025-11-02T11:58:26Z,0.74,0.78,0.61,0.58,0.8,0.63,0.72,1.0,0.62,0.78,0.79,0.93,0.77,1.0,0.66,0.84,0.87,0.76,0.71,0.79,0.72,0.63,0.82,0.65,0.72,0.86,0.81,0.7,0.85,0.7,0.72,0.89
LA000382,TSI Riga,Slovakia,Latvia,Prefer not to say,24,A2,85.0,0.86,High,Single,0.32,0,0.1,None,1,Completed,Computer Science,2025-11-02T11:58:25Z,0.85,0.68,0.71,0.85,0.89,0.77,0.73,0.82,0.53,0.75,0.85,0.97,0.56,0.71,0.73,0.74,0.75,0.89,0.78,0.72,0.79,0.81,0.65,0.73,0.69,0.61,1.0,0.68,0.68,0.57,0.65,0.96
LA000381,TSI Riga,India,Latvia,Prefer not to say,25,B2,72.5,0.71,Low,Single,0.22,0,0.6,LanguageMentor,1,Completed,Engineering,2025-11-02T11:58:25Z,0.94,0.61,0.77,0.73,0.6,0.71,0.88,0.95,0.68,0.69,0.83,1.0,0.79,0.7,0.64,0.55,0.62,0.74,0.73,0.8,0.68,0.89,0.63,0.63,0.86,0.63,0.78,0.79,0.53,0.89,0.8,0.87
LA000111,TSI Riga,Slovakia,Latvia,Male,31,B2,71.5,0.81,High,Single,0.23,1,0.1,Counseling,0,Left Country,Data Science,2025-11-02T11:58:25Z,0.79,0.87,0.87,0.84,0.71,0.71,0.78,0.71,0.65,0.93,0.75,0.85,0.72,0.68,0.73,0.57,0.84,0.61,0.81,0.55,0.49,0.74,0.73,0.75,0.65,0.7,0.95,0.6,0.85,0.61,0.63,0.68
IT000510,Politecnico di Torino,Ukraine,Italy,Female,28,C2,72.1,0.98,Medium,Other,0.2,0,0.1,Tutoring,1,Completed,Economics,2025-11-02T11:58:25Z,0.66,0.77,0.8,0.53,0.93,0.65,0.57,0.72,0.87,0.51,0.8,0.73,0.72,0.88,0.78,1.0,0.83,0.84,0.58,0.61,0.74,0.74,0.76,0.34,0.78,0.76,0.77,0.79,0.88,0.49,0.59,1.0
LA000593,TSI Riga,Italy,Latvia,Prefer not to say,25,B1,60.6,0.91,Low,Single,0.63,0,0.1,BuddyProgram,1,Completed,Psychology,2025-11-02T11:58:25Z,0.63,0.49,0.78,0.73,0.57,0.92,0.9,0.83,0.54,0.75,0.64,0.69,0.78,0.54,0.68,0.75,0.56,0.66,0.74,0.39,0.48,0.4,0.51,0.48,0.69,0.75,0.79,0.82,0.51,0.85,0.58,0.99
LA000366,TSI Riga,Ukraine,Latvia,Prefer not to say,27,A2,77.4,1.0,Medium,Single,0.51,0,0.1,Tutoring,0,Failed Exams,Business,2025-11-02T11:58:25Z,0.71,0.82,0.68,0.73,0.67,0.67,0.63,0.44,0.56,0.7,0.58,0.86,0.7,0.82,0.82,0.67,0.88,0.74,0.65,0.63,0.71,0.52,0.86,0.62,0.67,0.73,0.75,0.6,0.82,0.9,0.79,0.69
IT000287,University of Messina,Spain,Italy,Male,23,A2,66.4,0.88,High,Other,0.13,0,0.1,LanguageMentor,1,Completed,Economics,2025-11-02T11:58:25Z,0.5,0.78,0.51,0.85,0.77,0.88,0.78,0.89,0.94,0.67,0.67,0.89,0.66,0.67,0.83,0.71,0.74,0.73,0.54,0.78,0.66,0.58,0.62,0.81,0.74,0.52,0.57,0.78,0.67,0.81,0.66,0.71
IT000318,Politecnico di Torino,Sri Lanka,Italy,Prefer not to say,19,C2,83.4,0.91,Low,Other,0.16,0,0.6,Tutoring,1,Completed,Engineering,2025-11-02T11:58:25Z,0.84,0.59,0.67,0.82,0.89,0.73,0.57,0.7,0.87,0.63,0.34,0.73,0.9,0.66,0.77,0.7,0.82,0.74,0.73,0.59,0.7,0.78,0.63,0.61,0.72,0.57,0.58,0.55,0.6,0.85,0.82,0.66
LA000172,Daugavpils University,Spain,Latvia,Prefer not to say,22,C1,68.0,0.75,Low,Single,0.08,0,0.1,Tutoring,1,Ongoing,Business,2025-11-02T11:58:25Z,0.6,0.85,0.79,0.98,0.97,0.73,0.58,0.66,0.73,0.97,0.6,0.64,0.84,0.78,0.75,0.86,0.65,0.7,0.56,0.85,0.63,0.64,0.85,0.5,0.9,0.96,0.66,0.65,0.58,0.81,0.87,0.93
IT000450,Politecnico di Torino,Sri Lanka,Italy,Other,18,C1,75.3,0.84,Low,Married,0.31,0,0.6,BuddyProgram,1,Completed,English Philology,2025-11-02T11:58:25Z,0.7,0.5,0.76,0.9,0.75,0.7,0.87,0.87,0.75,0.72,0.45,0.57,0.72,0.58,0.67,0.57,0.78,0.58,0.71,0.8,0.88,0.74,0.66,0.77,0.6,0.8,0.41,0.56,0.8,0.68,0.77,0.39
IT000447,Politecnico di Torino,Latvia,Italy,Female,29,A2,89.6,0.89,Medium,Single,0.38,0,0.1,BuddyProgram,1,Ongoing,Economics,2025-11-02T11:58:25Z,0.73,0.86,0.84,0.65,0.82,0.68,0.97,0.86,0.74,0.55,0.68,0.76,0.87,0.57,0.86,0.74,0.58,0.76,0.6,0.66,0.84,0.83,0.86,0.78,0.79,0.93,0.72,0.76,0.65,0.59,0.79,0.7
SL000411,Comenius University Bratislava,Bangladesh,Slovakia,Prefer not to say,24,C1,58.8,0.95,High,Married,0.11,0,0.6,None,1,Completed,Logistics,2025-11-02T11:58:26Z,0.94,0.62,0.69,0.83,0.64,0.7,0.74,0.68,0.62,0.79,0.78,0.9,0.88,0.74,0.8,0.64,0.64,0.84,0.84,0.63,0.59,0.71,0.6,0.86,0.78,0.79,0.71,0.72,0.73,0.59,0.53,0.84
LA000439,TSI Riga,Nigeria,Latvia,Prefer not to say,28,A2,69.8,0.91,Low,Other,0.17,0,0.7,None,1,Completed,English Philology,2025-11-02T11:58:25Z,0.56,0.85,0.91,0.69,0.64,0.49,0.85,0.74,0.74,0.52,0.86,0.73,0.48,0.74,0.8,0.81,0.72,0.83,0.46,0.53,0.55,0.71,0.91,0.72,0.67,0.61,0.5,0.68,0.67,0.85,0.81,0.92
LA000528,Daugavpils University,Brazil,Latvia,Male,23,C2,84.3,0.93,High,Single,0.46,0,0.5,None,1,Completed,Psychology,2025-11-02T11:58:25Z,0.65,0.58,0.97,0.66,0.63,0.82,0.89,0.69,0.78,0.57,0.86,0.69,0.51,0.74,0.88,0.81,0.81,0.77,0.79,0.76,0.47,0.72,0.73,0.94,0.9,1.0,0.63,0.88,0.69,0.63,0.62,0.71
SL000426,Comenius University Bratislava,Latvia,Slovakia,Male,23,C2,81.8,0.87,Low,Other,0.35,0,0.1,LanguageMentor,1,Completed,Economics,2025-11-02T11:58:26Z,0.63,0.8,0.73,0.78,0.61,0.8,0.84,0.7,0.8,0.76,0.79,0.59,0.6,0.85,0.89,1.0,0.69,0.81,0.75,0.7,0.7,0.93,0.81,0.96,0.84,0.61,0.7,0.67,0.65,0.73,0.51,0.86
LA000495,Daugavpils University,Pakistan,Latvia,Female,22,B2,79.6,0.8,Low,Single,0.22,0,0.6,LanguageMentor,1,Ongoing,Data Science,2025-11-02T11:58:25Z,0.67,0.71,0.81,0.54,0.76,0.7,0.7,0.67,0.92,0.82,0.71,0.73,0.68,0.98,0.77,1.0,0.65,0.46,0.87,0.88,0.78,0.89,0.57,0.84,1.0,0.68,0.75,0.67,0.68,0.48,0.72,0.71
IT000429,University of Messina,Nigeria,Italy,Other,24,B1,66.1,0.72,High,Single,0.03,1,0.7,BuddyProgram,0,Dropped Out,Business,2025-11-02T11:58:25Z,0.74,0.7,0.96,0.48,0.53,0.75,0.83,0.78,0.91,0.75,0.79,0.58,0.84,0.68,0.63,1.0,0.6,0.68,0.75,0.6,0.67,0.57,0.68,0.85,0.82,0.63,0.81,0.65,0.77,0.64,0.47,0.53
IT000524,University of Messina,Slovakia,Italy,Female,22,B1,69.8,0.98,Medium,Married,0.44,0,0.1,None,1,Completed,Data Science,2025-11-02T11:58:25Z,0.89,0.78,0.9,0.65,0.83,0.73,0.45,0.84,0.82,0.74,0.74,0.78,0.79,0.83,0.76,0.55,0.68,0.72,0.66,0.76,0.51,0.78,0.73,0.66,0.7,0.77,0.6,0.49,0.86,0.72,0.84,0.72
LA000398,Daugavpils University,Pakistan,Latvia,Prefer not to say,26,B1,53.1,0.91,High,Single,0.27,0,0.6,Tutoring,0,Failed Exams,Business,2025-11-02T11:58:25Z,0.64,0.82,0.79,0.83,0.55,0.8,0.79,0.63,0.74,0.79,0.78,0.48,0.78,0.86,0.52,0.9,0.76,0.73,0.64,0.85,0.57,0.78,0.63,0.83,1.0,0.65,0.61,0.6,0.83,0.86,0.74,0.65
IT000346,Politecnico di Torino,Nigeria,Italy,Other,20,C1,78.5,0.74,Medium,Single,0.4,0,0.7,Counseling,1,Completed,English Philology,2025-11-02T11:58:25Z,0.51,0.54,0.93,0.38,0.65,0.7,0.71,0.78,0.86,0.55,0.88,0.66,0.67,0.82,0.54,0.62,0.91,0.72,0.74,0.66,0.64,0.81,0.71,0.88,0.78,0.88,0.84,0.74,0.94,0.69,0.65,0.53
SL000259,Comenius University Bratislava,Sri Lanka,Slovakia,Other,20,C1,73.0,0.93,Medium,Married,0.46,0,0.6,Counseling,1,Completed,Engineering,2025-11-02T11:58:26Z,0.51,0.76,0.78,0.59,0.79,0.78,0.92,0.84,0.66,0.66,0.52,0.71,0.62,0.7,0.87,0.87,0.71,0.75,0.72,0.73,0.52,0.64,0.89,0.73,0.86,0.76,0.85,0.55,0.94,0.78,0.44,0.67
SL000143,Slovak Tech,Italy,Slovakia,Other,23,C2,63.0,0.92,Low,Married,0.27,0,0.1,None,1,Completed,Business,2025-11-02T11:58:26Z,0.64,0.75,0.88,0.68,0.95,0.71,0.56,0.73,0.74,0.74,0.66,0.57,0.9,0.71,0.68,0.84,0.65,0.64,0.74,0.88,0.68,1.0,0.58,0.86,0.7,0.5,0.7,0.58,0.66,0.75,0.71,0.61
LA000150,TSI Riga,USA,Latvia,Female,26,B2,80.5,0.97,Low,Married,0.34,0,0.3,Tutoring,1,Completed,English Philology,2025-11-02T11:58:25Z,0.63,0.63,0.9,0.73,0.81,0.81,0.64,0.68,0.78,0.43,0.57,0.71,0.86,0.72,0.85,0.69,0.6,0.8,0.84,0.64,0.78,0.69,0.82,0.84,0.67,0.79,0.69,0.78,0.74,0.68,0.92,0.73
IT000237,Politecnico di Torino,USA,Italy,Male,27,C1,99.2,0.82,Medium,Single,0.33,0,0.3,Tutoring,1,Completed,Economics,2025-11-02T11:58:25Z,0.56,0.65,0.58,0.63,0.72,0.79,0.64,0.74,0.78,0.62,0.72,0.94,0.59,0.68,0.71,0.73,0.78,0.67,0.53,1.0,0.9,0.69,0.85,0.58,0.61,0.88,0.68,0.8,0.73,0.87,0.78,0.63
LA000388,Daugavpils University,Spain,Latvia,Prefer not to say,21,A2,68.2,0.88,High,Other,0.03,1,0.1,Tutoring,0,Dropped Out,Business,2025-11-02T11:58:25Z,0.65,0.88,0.52,0.82,0.74,0.57,0.87,0.88,0.8,0.54,0.49,0.63,0.73,0.94,0.72,0.88,0.77,0.73,0.4,0.56,0.8,0.89,0.91,0.72,0.76,0.63,0.53,0.72,0.53,1.0,0.8,0.93
LA000454,Daugavpils University,Sri Lanka,Latvia,Prefer not to say,20,C1,90.5,0.95,Medium,Married,0.57,0,0.6,None,1,Completed,Economics,2025-11-02T11:58:25Z,0.89,0.95,0.59,0.62,0.72,0.9,0.82,0.78,0.65,0.67,0.74,0.64,0.78,0.72,0.75,0.82,0.8,0.71,0.63,0.51,0.64,0.87,0.79,0.68,0.63,0.88,0.74,0.7,0.52,0.79,0.55,0.72
IT000347,Politecnico di Torino,Bangladesh,Italy,Female,18,C1,58.7,0.78,High,Other,0.6,1,0.6,Tutoring,0,Dropped Out,Logistics,2025-11-02T11:58:25Z,0.65,0.61,0.81,0.79,0.33,0.61,0.82,0.86,0.75,1.0,0.65,0.55,0.63,0.7,0.58,0.7,0.81,0.74,0.9,0.86,0.47,0.93,0.81,0.73,0.61,0.7,0.62,0.68,0.72,0.75,0.94,0.76
SL000264,Slovak Tech,Nigeria,Slovakia,Other,27,C2,72.2,1.0,Low,Married,0.49,1,0.7,None,0,Dropped Out,Business,2025-11-02T11:58:26Z,0.68,0.74,0.64,0.78,0.76,0.87,0.53,0.85,0.75,0.69,0.73,1.0,0.81,0.93,0.67,0.71,0.77,0.55,0.66,0.54,0.67,0.76,0.86,0.83,0.7,0.67,1.0,0.83,0.82,0.78,0.67,0.64
SL000218,Comenius University Bratislava,India,Slovakia,Male,28,B2,63.8,0.78,High,Married,0.27,0,0.6,None,1,Completed,Economics,2025-11-02T11:58:26Z,0.72,0.69,0.67,0.74,0.63,0.48,0.76,0.81,0.64,0.71,0.68,0.89,0.89,0.84,0.93,0.64,0.8,0.59,0.72,0.76,0.55,0.76,0.7,0.76,0.71,0.92,0.88,0.89,0.67,0.64,0.76,0.75
LA000583,Daugavpils University,Vietnam,Latvia,Male,22,A2,77.6,0.87,Low,Other,0.3,0,0.6,LanguageMentor,1,Completed,Economics,2025-11-02T11:58:25Z,0.84,0.54,0.52,0.9,0.84,0.52,0.6,0.77,0.75,0.71,0.41,0.91,0.68,0.73,0.87,0.8,0.97,0.74,0.48,0.89,0.58,0.59,0.36,0.62,0.93,0.65,0.74,0.66,0.74,0.77,0.64,0.56
LA000447,TSI Riga,Italy,Latvia,Male,21,B2,65.0,0.82,Low,Married,0.47,1,0.1,Tutoring,0,Left Country,Business,2025-11-02T11:58:25Z,0.63,0.56,0.66,0.52,0.82,1.0,1.0,0.61,0.83,0.63,0.66,0.79,0.74,0.72,0.55,0.58,0.57,0.7,0.92,0.65,0.91,0.89,0.55,0.67,0.68,1.0,0.76,0.61,0.72,0.83,0.67,0.83
IT000547,Politecnico di Torino,Ukraine,Italy,Female,18,A2,56.3,0.9,High,Married,0.48,0,0.1,LanguageMentor,1,Ongoing,Logistics,2025-11-02T11:58:25Z,0.79,0.65,0.82,0.84,0.59,0.76,0.69,0.62,0.77,0.48,0.81,0.67,0.86,0.68,0.55,0.59,0.61,0.95,0.78,0.85,0.59,0.56,0.81,0.87,0.81,0.43,0.75,0.79,0.73,0.74,0.88,0.77
IT000453,Politecnico di Torino,Brazil,Italy,Female,19,B2,69.1,0.81,High,Single,0.22,0,0.5,LanguageMentor,1,Completed,Business,2025-11-02T11:58:25Z,0.66,0.73,0.59,0.76,0.67,0.69,0.93,0.62,0.8,0.76,0.8,0.68,0.83,0.62,0.93,0.59,0.95,0.65,0.8,0.72,0.71,0.69,0.83,0.68,0.76,0.75,0.86,0.72,0.63,0.71,0.7,0.83
LA000461,Daugavpils University,Italy,Latvia,Prefer not to say,28,C1,68.2,0.85,Medium,Married,0.37,0,0.1,LanguageMentor,1,Completed,Business,2025-11-02T11:58:25Z,0.49,0.51,0.81,0.64,0.72,0.65,0.79,0.59,0.61,0.69,0.65,0.94,0.62,0.87,0.76,0.68,0.68,0.91,0.62,0.85,0.64,0.74,0.75,0.91,0.53,0.5,0.75,0.62,0.59,0.73,0.63,0.64
LA000047,Daugavpils University,Slovakia,Latvia,Male,22,C2,83.3,0.93,Low,Married,0.43,0,0.1,LanguageMentor,1,Completed,Economics,2025-11-02T11:58:25Z,0.61,0.86,0.89,0.6,0.49,0.7,0.61,0.57,0.74,0.72,0.72,0.79,0.78,0.81,0.85,0.73,0.53,0.93,0.71,0.87,0.92,0.89,0.78,0.69,0.83,0.75,0.48,0.69,0.83,0.71,0.66,0.8
SL000059,Slovak Tech,Nigeria,Slovakia,Prefer not to say,27,B2,67.8,1.0,Medium,Single,0.3,0,0.7,None,1,Completed,Economics,2025-11-02T11:58:25Z,0.43,0.55,0.73,0.85,0.75,1.0,0.85,0.7,0.86,0.67,0.98,0.76,0.85,0.81,0.8,0.73,0.63,0.73,0.74,0.66,0.79,0.72,0.58,0.81,0.59,0.59,0.82,0.6,0.5,0.57,0.88,0.66
SL000490,Comenius University Bratislava,USA,Slovakia,Female,21,C1,85.6,0.89,High,Other,0.12,0,0.3,BuddyProgram,0,Failed Exams,Computer Science,2025-11-02T11:58:26Z,0.6,0.87,0.42,0.45,0.67,1.0,0.73,0.58,0.71,0.61,0.81,0.48,0.86,0.62,0.84,0.67,0.73,0.74,0.59,0.89,0.68,0.86,0.81,1.0,1.0,1.0,0.52,0.53,0.7,0.77,1.0,0.88
SL000310,Comenius University Bratislava,Slovakia,Slovakia,Female,22,B1,62.1,0.78,Medium,Single,0.37,0,0.1,LanguageMentor,0,Failed Exams,Engineering,2025-11-02T11:58:26Z,0.88,0.67,0.59,1.0,0.65,0.63,0.76,0.87,0.85,0.59,0.64,0.65,0.49,0.63,0.78,0.66,0.61,0.82,0.41,0.65,0.85,0.88,1.0,1.0,0.75,0.67,0.67,0.88,0.78,0.67,0.7,0.72
LA000338,TSI Riga,Ukraine,Latvia,Male,18,C1,68.2,0.91,High,Single,0.2,0,0.1,None,0,Failed Exams,Psychology,2025-11-02T11:58:25Z,0.57,0.8,0.72,0.67,0.63,0.44,0.65,0.81,0.66,0.77,0.77,0.67,0.71,0.7,0.54,0.64,0.71,0.67,0.79,0.84,0.5,0.83,0.63,0.94,0.78,0.9,0.79,0.62,0.9,0.72,0.69,0.52
IT000373,University of Messina,Vietnam,Italy,Other,21,C1,71.6,0.73,Low,Married,0.54,0,0.6,BuddyProgram,1,Completed,Data Science,2025-11-02T11:58:25Z,0.65,0.58,0.61,0.74,0.75,0.77,0.71,0.78,0.62,0.87,0.82,0.72,0.62,0.86,0.69,1.0,0.7,0.66,0.63,0.77,0.6,0.73,0.69,0.6,0.74,0.61,0.57,0.55,0.57,0.79,0.82,0.7
SL000232,Slovak Tech,Latvia,Slovakia,Prefer not to say,21,C1,68.5,0.82,Medium,Other,0.25,0,0.1,Tutoring,1,Completed,Psychology,2025-11-02T11:58:26Z,0.76,0.84,0.92,0.6,0.73,0.73,0.88,0.82,0.83,0.88,0.79,1.0,0.96,0.58,0.81,0.56,0.74,0.83,0.93,0.65,0.83,0.65,0.48,0.5,0.8,0.84,0.72,0.74,0.81,0.67,0.71,0.74
SL000220,Comenius University Bratislava,Latvia,Slovakia,Female,22,C1,69.5,0.82,High,Single,0.52,0,0.1,BuddyProgram,0,Transferred,Economics,2025-11-02T11:58:26Z,0.89,0.91,0.91,0.74,0.81,0.63,0.92,0.61,0.69,0.74,0.91,0.8,0.92,0.55,0.76,0.83,0.66,0.67,0.67,0.6,0.62,0.79,0.77,0.45,0.66,0.79,0.6,1.0,0.82,0.67,0.85,0.97
IT000536,Politecnico di Torino,India,Italy,Prefer not to say,22,B2,64.3,0.85,High,Married,0.16,0,0.6,Tutoring,0,Failed Exams,Economics,2025-11-02T11:58:25Z,0.86,0.62,0.55,0.93,0.87,0.8,0.61,0.71,0.72,0.58,0.68,0.85,0.64,0.88,0.74,0.81,0.74,0.78,0.8,0.66,0.51,0.64,0.39,0.91,0.66,0.66,0.83,0.76,0.92,0.81,0.69,0.69
SL000035,Comenius University Bratislava,India,Slovakia,Prefer not to say,28,C2,72.1,0.95,High,Single,0.09,0,0.6,Counseling,1,Completed,Economics,2025-11-02T11:58:25Z,0.52,0.79,0.72,0.58,0.71,0.41,0.82,0.69,0.97,0.9,0.8,0.72,0.83,0.82,0.65,0.67,0.78,0.78,0.7,0.76,0.61,0.91,0.75,0.77,0.62,0.89,0.77,0.77,0.61,0.75,0.97,0.69
LA000063,Daugavpils University,Brazil,Latvia,Prefer not to say,25,A2,82.5,0.93,High,Single,0.37,0,0.5,LanguageMentor,1,Completed,Data Science,2025-11-02T11:58:25Z,0.85,0.65,0.89,0.72,0.63,0.66,0.72,0.49,0.66,0.66,0.7,0.91,0.79,0.59,0.98,0.85,0.71,0.69,0.92,0.84,0.9,0.77,0.68,0.79,0.85,0.79,0.6,0.7,0.58,0.84,0.94,0.54
IT000477,Politecnico di Torino,Ukraine,Italy,Other,19,B2,74.5,0.99,Medium,Single,0.37,0,0.1,Tutoring,1,Completed,Engineering,2025-11-02T11:58:25Z,0.78,0.62,0.97,0.75,0.86,0.77,0.71,0.53,0.8,0.73,0.74,0.65,0.74,0.78,0.76,0.71,0.88,0.7,0.87,0.66,0.8,1.0,0.67,0.77,0.85,0.6,0.81,0.65,0.96,0.7,0.77,0.57
SL000004,Slovak Tech,Nigeria,Slovakia,Other,23,B1,74.1,0.84,Low,Married,0.1,1,0.7,Tutoring,0,Dropped Out,Engineering,2025-11-02T11:58:25Z,0.79,0.89,0.74,1.0,0.81,0.55,0.63,0.69,0.51,0.87,0.83,0.73,0.58,0.85,0.73,0.64,0.79,0.88,0.85,0.61,0.79,0.54,0.73,0.43,0.82,0.7,0.83,0.66,0.71,0.65,0.5,0.72
LA000438,Daugavpils University,Brazil,Latvia,Other,20,C2,75.9,0.86,High,Other,0.29,0,0.5,BuddyProgram,1,Completed,Data Science,2025-11-02T11:58:25Z,0.63,0.85,0.51,0.8,0.79,0.76,0.65,0.54,0.77,0.85,0.82,0.61,0.64,0.89,0.73,0.52,0.62,0.91,0.69,0.76,0.71,0.81,0.78,0.86,0.79,0.94,0.77,0.68,0.74,0.89,0.58,0.9
IT000438,Politecnico di Torino,Spain,Italy,Other,21,B2,65.1,1.0,Low,Married,0.18,0,0.1,BuddyProgram,1,Completed,Data Science,2025-11-02T11:58:25Z,0.89,0.97,1.0,0.52,0.81,0.59,0.8,0.54,0.65,0.53,0.62,0.76,0.69,0.94,0.71,0.61,0.7,0.72,0.62,0.7,0.75,0.59,0.76,0.71,0.63,0.57,0.76,0.76,0.56,0.77,0.74,0.57
IT000432,Politecnico di Torino,Nigeria,Italy,Male,27,C2,72.6,0.84,Medium,Other,0.43,0,0.7,BuddyProgram,1,Completed,Business,2025-11-02T11:58:25Z,0.61,1.0,0.51,0.97,0.75,0.39,0.78,0.75,0.55,0.87,0.76,0.63,0.87,0.77,0.93,0.72,0.67,0.75,1.0,0.61,0.88,0.73,0.64,0.84,0.78,0.52,0.69,0.72,0.68,0.88,0.96,0.85
SL000210,Comenius University Bratislava,Italy,Slovakia,Female,25,B2,79.9,0.95,High,Married,0.09,0,0.1,BuddyProgram,1,Completed,Engineering,2025-11-02T11:58:26Z,0.54,0.79,0.8,0.82,0.78,0.87,0.79,0.65,0.78,0.56,0.71,0.71,0.77,0.9,0.46,1.0,0.95,0.87,0.5,0.57,0.86,0.7,0.71,0.68,0.76,0.51,0.67,0.44,0.84,0.78,0.93,0.98
IT000451,University of Messina,Latvia,Italy,Prefer not to say,22,A2,69.0,1.0,Low,Other,0.55,0,0.1,None,1,Completed,Data Science,2025-11-02T11:58:25Z,0.71,0.97,0.73,0.9,0.84,0.71,0.88,0.61,0.86,0.67,0.86,0.73,0.65,0.53,0.76,0.37,0.68,0.49,0.68,0.67,0.87,0.58,0.76,1.0,0.81,0.63,0.57,0.75,0.65,0.62,0.74,0.46
LA000359,TSI Riga,Pakistan,Latvia,Female,19,B2,75.0,0.88,Medium,Single,0.14,1,0.6,None,0,Dropped Out,Data Science,2025-11-02T11:58:25Z,0.66,0.69,0.49,0.85,0.71,1.0,0.6,0.65,0.53,0.6,0.68,0.92,0.56,0.82,0.72,0.7,0.74,0.72,0.73,0.75,0.81,0.79,0.51,0.63,0.93,0.86,0.95,0.89,0.72,0.58,0.53,0.72
LA000350,TSI Riga,Nigeria,Latvia,Female,20,C1,55.9,0.9,Medium,Married,0.4,0,0.7,LanguageMentor,1,Completed,Engineering,2025-11-02T11:58:25Z,0.68,0.77,0.78,0.67,1.0,0.83,0.74,0.71,0.79,0.43,0.82,0.9,0.74,0.78,0.41,0.5,1.0,0.75,0.85,0.87,0.59,0.74,0.74,0.79,0.74,0.66,1.0,0.7,0.95,0.64,0.54,0.57
LA000416,TSI Riga,Italy,Latvia,Male,19,C1,67.9,0.9,High,Other,0.33,0,0.1,LanguageMentor,0,Failed Exams,Data Science,2025-11-02T11:58:25Z,0.81,0.65,0.84,0.78,0.77,0.79,0.56,0.8,0.67,0.64,0.6,0.86,0.73,0.77,0.52,0.87,0.73,0.71,0.62,0.68,0.87,0.51,0.6,0.59,0.69,0.81,0.7,0.81,0.87,0.53,0.98,0.58
LA000538,Daugavpils University,Spain,Latvia,Other,25,C2,61.9,0.92,Medium,Other,0.14,1,0.1,LanguageMentor,0,Left Country,Economics,2025-11-02T11:58:25Z,0.72,0.94,0.6,0.62,0.77,0.34,0.7,0.8,0.87,0.6,0.75,0.82,0.75,0.58,0.82,0.83,0.77,0.52,0.78,0.55,0.77,0.68,0.76,0.77,0.8,0.96,0.75,0.57,0.57,0.85,0.79,0.9
LA000244,Daugavpils University,Nigeria,Latvia,Prefer not to say,29,C2,69.1,0.97,High,Other,0.42,0,0.7,None,1,Ongoing,English Philology,2025-11-02T11:58:25Z,0.72,0.67,0.57,0.69,0.85,0.65,0.88,0.45,0.61,0.87,0.76,0.61,0.83,0.83,0.64,0.69,0.95,0.72,0.78,0.81,0.55,0.64,1.0,0.79,0.59,0.65,0.79,0.9,0.85,0.67,0.5,0.77
SL000248,Comenius University Bratislava,Sri Lanka,Slovakia,Other,27,B1,78.1,0.92,High,Single,0.32,0,0.6,BuddyProgram,1,Ongoing,Engineering,2025-11-02T11:58:26Z,0.74,0.67,0.73,0.69,0.74,0.86,0.65,0.81,0.64,0.57,0.87,0.66,0.63,1.0,0.62,0.48,0.93,0.76,0.92,0.76,0.78,0.61,0.91,0.85,0.67,0.83,0.84,0.68,0.75,0.73,0.72,0.66
IT000067,University of Messina,Latvia,Italy,Female,21,A2,71.2,0.91,Medium,Married,0.3,0,0.1,Counseling,1,Completed,Data Science,2025-11-02T11:58:25Z,0.84,0.78,0.72,0.64,0.72,0.74,0.56,0.87,0.8,0.88,0.81,0.64,0.89,0.63,0.79,0.82,0.64,0.72,0.62,0.72,0.55,0.65,0.94,0.67,0.74,0.62,0.57,0.69,0.93,0.77,0.73,0.75
IT000053,Politecnico di Torino,Slovakia,Italy,Prefer not to say,27,C2,61.2,0.97,Medium,Single,0.32,0,0.1,LanguageMentor,1,Completed,Psychology,2025-11-02T11:58:25Z,0.54,0.68,0.85,0.75,0.8,0.79,0.6,0.58,0.53,0.93,0.79,0.61,0.66,0.65,0.78,0.77,0.62,0.81,1.0,0.92,0.87,0.77,0.85,0.88,0.74,0.62,0.6,1.0,0.84,0.67,0.7,0.69
SL000113,Slovak Tech,Vietnam,Slovakia,Female,31,C2,99.0,0.94,Medium,Single,0.39,0,0.6,None,1,Completed,Business,2025-11-02T11:58:26Z,0.98,0.58,0.68,0.71,0.85,0.77,0.72,0.66,0.77,0.66,0.72,0.79,0.42,0.84,0.97,0.86,0.78,0.71,0.6,0.61,0.62,0.7,0.72,0.73,0.65,0.57,0.83,0.74,0.73,0.77,0.63,0.73
IT000175,University of Messina,Italy,Italy,Male,23,B2,72.6,0.93,Low,Single,0.49,0,0.1,Tutoring,1,Completed,Logistics,2025-11-02T11:58:25Z,0.62,0.81,0.89,0.56,0.43,0.65,0.54,0.81,0.63,0.87,1.0,1.0,0.41,0.59,0.78,0.77,0.71,1.0,0.64,0.67,0.83,0.61,0.84,0.82,0.5,0.75,0.66,0.77,0.68,0.67,0.78,0.5
IT000549,Politecnico di Torino,Vietnam,Italy,Prefer not to say,21,C2,74.4,0.91,Low,Married,0.21,1,0.6,Tutoring,0,Left Country,Economics,2025-11-02T11:58:25Z,0.71,0.64,0.62,0.56,0.86,0.82,0.61,0.74,0.66,0.56,0.82,0.91,0.9,0.6,0.69,0.64,0.72,0.86,0.74,0.75,0.86,0.77,0.96,0.8,0.84,0.8,0.7,0.87,0.77,1.0,0.68,0.39
SL000186,Comenius University Bratislava,Spain,Slovakia,Prefer not to say,21,C1,75.2,0.97,High,Married,0.2,1,0.1,Tutoring,0,Dropped Out,Economics,2025-11-02T11:58:26Z,0.6,0.67,0.51,0.95,0.96,0.71,0.6,0.67,0.68,0.66,0.53,0.78,0.72,0.86,0.76,0.45,0.55,0.61,1.0,0.9,0.43,0.6,0.69,0.62,0.45,0.82,0.52,0.96,0.76,0.87,0.65,0.5
SL000466,Comenius University Bratislava,Latvia,Slovakia,Prefer not to say,22,C2,72.2,0.9,High,Single,0.19,0,0.1,Counseling,0,Transferred,Economics,2025-11-02T11:58:26Z,0.84,0.81,0.78,0.88,0.62,0.93,0.8,0.75,0.81,0.84,0.89,0.74,0.75,0.57,0.66,0.8,0.68,0.89,0.77,0.79,0.75,0.57,0.62,0.8,0.85,0.72,0.82,0.76,0.81,0.87,0.86,0.55
LA000049,Daugavpils University,USA,Latvia,Male,18,B1,76.0,0.98,Low,Single,0.17,1,0.3,None,0,Dropped Out,Economics,2025-11-02T11:58:25Z,0.68,0.85,0.74,0.68,0.75,0.68,0.59,0.79,0.65,0.59,0.55,0.65,0.64,0.68,0.72,0.69,0.63,0.43,0.57,0.72,0.84,0.54,0.53,0.77,0.73,0.82,0.5,0.78,0.53,0.73,0.78,0.55
LA000155,TSI Riga,Latvia,Latvia,Prefer not to say,19,A2,66.5,0.74,High,Married,0.25,0,0.1,Counseling,1,Completed,Psychology,2025-11-02T11:58:25Z,0.84,0.63,0.56,0.64,0.9,0.84,0.66,0.73,0.76,0.75,0.69,0.57,0.92,0.9,0.51,0.72,0.59,0.67,0.62,0.66,0.67,0.65,0.72,0.76,0.79,0.85,0.85,0.72,0.67,0.66,0.85,0.47
LA000116,Daugavpils University,USA,Latvia,Prefer not to say,23,A2,76.6,0.93,High,Single,0.09,0,0.3,None,1,Completed,Engineering,2025-11-02T11:58:25Z,1.0,0.6,0.78,0.62,1.0,0.84,0.87,0.47,0.52,0.55,0.97,0.68,0.8,0.75,0.6,0.82,0.79,0.67,0.78,0.64,0.94,0.68,0.52,0.8,0.87,0.67,1.0,0.66,0.63,0.4,0.7,0.56
SL000099,Comenius University Bratislava,Brazil,Slovakia,Female,19,A2,61.7,0.79,High,Other,0.13,0,0.5,None,1,Completed,Data Science,2025-11-02T11:58:26Z,0.57,0.84,0.97,0.82,0.52,0.7,0.68,0.71,0.66,0.42,0.72,0.64,0.69,0.95,0.94,0.73,0.77,0.91,0.65,0.85,0.78,0.55,0.59,1.0,0.72,0.64,0.63,0.89,0.51,0.72,0.87,0.83
SL000402,Comenius University Bratislava,Ukraine,Slovakia,Male,23,A2,72.3,0.8,Low,Married,0.37,1,0.1,None,0,Dropped Out,Economics,2025-11-02T11:58:26Z,0.67,0.69,0.81,0.8,0.7,0.82,0.75,0.79,0.6,0.73,0.87,0.75,0.56,0.99,0.62,0.95,0.76,0.59,0.8,0.85,0.8,0.52,0.85,0.73,0.67,0.71,0.87,0.8,0.7,0.6,0.73,0.95
LA000254,TSI Riga,USA,Latvia,Prefer not to say,22,C1,76.9,0.83,Medium,Single,0.2,0,0.3,Tutoring,1,Completed,Computer Science,2025-11-02T11:58:25Z,0.68,0.83,0.98,0.67,0.5,0.73,0.42,0.74,0.69,0.65,0.75,0.66,0.7,0.86,0.61,0.52,0.73,0.5,0.74,0.58,0.66,0.44,0.82,0.68,0.79,0.86,0.57,0.6,0.75,0.78,0.67,0.82
LA000249,TSI Riga,Latvia,Latvia,Prefer not to say,24,A2,76.1,1.0,Medium,Married,0.23,0,0.1,Tutoring,1,Completed,Economics,2025-11-02T11:58:25Z,0.84,1.0,0.96,0.39,0.6,0.71,0.89,0.78,0.65,1.0,0.74,0.65,0.74,0.45,0.49,0.77,0.55,0.84,0.82,0.82,0.91,0.83,0.69,0.48,0.94,0.63,0.64,0.64,0.73,0.71,0.72,0.72
IT000002,Politecnico di Torino,Pakistan,Italy,Female,24,A2,64.1,0.95,Medium,Other,0.2,1,0.6,None,0,Left Country,Business,2025-11-02T11:58:25Z,0.59,0.81,0.65,0.71,0.72,0.68,0.95,0.78,0.73,0.86,0.79,0.72,0.83,0.85,0.71,0.92,0.57,0.69,0.7,0.62,0.62,0.48,0.64,0.63,0.63,0.75,0.74,0.63,0.71,0.78,0.54,0.62
IT000538,University of Messina,Sri Lanka,Italy,Female,24,C1,68.9,0.89,Medium,Single,0.16,1,0.6,LanguageMentor,0,Dropped Out,English Philology,2025-11-02T11:58:25Z,0.89,0.71,0.75,0.58,0.68,0.71,0.84,0.91,0.82,0.73,0.94,0.84,0.87,1.0,0.61,0.55,0.71,0.7,0.7,0.74,0.69,1.0,0.65,0.77,0.57,0.7,0.77,0.8,0.89,0.62,0.67,0.94
SL000286,Comenius University Bratislava,USA,Slovakia,Prefer not to say,25,C2,72.4,0.91,Medium,Other,0.32,0,0.3,Tutoring,1,Completed,Computer Science,2025-11-02T11:58:26Z,0.46,0.87,0.78,0.69,0.81,0.65,0.54,0.83,0.71,0.63,0.59,0.81,0.71,0.65,0.73,0.64,0.72,0.91,0.84,0.83,1.0,0.81,0.88,0.67,0.84,0.69,0.85,0.74,0.94,0.81,0.56,0.64
LA000384,Daugavpils University,Nigeria,Latvia,Other,24,B1,80.2,0.8,Low,Other,0.04,1,0.7,LanguageMentor,0,Dropped Out,English Philology,2025-11-02T11:58:25Z,0.64,0.64,0.7,0.7,0.81,0.41,0.84,0.66,0.96,0.64,0.73,0.79,0.83,0.73,0.77,0.78,0.81,0.7,0.68,0.34,0.87,0.86,0.72,0.87,0.65,0.82,0.88,0.9,0.69,0.64,0.97,0.74
LA000159,TSI Riga,Italy,Latvia,Other,19,A2,56.2,0.89,Medium,Other,0.33,0,0.1,Tutoring,1,Completed,Business,2025-11-02T11:58:25Z,0.83,0.58,0.89,0.57,0.65,0.94,0.74,0.65,0.98,0.76,0.92,0.69,0.52,0.62,0.71,0.75,0.81,0.7,0.85,0.41,0.79,0.82,0.74,0.65,0.89,0.79,0.66,0.87,0.54,0.72,0.74,0.85
IT000024,Politecnico di Torino,Nigeria,Italy,Female,25,B1,69.1,0.82,Low,Single,0.43,1,0.7,Tutoring,0,Dropped Out,Psychology,2025-11-02T11:58:25Z,0.92,0.96,0.93,0.61,1.0,0.73,0.95,0.32,0.64,0.86,0.67,0.58,0.63,0.68,0.68,0.83,0.78,0.57,1.0,0.74,0.98,0.56,0.64,0.79,0.7,0.79,0.76,0.92,0.83,0.57,0.76,0.38
IT000437,Politecnico di Torino,Latvia,Italy,Other,25,B1,45.5,1.0,Low,Married,0.2,0,0.1,Tutoring,1,Completed,Business,2025-11-02T11:58:25Z,0.64,0.79,0.71,0.43,0.61,0.55,0.67,0.39,0.7,0.78,0.89,0.7,0.96,0.47,0.8,0.77,0.7,0.78,0.9,0.99,0.81,0.6,0.75,0.86,0.55,0.64,0.7,0.76,0.72,0.85,0.78,0.87
LA000167,TSI Riga,India,Latvia,Other,18,C1,80.4,0.67,Low,Single,0.16,1,0.6,LanguageMentor,0,Dropped Out,Computer Science,2025-11-02T11:58:25Z,0.76,1.0,0.76,0.8,0.53,0.67,1.0,0.58,0.69,0.82,0.78,0.67,0.68,0.7,0.65,0.78,1.0,0.72,0.87,0.81,0.81,0.56,0.62,0.46,0.84,0.58,0.78,0.52,0.76,0.71,0.84,0.75
IT000198,University of Messina,Brazil,Italy,Male,22,A2,57.8,0.86,High,Married,0.39,1,0.5,Tutoring,0,Dropped Out,Psychology,2025-11-02T11:58:25Z,0.79,0.98,0.75,0.73,0.66,0.73,0.58,0.67,0.89,0.79,0.79,0.75,0.74,0.71,1.0,0.61,0.51,0.76,0.55,0.97,0.98,0.48,0.75,0.87,0.75,0.66,0.84,0.62,1.0,0.97,0.62,0.77
IT000449,University of Messina,Italy,Italy,Male,23,C1,83.4,0.8,High,Other,0.17,0,0.1,None,1,Completed,Data Science,2025-11-02T11:58:25Z,0.87,0.51,0.71,0.74,0.67,0.77,0.89,0.78,0.87,0.76,0.78,0.74,0.84,0.85,0.49,0.71,0.63,0.76,0.72,0.66,0.8,0.56,0.94,0.87,0.76,0.86,0.79,0.76,0.89,0.47,0.53,0.79
IT000135,University of Messina,USA,Italy,Prefer not to say,25,C1,81.6,0.79,Medium,Single,0.31,0,0.3,None,1,Completed,Psychology,2025-11-02T11:58:25Z,0.82,0.71,0.49,0.77,0.76,0.68,0.91,0.6,0.75,0.87,0.74,0.68,0.8,0.89,0.6,0.78,0.78,0.66,0.82,0.59,0.77,0.44,0.65,0.52,0.69,0.77,0.97,0.97,0.72,0.9,0.64,0.53
SL000453,Comenius University Bratislava,Ukraine,Slovakia,Female,25,C1,68.4,0.89,Low,Married,0.11,0,0.1,Tutoring,1,Completed,Computer Science,2025-11-02T11:58:26Z,0.6,0.89,0.88,0.84,0.73,0.5,0.61,0.77,0.7,0.81,0.87,0.59,0.76,0.85,0.7,0.9,0.85,0.57,0.64,0.78,0.66,0.71,0.77,0.57,0.47,0.79,1.0,0.65,0.92,0.76,0.64,0.64
IT000505,University of Messina,Vietnam,Italy,Male,23,C1,67.0,0.82,Medium,Other,0.18,0,0.6,Tutoring,1,Ongoing,Data Science,2025-11-02T11:58:25Z,0.98,0.73,0.85,0.75,0.74,0.86,0.55,0.62,0.68,0.71,0.72,0.71,0.7,0.85,0.83,0.88,0.6,0.79,0.61,1.0,0.65,0.64,0.63,0.8,0.86,0.81,0.97,0.59,0.86,0.63,0.77,0.81
LA000157,Daugavpils University,Latvia,Latvia,Male,28,C1,81.0,0.92,Low,Other,0.24,0,0.1,Counseling,1,Ongoing,Business,2025-11-02T11:58:25Z,0.56,0.74,0.72,0.58,0.53,0.83,0.68,0.51,0.76,0.71,0.7,0.58,0.77,0.91,0.47,0.82,0.44,0.72,0.78,0.67,0.46,0.72,0.53,0.74,0.82,0.6,0.68,0.35,0.65,1.0,0.8,0.74
IT000313,University of Messina,Bangladesh,Italy,Other,21,C1,69.8,0.88,Medium,Single,0.2,0,0.6,None,0,Transferred,Logistics,2025-11-02T11:58:25Z,0.75,0.61,0.74,0.76,0.6,0.84,0.99,0.69,0.76,0.73,0.92,0.72,0.86,0.66,0.56,0.53,1.0,0.76,0.79,0.81,0.77,0.65,0.68,0.62,0.71,0.72,0.82,0.67,0.84,0.69,0.88,0.72
SL000008,Comenius University Bratislava,India,Slovakia,Prefer not to say,25,C1,73.9,0.75,Low,Other,0.41,0,0.6,BuddyProgram,1,Completed,Computer Science,2025-11-02T11:58:25Z,0.63,0.79,0.99,0.58,0.85,0.54,0.72,0.81,0.89,0.66,0.74,1.0,0.7,0.82,0.61,0.52,0.71,0.87,0.71,0.67,0.58,0.75,0.95,0.88,0.64,0.81,0.67,0.89,0.73,0.61,0.87,0.86
IT000223,University of Messina,Nigeria,Italy,Male,28,B1,74.1,0.88,Low,Married,0.12,0,0.7,None,1,Completed,Computer Science,2025-11-02T11:58:25Z,0.84,0.94,0.81,0.9,0.72,0.64,0.87,0.91,0.73,1.0,0.63,0.54,0.85,0.86,0.92,0.73,1.0,0.54,0.98,0.7,0.45,0.76,0.85,0.78,0.42,0.6,0.78,0.81,0.57,0.5,0.88,0.71
LA000577,TSI Riga,USA,Latvia,Male,21,C1,66.4,0.96,Low,Single,0.42,0,0.3,LanguageMentor,1,Completed,English Philology,2025-11-02T11:58:25Z,0.81,0.75,0.86,0.74,0.72,0.91,0.61,0.57,0.72,0.87,0.71,0.64,0.85,0.82,0.75,0.7,0.67,0.64,0.89,0.48,0.81,1.0,0.75,0.88,0.92,0.57,0.75,0.95,0.69,0.74,0.76,0.33
IT000026,University of Messina,Ukraine,Italy,Male,23,B2,62.5,0.93,High,Other,0.17,0,0.1,None,1,Completed,Engineering,2025-11-02T11:58:25Z,0.25,0.49,0.85,0.84,0.98,0.93,0.75,0.66,0.62,0.72,0.98,0.77,0.72,0.61,0.71,0.79,0.92,0.57,0.81,0.85,0.97,0.85,0.61,0.84,0.57,0.67,0.97,0.87,0.75,0.59,0.73,0.7
SL000022,Slovak Tech,Bangladesh,Slovakia,Prefer not to say,24,A2,76.9,1.0,Medium,Other,0.3,0,0.6,None,1,Completed,Logistics,2025-11-02T11:58:25Z,0.53,0.61,0.6,0.71,0.81,0.34,0.79,0.79,0.59,0.75,0.93,0.87,0.75,0.56,0.83,0.96,0.68,0.64,0.66,0.65,0.82,0.58,0.66,0.67,0.61,0.72,0.77,0.82,0.91,0.82,0.84,0.68
LA000222,TSI Riga,Nigeria,Latvia,Male,23,C1,67.1,0.87,High,Married,0.07,0,0.7,BuddyProgram,1,Completed,Engineering,2025-11-02T11:58:25Z,0.75,0.83,0.68,0.56,0.53,0.61,0.88,0.63,0.92,0.74,0.61,0.75,0.81,0.96,0.57,0.94,0.59,0.61,0.94,0.84,0.72,0.72,0.75,0.75,0.81,0.91,0.64,0.79,0.54,0.8,0.68,0.62
IT000117,University of Messina,Ukraine,Italy,Male,24,C1,63.0,0.9,High,Single,0.08,0,0.1,BuddyProgram,1,Completed,Psychology,2025-11-02T11:58:25Z,0.73,0.66,0.74,0.64,0.66,0.5,0.65,0.31,0.99,0.54,0.68,0.35,0.72,0.75,0.72,0.63,0.81,0.64,0.75,0.63,0.71,0.73,0.91,0.76,0.79,0.69,0.82,0.72,0.63,0.39,0.75,0.62
IT000154,Politecnico di Torino,India,Italy,Female,25,A2,82.0,0.88,Medium,Other,0.39,0,0.6,BuddyProgram,0,Failed Exams,English Philology,2025-11-02T11:58:25Z,0.86,0.73,0.57,1.0,0.7,0.75,0.71,0.83,0.87,0.83,0.7,0.8,0.81,0.82,0.64,1.0,0.83,0.71,0.69,0.84,0.68,0.83,0.89,0.65,0.65,0.68,0.73,0.74,0.78,0.91,0.51,0.63
SL000405,Comenius University Bratislava,USA,Slovakia,Female,21,C2,71.1,0.74,Low,Single,0.25,0,0.3,BuddyProgram,1,Ongoing,Psychology,2025-11-02T11:58:26Z,0.8,0.64,0.55,0.72,0.68,0.81,1.0,0.81,0.91,0.85,0.79,0.81,0.41,0.95,0.54,0.78,0.85,0.7,0.74,0.75,0.6,0.69,0.84,0.81,0.7,0.67,0.9,0.78,0.75,0.92,0.72,0.77
SL000485,Slovak Tech,Sri Lanka,Slovakia,Other,26,A2,92.3,0.81,Medium,Other,0.18,0,0.6,None,0,Failed Exams,Computer Science,2025-11-02T11:58:26Z,0.68,0.86,1.0,0.46,0.89,0.53,0.68,0.61,0.55,0.89,0.66,0.64,0.66,0.63,0.49,0.73,1.0,0.74,0.99,0.83,0.52,0.81,0.91,0.83,0.74,0.63,0.78,0.63,0.33,0.57,0.76,0.55
LA000351,TSI Riga,Ukraine,Latvia,Other,22,C1,57.4,0.89,High,Married,0.46,1,0.1,LanguageMentor,0,Left Country,Engineering,2025-11-02T11:58:25Z,0.67,0.82,0.75,0.93,0.9,0.8,0.66,0.91,0.68,1.0,0.69,0.67,0.88,0.88,0.92,0.42,0.52,0.89,0.64,0.87,0.81,0.92,0.83,0.68,0.66,0.71,0.77,0.97,0.93,0.7,0.65,0.9
LA000353,TSI Riga,Ukraine,Latvia,Other,26,B1,70.6,0.95,Medium,Other,0.04,0,0.1,None,1,Completed,Computer Science,2025-11-02T11:58:25Z,0.76,0.64,0.73,0.71,0.65,0.69,0.71,0.57,0.76,0.56,0.71,0.6,0.62,0.85,0.75,0.79,0.75,0.67,0.76,0.61,0.85,0.74,0.63,0.68,0.96,0.96,0.75,0.85,0.77,0.64,0.68,0.66
IT000340,University of Messina,Latvia,Italy,Male,28,B2,85.5,0.79,Medium,Other,0.53,0,0.1,LanguageMentor,1,Completed,Psychology,2025-11-02T11:58:25Z,0.7,0.67,0.66,0.76,0.54,0.8,0.91,0.73,0.57,0.66,0.59,0.62,0.86,0.74,0.9,0.74,0.73,0.68,0.67,0.74,0.77,0.55,0.61,0.52,1.0,0.9,0.96,0.81,0.76,0.84,0.65,0.7
SL000305,Comenius University Bratislava,USA,Slovakia,Female,24,B1,74.3,0.96,Low,Other,0.21,1,0.3,None,0,Dropped Out,Data Science,2025-11-02T11:58:26Z,0.8,0.57,0.72,0.67,0.69,0.78,0.6,0.8,0.9,0.67,0.86,0.89,0.75,0.92,0.82,0.71,0.58,0.55,0.83,0.6,0.59,0.69,0.72,0.82,0.65,0.5,0.8,0.73,0.83,0.74,0.59,0.64
SL000078,Comenius University Bratislava,Italy,Slovakia,Male,20,B1,72.3,0.89,Low,Married,0.05,0,0.1,LanguageMentor,0,Failed Exams,Computer Science,2025-11-02T11:58:26Z,0.84,0.7,0.79,0.75,0.71,0.79,0.67,0.64,0.84,0.57,0.5,0.69,0.94,0.67,0.71,0.96,0.65,0.41,0.65,0.84,0.75,0.38,1.0,0.65,0.63,0.72,0.87,0.87,0.71,0.57,0.71,0.75
SL000397,Slovak Tech,Slovakia,Slovakia,Male,20,B2,75.4,0.9,Medium,Married,0.33,0,0.1,Tutoring,1,Ongoing,Data Science,2025-11-02T11:58:26Z,0.9,0.82,0.79,0.76,0.84,0.69,0.59,0.79,0.57,0.8,0.72,0.72,0.56,0.5,0.61,0.89,0.75,0.82,0.75,0.93,0.47,0.58,0.7,0.44,0.79,0.71,0.62,0.75,0.6,0.75,0.92,0.84
IT000216,Politecnico di Torino,Bangladesh,Italy,Other,28,C1,62.8,0.86,High,Married,0.45,0,0.6,LanguageMentor,1,Completed,Business,2025-11-02T11:58:25Z,0.56,0.52,0.84,0.86,0.74,0.89,0.82,0.62,0.67,0.56,0.87,0.82,0.77,0.72,0.76,0.58,0.73,0.46,0.85,0.86,0.94,0.74,0.72,1.0,0.81,0.64,0.78,0.59,0.89,0.78,0.52,0.64
IT000307,Politecnico di Torino,Sri Lanka,Italy,Other,19,A2,74.4,0.81,High,Other,0.54,1,0.6,None,0,Dropped Out,Psychology,2025-11-02T11:58:25Z,0.62,0.63,0.68,0.54,0.65,0.48,0.62,0.87,0.59,0.53,0.89,0.67,0.68,0.67,0.84,0.95,0.82,0.9,0.85,0.65,0.77,0.55,0.68,0.72,0.84,0.52,0.67,0.63,0.61,0.9,0.71,0.68
SL000072,Slovak Tech,Nigeria,Slovakia,Other,21,B2,63.5,0.86,Low,Single,0.19,0,0.7,Tutoring,1,Completed,Data Science,2025-11-02T11:58:26Z,0.71,0.71,0.76,0.52,0.9,0.81,0.7,0.77,0.78,1.0,0.54,0.65,0.77,0.58,0.75,0.74,0.73,1.0,0.64,0.53,0.7,0.97,0.68,0.98,0.56,0.7,0.67,0.55,0.76,0.58,0.77,0.77
IT000305,Politecnico di Torino,Italy,Italy,Female,22,A2,88.7,0.86,High,Single,0.25,1,0.1,BuddyProgram,0,Dropped Out,English Philology,2025-11-02T11:58:25Z,0.93,0.77,0.6,0.61,0.67,0.71,0.94,0.73,0.65,0.56,0.66,0.68,0.75,0.98,0.94,0.71,0.7,0.6,0.78,0.8,0.54,0.84,0.56,0.77,0.74,0.73,0.66,0.45,0.83,0.98,0.75,0.73
LA000435,Daugavpils University,Spain,Latvia,Other,23,C1,80.0,0.87,Low,Other,0.66,0,0.1,Counseling,1,Completed,Psychology,2025-11-02T11:58:25Z,0.45,0.57,0.86,0.68,0.56,0.64,0.84,0.35,0.71,0.93,0.65,0.58,0.82,0.83,0.74,0.5,0.57,0.69,0.5,0.44,0.4,0.57,0.53,0.47,0.78,0.52,0.88,0.55,0.71,0.67,0.85,0.61
IT000257,Politecnico di Torino,Slovakia,Italy,Female,23,A2,64.0,0.84,Medium,Other,0.59,1,0.1,LanguageMentor,0,Dropped Out,Computer Science,2025-11-02T11:58:25Z,0.92,0.73,0.6,0.73,0.62,0.66,0.86,0.72,0.86,0.69,0.82,0.77,0.76,0.74,0.71,0.63,0.71,0.66,1.0,0.7,0.53,0.65,0.56,0.62,0.71,0.78,0.64,0.66,0.54,0.86,0.98,0.81
IT000227,Politecnico di Torino,Vietnam,Italy,Other,32,C2,74.0,0.95,Low,Married,0.61,0,0.6,None,0,Transferred,Engineering,2025-11-02T11:58:25Z,0.71,0.8,0.63,0.71,0.67,0.57,0.78,0.87,0.65,0.86,0.66,0.81,0.62,0.52,0.47,0.62,0.73,0.68,0.83,0.58,0.36,0.49,0.52,0.43,0.69,0.79,0.7,0.73,0.72,0.52,0.63,0.79
IT000179,University of Messina,Vietnam,Italy,Male,28,C2,76.7,0.98,Low,Married,0.42,0,0.6,None,0,Failed Exams,Data Science,2025-11-02T11:58:25Z,0.68,0.75,0.85,0.71,0.77,0.77,0.59,0.81,0.81,0.54,0.71,0.63,0.87,0.6,0.57,0.9,0.79,0.77,1.0,0.81,0.73,0.53,0.5,0.72,0.82,0.63,0.71,0.91,0.73,0.73,0.44,0.58
SL000105,Comenius University Bratislava,USA,Slovakia,Other,26,B2,77.1,0.79,Low,Single,0.48,1,0.3,Tutoring,0,Dropped Out,Engineering,2025-11-02T11:58:26Z,0.61,0.68,0.63,0.59,1.0,0.82,0.87,0.7,0.62,0.65,0.69,0.71,0.54,0.98,0.74,0.59,0.82,0.65,0.95,0.86,0.59,0.66,0.58,0.38,0.74,0.66,0.56,0.52,0.81,0.89,0.87,0.64
LA000455,Daugavpils University,USA,Latvia,Prefer not to say,27,C1,72.5,0.82,Medium,Married,0.26,1,0.3,LanguageMentor,0,Dropped Out,English Philology,2025-11-02T11:58:25Z,0.58,0.62,0.72,0.73,0.62,0.87,0.63,0.68,0.72,0.72,0.61,0.69,0.66,0.65,0.79,0.97,0.52,0.86,0.79,0.93,0.79,0.76,0.68,0.77,0.55,0.61,0.7,0.94,0.81,0.56,0.73,0.83
LA000425,Daugavpils University,Slovakia,Latvia,Female,21,C1,69.4,0.83,Medium,Other,0.44,0,0.1,None,1,Ongoing,Logistics,2025-11-02T11:58:25Z,0.37,0.59,0.56,0.78,0.87,0.59,0.79,0.75,0.84,0.53,0.76,0.85,0.64,0.86,0.72,0.52,0.8,0.68,0.61,0.74,0.79,0.62,0.75,0.83,0.82,0.87,0.76,0.79,0.66,0.7,0.7,0.8
IT000256,Politecnico di Torino,Sri Lanka,Italy,Female,24,C2,75.2,0.89,Medium,Single,0.29,0,0.6,LanguageMentor,1,Ongoing,Logistics,2025-11-02T11:58:25Z,0.7,0.65,0.53,0.58,0.72,0.54,0.82,0.82,0.83,0.65,0.73,0.78,0.97,0.81,0.46,0.53,0.62,0.85,0.67,0.85,1.0,0.96,0.54,0.57,0.59,0.81,0.75,0.66,0.69,0.73,1.0,0.92
SL000367,Slovak Tech,Pakistan,Slovakia,Prefer not to say,26,A2,61.9,0.85,Low,Married,0.57,1,0.6,Tutoring,0,Left Country,Psychology,2025-11-02T11:58:26Z,0.82,0.43,0.79,0.56,0.79,0.46,0.82,0.75,0.8,1.0,0.61,0.75,0.79,0.78,0.81,0.74,0.85,0.74,0.6,0.74,0.8,0.82,0.86,0.52,0.67,0.65,0.65,0.67,0.62,0.81,0.78,0.79
IT000331,University of Messina,Sri Lanka,Italy,Other,26,A2,61.7,0.9,High,Single,0.2,1,0.6,None,0,Dropped Out,Psychology,2025-11-02T11:58:25Z,0.64,0.87,0.76,0.76,0.84,0.7,0.77,0.71,0.78,1.0,0.74,0.78,0.57,0.8,0.97,0.58,0.5,0.71,0.6,0.63,1.0,0.62,0.87,0.47,0.83,0.88,0.71,0.64,0.75,0.75,0.36,0.89
SL000150,Slovak Tech,Vietnam,Slovakia,Male,25,C1,68.3,0.93,Low,Single,0.13,0,0.6,LanguageMentor,1,Completed,Business,2025-11-02T11:58:26Z,0.76,0.92,0.61,0.72,0.79,0.91,0.75,0.95,0.49,0.87,0.75,0.76,0.84,0.97,0.79,0.57,0.85,0.65,0.52,0.71,0.84,0.62,0.81,0.87,0.62,0.67,0.91,0.59,0.6,0.68,0.63,0.71
LA000197,Daugavpils University,Italy,Latvia,Female,26,B1,68.8,0.84,High,Married,0.26,0,0.1,BuddyProgram,1,Completed,Computer Science,2025-11-02T11:58:25Z,0.8,0.82,0.66,0.91,1.0,0.62,0.46,0.95,0.78,0.58,0.63,0.8,0.88,0.81,0.84,0.73,0.68,0.61,0.92,0.72,0.65,0.72,0.83,0.71,0.64,0.71,0.86,0.48,0.45,0.78,0.52,0.78
SL000410,Slovak Tech,Slovakia,Slovakia,Prefer not to say,25,B1,66.0,0.96,High,Single,0.63,0,0.1,None,1,Completed,Business,2025-11-02T11:58:26Z,0.47,0.66,0.59,0.59,0.89,0.64,0.71,0.58,0.84,0.57,0.61,0.51,0.47,0.62,0.8,0.51,0.56,0.52,0.55,0.29,0.64,0.47,0.42,0.48,0.58,0.67,0.87,0.79,0.59,0.64,0.82,0.99
IT000330,University of Messina,Slovakia,Italy,Other,29,C1,92.9,1.0,Low,Married,0.59,0,0.1,BuddyProgram,1,Ongoing,Economics,2025-11-02T11:58:25Z,0.51,0.55,0.79,0.82,0.85,0.63,0.85,0.75,0.76,0.96,0.78,0.7,0.81,0.79,0.85,0.83,0.83,0.69,0.71,0.78,0.58,0.84,0.79,0.7,0.76,0.78,0.71,1.0,0.86,0.78,0.56,0.66
LA000011,Daugavpils University,Sri Lanka,Latvia,Other,25,C2,62.1,1.0,Medium,Single,0.29,0,0.6,LanguageMentor,1,Completed,Engineering,2025-11-02T11:58:25Z,0.69,0.6,0.76,0.68,0.82,0.85,0.53,0.84,0.88,0.59,0.87,0.72,0.71,0.79,0.76,0.53,0.63,0.69,0.8,0.87,0.69,0.75,0.68,0.58,0.61,0.63,0.93,0.78,0.82,0.94,0.85,0.81
LA000339,TSI Riga,Brazil,Latvia,Male,22,B2,79.8,0.85,Medium,Other,0.48,0,0.5,LanguageMentor,1,Completed,Engineering,2025-11-02T11:58:25Z,0.47,0.83,0.73,0.81,0.57,0.77,0.6,0.62,0.75,0.81,0.92,0.5,0.72,0.83,1.0,0.67,0.56,0.74,0.83,0.91,0.64,0.87,0.61,0.63,0.64,0.95,0.61,0.82,0.8,0.9,0.94,0.66
SL000152,Comenius University Bratislava,India,Slovakia,Male,28,C2,66.6,0.88,Medium,Single,0.23,0,0.6,LanguageMentor,1,Completed,Psychology,2025-11-02T11:58:26Z,0.81,0.85,0.72,0.54,0.75,0.76,0.79,0.73,0.65,0.93,0.56,0.89,0.63,0.82,0.44,0.95,0.86,0.8,0.64,0.92,0.75,0.76,0.67,0.87,0.71,0.61,0.79,0.65,0.7,0.66,0.88,0.55
IT000189,Politecnico di Torino,Brazil,Italy,Other,26,B1,59.6,0.9,Medium,Single,0.33,0,0.5,LanguageMentor,0,Transferred,English Philology,2025-11-02T11:58:25Z,0.68,0.59,0.63,0.94,0.68,0.99,1.0,0.84,0.6,0.71,0.65,0.66,0.72,0.64,0.85,0.67,0.81,0.63,0.8,0.64,0.67,0.68,0.62,0.96,0.88,0.93,0.6,0.61,0.61,0.78,0.6,0.74
LA000042,Daugavpils University,India,Latvia,Prefer not to say,28,C1,58.6,0.95,High,Single,0.12,1,0.6,None,0,Left Country,Engineering,2025-11-02T11:58:25Z,0.48,0.78,0.42,0.95,0.67,0.43,0.57,0.56,0.77,0.74,0.7,0.77,0.71,0.68,0.51,0.63,0.85,0.82,0.7,0.78,0.67,0.73,0.72,0.78,0.7,0.61,0.79,0.94,0.76,0.36,0.42,0.78
LA000550,TSI Riga,India,Latvia,Female,25,C2,75.4,0.92,High,Single,0.38,0,0.6,Tutoring,1,Ongoing,Data Science,2025-11-02T11:58:25Z,0.9,0.92,0.9,0.48,0.89,0.7,0.71,0.78,0.53,0.78,0.92,0.7,0.9,0.58,0.59,0.61,0.33,0.83,0.73,0.69,0.83,0.81,0.78,0.69,0.78,0.91,0.71,0.66,0.56,0.97,0.82,0.53
IT000401,Politecnico di Torino,Sri Lanka,Italy,Prefer not to say,19,B1,55.6,0.83,High,Married,0.28,0,0.6,BuddyProgram,1,Completed,Economics,2025-11-02T11:58:25Z,0.69,0.92,0.59,0.77,0.57,0.64,0.68,0.76,0.63,0.62,0.8,0.77,0.81,0.59,0.66,0.86,0.59,0.83,0.75,0.71,0.82,0.57,0.55,0.6,0.82,0.74,0.8,0.65,0.44,0.6,0.86,0.61
IT000034,Politecnico di Torino,Brazil,Italy,Prefer not to say,21,C2,78.2,0.56,High,Other,0.23,1,0.5,BuddyProgram,0,Dropped Out,Business,2025-11-02T11:58:25Z,0.77,0.69,0.65,0.5,0.59,1.0,0.7,0.91,0.82,0.7,0.78,0.85,0.79,0.99,0.69,0.57,0.72,0.78,0.94,0.58,0.92,0.97,0.62,0.68,0.77,0.76,0.71,0.75,0.56,0.81,0.76,0.77
IT000544,Politecnico di Torino,Slovakia,Italy,Female,23,A2,78.3,0.96,High,Single,0.44,1,0.1,None,0,Left Country,Logistics,2025-11-02T11:58:25Z,1.0,0.81,0.67,0.88,0.64,0.76,0.78,0.91,0.67,0.94,0.71,0.56,0.9,0.68,0.65,0.81,0.61,0.83,0.73,0.74,0.61,0.38,0.52,0.68,0.83,0.72,0.71,0.9,0.6,0.62,0.72,0.62
IT000193,Politecnico di Torino,Brazil,Italy,Prefer not to say,23,B1,86.4,0.97,Medium,Other,0.32,1,0.5,Counseling,0,Left Country,Logistics,2025-11-02T11:58:25Z,0.95,0.99,0.66,0.77,0.79,0.75,0.71,0.65,0.79,0.54,0.76,0.67,0.58,0.57,0.8,0.73,0.93,0.76,0.67,0.69,0.51,0.74,0.89,0.81,0.89,0.85,0.79,0.55,0.71,1.0,0.9,0.24
LA000267,TSI Riga,Spain,Latvia,Prefer not to say,22,B1,87.4,0.9,High,Other,0.63,0,0.1,None,1,Ongoing,Logistics,2025-11-02T11:58:25Z,0.82,0.88,0.81,0.64,0.67,0.75,0.64,0.88,0.62,0.49,0.47,0.62,0.47,0.52,0.62,0.6,0.69,0.42,0.77,0.68,0.48,0.68,0.39,0.41,0.77,0.69,0.75,0.75,0.9,1.0,0.6,0.68
LA000304,Daugavpils University,USA,Latvia,Female,28,C2,76.8,0.83,Medium,Married,0.26,0,0.3,None,0,Failed Exams,English Philology,2025-11-02T11:58:25Z,0.66,0.52,0.55,1.0,0.64,0.7,0.54,0.62,0.61,0.84,0.64,0.7,0.57,0.62,0.81,0.61,0.49,0.82,0.73,0.65,0.75,0.68,0.89,0.69,0.84,0.9,0.69,0.58,0.68,0.88,0.73,0.88
IT000350,Politecnico di Torino,Pakistan,Italy,Male,26,C1,82.2,0.95,Medium,Single,0.49,0,0.6,None,1,Completed,Economics,2025-11-02T11:58:25Z,0.55,0.65,0.89,0.55,0.73,0.67,0.73,0.5,0.91,0.82,0.68,0.56,0.62,0.44,0.5,0.46,0.86,0.58,0.8,0.6,0.74,0.87,0.57,0.8,0.68,0.53,0.69,0.72,0.73,0.72,0.76,0.82
IT000254,Politecnico di Torino,Nigeria,Italy,Other,24,B2,75.3,0.91,Low,Single,0.13,0,0.7,None,1,Completed,Data Science,2025-11-02T11:58:25Z,0.61,0.72,0.79,0.73,0.92,0.77,0.65,0.7,0.8,0.63,0.7,0.58,0.67,0.79,0.71,0.54,0.79,0.59,0.72,0.76,0.78,1.0,0.86,0.73,0.55,0.69,0.69,0.9,0.64,0.88,0.62,0.8
LA000332,TSI Riga,Latvia,Latvia,Prefer not to say,26,C2,82.5,1.0,Medium,Other,0.09,0,0.1,None,1,Completed,Economics,2025-11-02T11:58:25Z,0.58,0.8,0.61,0.73,0.69,0.61,0.6,0.78,0.49,0.82,0.92,0.65,0.85,0.68,0.89,0.61,0.64,0.73,0.93,0.31,0.79,0.6,0.68,0.75,0.78,0.63,0.76,0.68,0.8,0.74,1.0,0.52
SL000057,Slovak Tech,USA,Slovakia,Other,28,B2,63.5,0.87,Medium,Married,0.14,0,0.3,Tutoring,1,Completed,Computer Science,2025-11-02T11:58:25Z,0.57,0.71,0.76,0.77,0.74,0.92,0.94,0.72,0.78,0.69,1.0,0.79,0.78,0.53,0.56,0.66,0.47,0.9,0.55,0.89,0.96,0.72,0.75,1.0,0.54,0.56,0.92,0.58,0.89,0.4,0.76,0.79
LA000017,TSI Riga,Ukraine,Latvia,Male,28,A2,62.5,0.97,Medium,Other,0.22,0,0.1,Tutoring,1,Completed,Economics,2025-11-02T11:58:25Z,0.71,0.69,0.75,0.85,0.65,0.56,0.76,0.64,0.82,0.87,0.7,0.53,0.64,0.87,0.81,0.75,0.67,0.39,0.87,0.82,0.79,0.72,0.88,0.78,0.83,0.66,0.96,0.77,0.71,0.84,0.56,0.87
SL000240,Comenius University Bratislava,Bangladesh,Slovakia,Male,33,C1,68.5,0.93,Medium,Other,0.38,0,0.6,BuddyProgram,1,Ongoing,Engineering,2025-11-02T11:58:26Z,0.66,0.76,0.78,0.68,0.47,0.77,0.57,0.69,0.73,0.62,0.8,0.75,0.84,0.91,0.84,0.99,0.77,0.8,0.84,0.78,0.9,0.73,0.81,0.93,0.9,0.67,0.74,0.9,0.71,1.0,0.64,0.85
SL000325,Comenius University Bratislava,USA,Slovakia,Prefer not to say,24,C1,63.3,0.91,Medium,Single,0.58,0,0.3,LanguageMentor,1,Completed,Economics,2025-11-02T11:58:26Z,0.72,0.91,0.68,0.79,0.84,0.76,0.72,0.64,0.69,0.8,0.79,0.52,0.63,0.85,0.8,0.65,0.83,0.83,0.52,0.84,0.67,0.6,0.65,0.66,0.6,0.7,0.87,0.56,0.65,0.65,1.0,0.85
LA000071,Daugavpils University,Ukraine,Latvia,Other,31,B1,69.1,0.9,High,Single,0.08,0,0.1,BuddyProgram,1,Completed,Logistics,2025-11-02T11:58:25Z,0.94,0.69,0.72,0.85,0.73,0.56,0.83,0.86,0.84,0.82,0.92,0.56,0.81,0.77,0.66,0.69,0.79,0.71,0.79,0.94,1.0,0.73,0.7,0.6,0.57,0.83,0.83,0.68,0.83,0.67,0.88,0.89
SL000112,Comenius University Bratislava,Italy,Slovakia,Prefer not to say,24,A2,70.3,0.94,High,Married,0.34,1,0.1,Counseling,0,Dropped Out,English Philology,2025-11-02T11:58:26Z,0.69,0.78,0.57,0.88,0.67,0.6,0.51,0.79,0.68,0.74,0.62,0.77,0.85,0.78,0.65,0.94,0.55,0.55,0.71,0.76,0.72,0.63,0.58,0.61,0.87,0.8,0.66,0.77,0.75,0.67,0.91,0.86
IT000464,Politecnico di Torino,Brazil,Italy,Prefer not to say,21,C2,61.0,0.92,Low,Single,0.36,1,0.5,None,0,Left Country,Computer Science,2025-11-02T11:58:25Z,0.6,0.77,0.8,0.56,0.65,0.85,0.67,0.75,0.58,0.9,0.84,0.69,0.79,0.47,0.96,0.68,0.72,0.6,0.66,0.67,0.57,0.96,0.64,0.6,1.0,0.77,0.49,0.52,0.53,0.75,0.77,0.66
SL000386,Slovak Tech,Spain,Slovakia,Female,29,B2,73.7,0.87,High,Other,0.29,1,0.1,BuddyProgram,0,Dropped Out,Economics,2025-11-02T11:58:26Z,0.6,0.63,0.88,0.67,0.91,0.76,0.86,0.68,0.5,0.68,0.83,0.58,0.69,0.81,0.54,0.73,0.63,0.65,0.89,0.79,0.35,0.77,0.73,0.75,0.63,0.78,0.65,0.72,0.83,0.81,0.64,0.54
IT000441,Politecnico di Torino,USA,Italy,Female,24,C2,67.1,0.83,Medium,Other,0.23,0,0.3,LanguageMentor,1,Ongoing,Logistics,2025-11-02T11:58:25Z,0.63,0.84,0.78,0.68,0.86,0.89,0.71,0.7,0.86,0.8,0.68,0.75,0.66,1.0,0.82,0.72,0.78,0.6,0.63,0.83,0.79,0.47,0.57,0.48,0.87,0.58,0.85,0.56,0.86,0.5,0.8,0.68
SL000127,Comenius University Bratislava,Pakistan,Slovakia,Female,25,B2,58.1,0.87,Low,Married,0.37,0,0.6,Counseling,1,Completed,Computer Science,2025-11-02T11:58:26Z,0.85,0.81,0.88,0.89,0.73,0.87,0.65,0.71,0.52,0.66,0.75,0.72,0.64,0.64,0.91,0.7,0.81,1.0,0.74,0.83,0.77,0.66,0.8,0.68,0.77,0.93,0.85,0.76,0.82,0.57,0.63,0.65
IT000235,Politecnico di Torino,Pakistan,Italy,Other,22,A2,57.9,0.61,High,Single,0.45,1,0.6,BuddyProgram,0,Administrative Withdrawal,English Philology,2025-11-02T11:58:25Z,0.63,0.78,0.94,1.0,0.6,0.74,0.81,0.58,0.72,0.71,0.8,0.75,0.68,0.96,0.67,0.87,0.59,0.73,0.76,0.58,0.74,0.68,0.96,0.8,0.62,0.8,0.79,0.64,1.0,0.79,0.74,0.68
SL000391,Comenius University Bratislava,India,Slovakia,Male,20,B1,81.4,0.8,Low,Other,0.24,1,0.6,Tutoring,0,Left Country,Data Science,2025-11-02T11:58:26Z,0.79,0.61,0.56,0.76,0.92,0.53,0.83,0.69,0.9,0.73,1.0,0.87,0.64,0.66,0.57,0.83,0.77,0.71,0.7,0.84,0.63,1.0,0.99,0.75,0.81,0.57,0.73,0.72,0.78,0.62,0.72,0.7
LA000480,TSI Riga,Pakistan,Latvia,Prefer not to say,23,C2,85.5,0.91,High,Single,0.13,0,0.6,None,1,Completed,Business,2025-11-02T11:58:25Z,0.69,0.7,0.75,0.73,0.69,0.52,0.62,0.59,0.92,0.59,0.27,0.72,0.65,0.88,0.66,0.73,0.78,0.58,0.87,0.7,0.67,0.86,0.66,0.98,0.62,0.69,0.68,0.78,0.74,0.74,0.48,0.69
SL000334,Comenius University Bratislava,Ukraine,Slovakia,Female,22,B2,73.1,0.84,Low,Single,0.09,0,0.1,Tutoring,1,Ongoing,English Philology,2025-11-02T11:58:26Z,0.75,0.74,0.68,0.78,0.8,0.71,0.86,0.71,0.66,0.48,0.81,1.0,0.77,0.78,0.64,0.77,0.68,0.75,0.55,0.81,0.82,0.67,0.79,0.77,0.85,0.64,0.67,0.84,0.71,0.83,0.88,0.76
LA000188,TSI Riga,Nigeria,Latvia,Other,24,C2,68.7,0.91,Medium,Other,0.18,0,0.7,LanguageMentor,1,Completed,Psychology,2025-11-02T11:58:25Z,0.79,0.47,0.68,0.78,0.79,0.72,0.68,0.62,0.64,0.67,0.71,0.85,0.79,0.58,1.0,0.66,0.9,0.78,0.97,0.78,0.68,0.74,0.78,0.73,0.73,0.62,0.77,0.89,0.7,0.82,0.6,0.63
LA000440,Daugavpils University,Latvia,Latvia,Female,27,B1,79.9,0.9,Medium,Other,0.26,1,0.1,Counseling,0,Left Country,Data Science,2025-11-02T11:58:25Z,0.52,0.73,0.8,0.54,0.82,0.83,1.0,0.71,0.83,0.63,1.0,0.9,0.71,0.87,0.75,0.43,0.73,0.6,0.84,0.56,0.8,0.63,0.78,0.96,0.89,0.92,0.95,0.74,0.55,0.83,0.77,0.6
IT000231,Politecnico di Torino,Italy,Italy,Female,22,B1,71.5,0.77,Low,Single,0.25,1,0.1,Tutoring,0,Left Country,Computer Science,2025-11-02T11:58:25Z,0.91,0.77,0.67,0.96,0.71,0.41,0.77,0.53,0.72,0.74,0.68,0.78,0.64,0.36,0.59,0.77,0.61,0.84,0.96,0.5,0.59,0.56,0.96,0.79,0.74,0.56,0.64,0.7,0.95,0.55,0.7,0.87
IT000520,University of Messina,Latvia,Italy,Female,27,A2,80.4,0.89,Medium,Single,0.22,0,0.1,BuddyProgram,0,Transferred,Business,2025-11-02T11:58:25Z,0.79,0.91,0.55,0.71,0.76,0.73,0.59,0.61,0.68,0.99,0.74,0.87,0.82,0.79,0.97,0.59,0.65,0.84,0.81,0.79,0.77,0.56,0.53,0.8,0.84,0.9,0.66,0.85,0.8,1.0,0.71,0.88
LA000540,Daugavpils University,Nigeria,Latvia,Female,22,B1,65.3,0.84,High,Single,0.12,0,0.7,LanguageMentor,1,Completed,Psychology,2025-11-02T11:58:25Z,0.62,0.77,0.61,0.69,0.75,0.95,0.8,0.62,0.85,0.74,0.79,0.6,0.78,0.86,0.87,0.85,0.59,0.84,0.78,1.0,0.73,0.74,0.56,0.65,0.59,0.74,0.77,0.74,0.95,1.0,0.62,0.62
LA000441,Daugavpils University,Brazil,Latvia,Male,28,B1,77.7,0.99,Medium,Other,0.18,0,0.5,LanguageMentor,1,Ongoing,English Philology,2025-11-02T11:58:25Z,0.88,0.68,0.68,0.7,0.72,0.58,0.47,0.72,0.75,0.96,0.75,0.59,0.71,0.92,0.6,0.76,0.77,0.57,0.83,0.82,0.57,0.64,0.78,0.72,0.63,0.7,0.55,0.89,0.8,0.91,0.76,0.51
SL000110,Slovak Tech,India,Slovakia,Male,20,C2,64.1,1.0,Low,Married,0.14,0,0.6,None,1,Ongoing,Psychology,2025-11-02T11:58:26Z,0.73,0.66,0.64,0.78,0.7,0.69,0.62,0.77,0.79,0.9,0.57,0.53,0.59,0.63,0.41,0.77,0.67,0.74,0.67,0.88,0.76,0.76,0.97,0.55,0.83,0.97,0.86,0.84,0.73,0.84,0.75,0.87
IT000363,University of Messina,Bangladesh,Italy,Prefer not to say,23,C2,67.5,0.96,Medium,Single,0.12,0,0.6,LanguageMentor,1,Completed,Psychology,2025-11-02T11:58:25Z,0.84,1.0,0.57,0.63,0.87,0.61,0.63,0.63,0.88,0.83,0.67,0.69,0.77,0.52,0.87,0.7,0.8,0.82,0.79,1.0,0.75,0.88,0.91,1.0,0.99,0.46,0.67,0.94,0.68,0.49,0.62,0.76
IT000139,Politecnico di Torino,Vietnam,Italy,Male,25,C1,80.9,0.88,High,Married,0.15,0,0.6,None,1,Ongoing,Data Science,2025-11-02T11:58:25Z,0.6,0.71,0.6,0.76,0.92,0.58,0.83,0.64,0.79,0.81,0.55,0.65,0.64,0.74,0.59,0.62,0.45,0.76,0.6,0.8,0.76,0.82,0.66,0.72,0.72,1.0,0.65,0.83,0.69,0.7,0.93,0.62
IT000045,Politecnico di Torino,USA,Italy,Other,22,B2,73.3,0.85,Medium,Married,0.08,0,0.3,None,1,Completed,Psychology,2025-11-02T11:58:25Z,0.48,0.81,0.69,0.66,0.72,0.77,0.65,0.68,0.58,0.83,0.8,0.83,0.87,0.9,0.71,0.69,0.8,0.78,0.71,0.79,0.67,0.69,0.74,0.9,0.96,0.79,0.79,0.87,0.78,0.59,0.58,0.64
IT000285,University of Messina,Ukraine,Italy,Other,27,A2,77.8,0.78,Low,Married,0.24,0,0.1,LanguageMentor,1,Completed,Economics,2025-11-02T11:58:25Z,0.78,0.62,0.92,0.6,0.78,0.58,0.57,0.78,0.95,0.92,0.99,0.56,0.79,0.72,0.74,0.61,0.7,0.71,1.0,0.67,0.92,0.78,0.76,0.86,0.81,0.61,0.66,0.69,0.83,0.49,0.69,0.96
SL000374,Slovak Tech,Latvia,Slovakia,Female,26,C1,68.9,0.87,Medium,Married,0.67,0,0.1,LanguageMentor,0,Transferred,Business,2025-11-02T11:58:26Z,0.62,0.79,0.83,0.88,0.85,0.65,0.5,0.94,0.75,0.93,0.57,0.73,0.59,0.56,0.49,0.6,0.54,0.51,0.47,0.4,0.49,0.65,0.43,0.41,0.59,0.71,0.54,0.74,0.92,0.34,0.74,0.6
LA000557,Daugavpils University,Slovakia,Latvia,Male,24,A2,64.0,0.74,High,Other,0.48,0,0.1,None,0,Failed Exams,Economics,2025-11-02T11:58:25Z,0.75,0.66,0.81,0.85,0.93,0.61,0.83,0.93,0.77,0.79,0.73,0.74,0.85,0.85,0.79,0.62,0.68,0.94,0.68,0.79,0.78,0.77,0.83,0.65,0.76,0.67,0.77,0.84,0.52,0.85,0.76,0.81
LA000202,Daugavpils University,Slovakia,Latvia,Other,25,C1,73.6,0.83,High,Other,0.51,0,0.1,None,1,Completed,Data Science,2025-11-02T11:58:25Z,0.99,0.69,0.93,0.82,0.83,0.78,0.84,0.65,0.7,0.63,0.72,0.79,0.56,0.74,0.77,0.65,1.0,1.0,0.76,0.76,0.42,0.62,0.97,0.66,0.63,0.87,0.83,0.66,0.67,0.73,0.9,0.55
LA000203,TSI Riga,Ukraine,Latvia,Prefer not to say,24,B2,66.3,0.81,Low,Other,0.29,1,0.1,BuddyProgram,0,Dropped Out,Business,2025-11-02T11:58:25Z,0.86,0.61,0.88,0.62,0.61,0.67,0.79,0.73,0.89,1.0,0.74,0.67,0.57,0.76,0.77,0.76,1.0,0.76,0.76,0.79,0.88,0.78,0.83,0.83,0.64,0.63,0.7,1.0,0.73,0.72,0.79,0.65
LA000496,TSI Riga,Vietnam,Latvia,Male,23,C1,81.7,0.89,Low,Other,0.5,0,0.6,LanguageMentor,0,Failed Exams,Business,2025-11-02T11:58:25Z,0.52,0.56,0.58,0.7,0.79,0.84,0.47,0.68,0.76,0.72,0.57,0.78,0.64,0.88,0.86,0.42,0.48,0.7,0.62,0.85,0.68,0.88,0.96,0.56,0.76,0.73,0.75,0.58,0.73,0.6,0.78,0.91
SL000245,Slovak Tech,Brazil,Slovakia,Other,21,B2,68.2,0.81,Medium,Married,0.13,1,0.5,None,0,Dropped Out,Economics,2025-11-02T11:58:26Z,0.6,0.48,0.68,0.67,0.64,0.81,0.8,0.83,0.73,0.88,0.94,0.5,0.83,0.65,0.77,1.0,0.68,0.72,0.58,0.74,0.63,0.63,0.74,0.59,0.78,0.82,0.85,0.87,0.69,0.8,0.71,0.67
SL000274,Slovak Tech,Ukraine,Slovakia,Prefer not to say,22,B1,74.2,0.91,Medium,Single,0.12,0,0.1,LanguageMentor,0,Failed Exams,Psychology,2025-11-02T11:58:26Z,0.84,0.78,0.72,0.53,0.78,0.88,0.83,0.56,0.67,0.83,0.67,0.85,0.75,0.82,0.84,0.76,0.94,0.67,0.81,0.76,0.66,0.73,0.91,0.68,0.42,0.84,0.75,0.67,0.8,0.75,0.56,0.76
SL000280,Comenius University Bratislava,Nigeria,Slovakia,Female,25,C1,86.5,0.92,High,Married,0.17,0,0.7,LanguageMentor,1,Completed,Data Science,2025-11-02T11:58:26Z,0.88,0.53,0.5,0.59,0.7,0.7,0.77,0.51,0.79,0.74,0.63,0.9,0.72,0.73,0.77,0.7,0.67,0.5,0.52,0.91,0.82,0.64,0.79,0.8,0.73,0.84,0.85,0.6,0.88,0.78,0.7,0.75
IT000456,University of Messina,Nigeria,Italy,Prefer not to say,25,A2,71.2,0.83,Medium,Other,0.31,0,0.7,Counseling,1,Completed,English Philology,2025-11-02T11:58:25Z,0.95,0.67,0.55,0.85,0.64,0.63,0.88,0.9,1.0,0.91,0.59,0.82,0.57,0.59,0.75,0.85,0.97,0.79,0.74,0.57,0.88,0.62,0.63,0.88,0.62,0.88,1.0,0.58,0.94,0.42,0.6,0.7
IT000090,Politecnico di Torino,Spain,Italy,Female,25,C2,79.7,0.82,Medium,Married,0.29,0,0.1,LanguageMentor,1,Completed,Economics,2025-11-02T11:58:25Z,0.64,0.53,0.54,0.79,0.93,0.78,0.61,0.66,0.7,0.79,0.67,0.45,0.66,0.89,0.66,0.84,0.55,0.85,0.74,0.7,0.47,0.72,0.84,0.78,0.69,0.95,0.81,0.66,0.77,0.63,0.73,0.9
IT000315,Politecnico di Torino,Nigeria,Italy,Prefer not to say,25,B2,72.9,0.96,High,Single,0.44,0,0.7,Tutoring,1,Completed,Psychology,2025-11-02T11:58:25Z,0.87,0.81,0.81,0.9,0.57,0.63,0.71,0.93,0.76,0.64,0.79,0.94,0.84,0.5,0.79,0.7,0.55,0.63,0.73,0.79,0.68,0.65,0.83,0.7,0.69,0.8,0.94,0.64,0.64,0.73,0.85,0.87
IT000213,University of Messina,Spain,Italy,Male,20,C1,59.2,0.76,Medium,Single,0.34,0,0.1,None,1,Completed,Economics,2025-11-02T11:58:25Z,0.73,0.74,0.44,0.9,0.61,0.84,0.65,0.61,0.74,0.91,0.77,0.82,0.77,0.75,0.83,0.75,0.65,0.56,0.67,0.71,0.32,0.75,0.61,0.76,0.82,0.74,0.78,0.78,0.8,0.79,0.79,0.65
LA000149,Daugavpils University,Ukraine,Latvia,Other,24,B1,56.8,0.89,Low,Married,0.18,0,0.1,LanguageMentor,1,Completed,English Philology,2025-11-02T11:58:25Z,0.73,0.82,0.84,0.93,0.83,0.88,0.55,0.97,0.92,0.56,0.48,0.63,0.48,0.91,0.75,0.82,0.63,0.66,0.8,0.73,0.72,0.72,0.65,0.75,0.54,0.57,0.83,0.75,0.53,0.73,0.71,0.71
SL000486,Slovak Tech,Pakistan,Slovakia,Prefer not to say,28,C2,80.6,0.82,Low,Other,0.1,0,0.6,Tutoring,1,Completed,Computer Science,2025-11-02T11:58:26Z,0.94,0.93,0.75,0.63,0.95,0.96,0.87,0.81,0.64,0.73,0.45,0.93,0.53,0.88,0.99,0.74,0.89,0.63,0.59,0.53,0.81,0.79,0.89,0.44,0.83,0.63,0.71,0.39,0.75,0.73,0.79,0.8
IT000284,Politecnico di Torino,Spain,Italy,Prefer not to say,25,C2,76.9,0.87,High,Single,0.18,0,0.1,Tutoring,1,Completed,Computer Science,2025-11-02T11:58:25Z,0.72,0.89,0.47,0.99,0.93,1.0,0.64,0.67,0.7,0.81,0.57,1.0,0.49,0.71,0.9,0.87,0.86,0.62,0.94,1.0,0.68,0.75,0.96,0.65,0.91,0.64,0.73,0.47,0.7,0.73,0.73,0.66
LA000375,Daugavpils University,India,Latvia,Male,22,C1,76.6,0.88,Medium,Married,0.25,0,0.6,None,1,Completed,Business,2025-11-02T11:58:25Z,0.62,0.65,0.56,0.67,0.82,0.44,0.73,0.67,0.88,0.75,0.7,0.68,0.69,0.71,0.74,0.84,0.81,0.74,0.66,0.79,0.62,0.59,0.53,0.69,0.69,0.74,0.87,0.81,0.91,0.76,0.92,0.67
IT000078,Politecnico di Torino,Spain,Italy,Other,20,A2,72.4,1.0,Medium,Single,0.3,0,0.1,Tutoring,0,Transferred,Logistics,2025-11-02T11:58:25Z,0.75,1.0,0.72,0.37,0.62,0.84,0.58,0.54,0.85,0.79,0.71,0.9,0.48,0.89,0.77,0.7,0.95,0.68,0.66,0.82,0.63,0.74,0.79,0.68,0.64,0.77,0.85,0.79,0.81,0.55,0.84,0.5
SL000048,Slovak Tech,Ukraine,Slovakia,Male,28,B1,72.6,0.83,Medium,Married,0.12,1,0.1,BuddyProgram,0,Left Country,Computer Science,2025-11-02T11:58:25Z,0.63,0.69,0.76,0.65,0.65,0.76,0.8,0.79,0.58,0.63,0.79,0.66,0.55,0.79,0.48,0.73,0.83,0.71,0.86,0.64,0.85,0.77,0.82,0.66,0.5,0.94,0.72,0.65,0.59,0.74,0.47,0.81
SL000167,Slovak Tech,Pakistan,Slovakia,Male,23,B1,74.0,0.76,Low,Married,0.16,0,0.6,LanguageMentor,1,Completed,Business,2025-11-02T11:58:26Z,0.72,0.6,0.75,0.67,0.71,0.56,0.67,0.63,0.7,0.8,0.68,0.95,0.74,0.94,0.66,0.65,0.6,0.89,0.75,0.78,0.81,0.97,0.77,0.78,0.73,0.8,0.74,0.82,0.56,0.61,0.72,0.91
SL000372,Slovak Tech,Ukraine,Slovakia,Female,28,C1,72.1,0.89,High,Single,0.23,1,0.1,None,0,Administrative Withdrawal,Engineering,2025-11-02T11:58:26Z,0.69,0.78,0.79,0.75,0.65,0.72,0.7,0.72,0.45,0.61,0.61,0.64,0.72,0.77,0.6,0.79,0.67,0.96,0.72,0.54,0.67,0.81,0.64,0.75,0.75,0.79,0.77,0.58,0.61,0.55,0.65,0.7
LA000274,TSI Riga,Bangladesh,Latvia,Prefer not to say,21,C2,76.2,0.82,Medium,Married,0.09,1,0.6,LanguageMentor,0,Dropped Out,Data Science,2025-11-02T11:58:25Z,0.46,0.91,0.5,0.64,0.65,0.61,0.69,0.74,0.59,0.6,0.57,0.8,0.71,0.79,0.55,0.57,0.97,0.71,0.44,0.8,0.74,0.82,0.67,0.61,0.66,0.88,0.75,0.86,0.56,0.58,0.82,0.87
LA000154,Daugavpils University,Sri Lanka,Latvia,Other,28,A2,75.5,0.87,Low,Married,0.23,1,0.6,None,0,Dropped Out,Economics,2025-11-02T11:58:25Z,0.55,0.63,0.9,0.64,0.81,0.6,0.94,0.56,0.81,0.63,0.73,0.75,0.63,0.62,0.69,0.46,0.57,0.6,0.95,0.9,0.77,0.5,0.45,1.0,0.64,0.76,0.59,0.68,0.48,0.73,0.75,0.77
IT000295,Politecnico di Torino,Latvia,Italy,Female,23,A2,72.8,0.89,Low,Single,0.13,0,0.1,None,1,Completed,English Philology,2025-11-02T11:58:25Z,0.88,0.69,0.68,0.52,1.0,0.65,0.96,0.78,0.78,0.76,0.68,0.68,0.74,0.94,0.78,0.71,0.78,0.88,0.9,0.76,0.62,0.99,0.6,1.0,0.64,0.73,0.71,0.95,0.65,0.92,0.78,0.69
SL000388,Slovak Tech,Latvia,Slovakia,Other,28,B2,75.7,0.88,Medium,Other,0.22,0,0.1,LanguageMentor,1,Completed,Computer Science,2025-11-02T11:58:26Z,0.61,0.9,0.58,0.69,0.8,0.75,0.68,0.5,0.6,0.68,0.85,0.79,0.62,0.73,0.7,0.65,0.65,0.54,0.65,0.76,0.78,0.5,0.4,0.53,0.71,0.78,0.73,0.91,0.81,0.73,0.76,0.66
LA000466,Daugavpils University,Pakistan,Latvia,Other,24,A2,73.4,0.87,Low,Single,0.39,0,0.6,None,1,Completed,Business,2025-11-02T11:58:25Z,0.9,0.84,0.72,0.76,0.98,0.81,0.55,0.64,0.5,0.82,0.48,0.71,1.0,0.69,0.76,0.64,0.96,0.68,0.68,0.85,0.72,0.47,0.82,0.77,1.0,0.86,0.67,0.71,0.71,0.69,0.77,0.7
LA000019,TSI Riga,Brazil,Latvia,Female,27,B2,80.2,0.99,Low,Married,0.29,1,0.5,Counseling,0,Dropped Out,Engineering,2025-11-02T11:58:25Z,0.86,0.56,0.83,0.84,0.91,0.76,0.83,0.46,0.75,0.64,0.76,0.87,0.88,0.68,0.78,0.94,0.9,0.79,0.66,0.58,0.44,0.71,0.49,0.64,0.86,0.93,0.91,0.65,0.77,0.86,0.76,0.86
SL000342,Slovak Tech,Nigeria,Slovakia,Male,27,B2,85.6,0.79,Medium,Other,0.42,0,0.7,None,0,Transferred,Computer Science,2025-11-02T11:58:26Z,0.47,0.67,0.73,0.87,0.89,0.62,0.71,0.88,1.0,0.66,0.91,0.68,1.0,0.76,0.81,0.71,0.81,0.86,0.67,0.7,0.83,0.91,0.74,0.64,0.78,0.55,0.71,0.78,0.52,0.4,0.6,0.6
SL000015,Comenius University Bratislava,Latvia,Slovakia,Prefer not to say,25,C2,68.3,0.84,High,Other,0.27,0,0.1,Tutoring,1,Completed,Logistics,2025-11-02T11:58:25Z,0.62,0.91,0.7,0.83,0.61,0.63,0.63,0.54,0.52,0.42,0.97,0.69,0.74,0.76,0.92,0.8,0.74,0.57,0.85,0.63,0.62,0.84,0.88,0.89,1.0,0.93,0.77,0.8,0.82,0.82,0.89,0.59
SL000164,Slovak Tech,Slovakia,Slovakia,Other,28,B2,68.3,0.91,High,Single,0.26,0,0.1,LanguageMentor,1,Completed,English Philology,2025-11-02T11:58:26Z,0.89,0.74,0.76,0.69,0.81,0.82,0.75,0.69,0.84,0.76,0.68,1.0,0.74,0.8,0.76,0.56,0.62,0.72,0.47,0.57,0.6,0.66,0.8,0.65,0.63,0.63,0.81,0.85,0.76,0.57,0.87,0.55
IT000414,Politecnico di Torino,Pakistan,Italy,Male,25,C2,67.9,0.84,Low,Other,0.23,0,0.6,None,1,Completed,Computer Science,2025-11-02T11:58:25Z,0.72,0.82,0.68,0.82,0.68,0.76,0.6,0.73,0.7,0.83,0.85,0.99,0.41,0.67,0.69,0.81,0.91,0.65,0.68,0.83,0.68,0.89,0.88,0.83,0.81,0.68,0.7,0.56,0.87,0.7,0.78,0.93
LA000474,TSI Riga,Sri Lanka,Latvia,Other,23,A2,52.8,0.75,High,Single,0.2,0,0.6,LanguageMentor,1,Completed,English Philology,2025-11-02T11:58:25Z,0.75,0.48,0.64,0.91,0.76,0.6,0.64,0.68,1.0,0.92,0.77,0.65,0.96,0.51,0.81,0.49,0.73,0.79,0.76,0.87,0.75,0.96,0.74,0.67,0.66,0.79,0.7,1.0,0.94,0.81,0.74,0.73
IT000025,Politecnico di Torino,Bangladesh,Italy,Female,28,A2,59.1,0.88,Medium,Single,0.15,1,0.6,Tutoring,0,Administrative Withdrawal,Psychology,2025-11-02T11:58:25Z,0.56,0.81,0.86,0.63,0.58,0.77,0.38,0.68,0.61,0.81,0.79,0.81,0.5,0.77,0.74,0.65,0.57,0.76,0.76,0.72,0.76,0.59,0.76,0.5,0.68,0.73,0.7,0.68,0.64,0.57,0.86,0.7
LA000084,TSI Riga,Nigeria,Latvia,Male,24,B1,61.9,0.96,Medium,Other,0.06,0,0.7,BuddyProgram,1,Completed,Logistics,2025-11-02T11:58:25Z,0.88,0.69,0.91,0.63,0.58,0.84,0.46,0.49,0.61,0.65,0.72,0.85,0.64,0.64,0.75,0.77,0.53,0.7,0.61,0.71,0.85,0.87,0.59,0.7,0.74,0.8,0.75,0.73,0.93,0.83,0.91,0.95
LA000079,Daugavpils University,Spain,Latvia,Prefer not to say,25,A2,67.5,0.86,Medium,Other,0.24,0,0.1,Tutoring,0,Transferred,Economics,2025-11-02T11:58:25Z,0.79,0.7,0.67,0.95,0.8,0.84,0.71,0.71,0.64,0.85,0.67,0.65,0.89,0.65,0.91,0.72,0.78,0.66,0.53,0.89,0.54,0.7,0.67,0.86,0.77,0.65,0.81,0.59,0.9,0.85,1.0,0.85
IT000218,Politecnico di Torino,Vietnam,Italy,Other,24,B2,67.6,0.83,Low,Married,0.35,0,0.6,LanguageMentor,1,Completed,Engineering,2025-11-02T11:58:25Z,0.52,0.68,0.69,0.5,0.88,0.62,0.67,0.72,0.73,0.82,0.8,0.63,0.72,0.76,0.6,0.37,0.46,0.75,0.7,0.75,0.64,0.52,0.84,0.93,0.59,0.73,0.62,0.91,0.89,0.79,0.99,0.62
SL000317,Comenius University Bratislava,Slovakia,Slovakia,Other,22,B2,71.9,0.79,Medium,Married,0.43,0,0.1,LanguageMentor,1,Completed,Economics,2025-11-02T11:58:26Z,0.74,0.73,0.73,0.61,0.85,0.69,0.65,0.79,0.57,0.79,0.69,0.76,0.79,0.52,1.0,0.85,0.9,0.71,0.58,0.62,0.77,0.85,0.54,0.79,0.9,0.81,0.72,0.82,0.59,0.67,0.73,0.59
SL000060,Slovak Tech,Ukraine,Slovakia,Prefer not to say,21,B1,66.8,0.75,Medium,Other,0.11,1,0.1,LanguageMentor,0,Administrative Withdrawal,Economics,2025-11-02T11:58:25Z,1.0,0.84,0.84,0.64,0.66,0.67,0.56,0.86,0.38,0.91,0.92,0.61,0.75,0.91,0.6,0.6,0.64,0.96,0.62,0.65,0.67,0.3,0.82,0.86,0.55,0.74,0.76,0.8,0.79,0.73,0.6,0.67
IT000140,Politecnico di Torino,Sri Lanka,Italy,Prefer not to say,24,B1,78.0,0.87,Low,Single,0.14,0,0.6,BuddyProgram,1,Completed,Business,2025-11-02T11:58:25Z,0.66,0.71,0.5,0.67,0.71,0.72,0.63,0.66,0.74,0.6,0.71,0.71,0.78,0.66,0.77,0.82,0.55,0.59,0.87,0.6,0.63,0.84,0.65,0.83,0.94,0.87,0.82,0.69,0.84,0.7,0.8,0.83
IT000301,University of Messina,Pakistan,Italy,Other,23,C2,59.2,0.88,Low,Other,0.55,0,0.6,Tutoring,0,Transferred,Logistics,2025-11-02T11:58:25Z,0.58,0.59,0.92,0.61,0.59,0.64,0.69,0.68,1.0,0.82,0.9,0.72,0.55,0.9,0.89,0.7,0.79,0.88,0.53,0.86,0.72,0.73,0.72,0.7,0.68,0.67,0.76,0.87,0.7,0.72,0.79,0.7
IT000348,University of Messina,Spain,Italy,Male,24,C1,68.2,0.89,Medium,Other,0.23,1,0.1,None,0,Administrative Withdrawal,Engineering,2025-11-02T11:58:25Z,0.85,0.73,0.67,0.61,0.83,0.72,1.0,0.9,0.97,0.57,0.68,0.69,0.59,0.5,0.8,0.9,0.59,0.45,0.7,0.82,0.63,0.53,0.59,0.71,0.49,0.44,0.61,0.63,0.56,0.61,0.61,0.73
SL000025,Slovak Tech,Latvia,Slovakia,Male,19,C2,72.8,0.91,Low,Other,0.06,0,0.1,None,1,Completed,Business,2025-11-02T11:58:25Z,0.72,0.87,0.64,0.47,0.74,0.68,0.71,0.77,0.52,0.63,0.77,0.89,0.67,0.66,0.89,0.71,0.85,0.57,0.63,0.74,0.72,0.77,0.67,0.83,0.79,0.95,0.53,0.85,0.8,0.68,0.59,0.83
LA000320,TSI Riga,Ukraine,Latvia,Female,20,B2,78.2,0.83,Medium,Single,0.11,0,0.1,None,1,Completed,Data Science,2025-11-02T11:58:25Z,0.84,0.57,0.52,0.64,0.87,0.58,0.71,0.88,0.74,0.68,0.81,0.71,0.61,0.97,0.83,0.97,0.53,0.65,0.88,0.72,1.0,0.68,0.73,0.76,0.98,0.58,0.7,0.88,0.67,0.92,0.56,0.67
SL000492,Comenius University Bratislava,Ukraine,Slovakia,Other,24,B1,62.5,0.93,Medium,Single,0.15,0,0.1,None,1,Completed,Data Science,2025-11-02T11:58:26Z,0.95,0.96,0.9,0.73,0.82,0.74,0.87,0.76,0.64,0.55,0.54,0.6,0.71,0.94,0.81,0.83,0.81,1.0,0.81,0.58,0.94,0.61,0.69,0.61,0.71,0.68,0.71,0.82,0.85,0.7,0.88,0.83
LA000473,TSI Riga,Vietnam,Latvia,Female,23,C1,71.0,0.79,High,Married,0.24,1,0.6,Counseling,0,Dropped Out,Computer Science,2025-11-02T11:58:25Z,0.69,0.81,0.81,0.77,0.67,0.99,0.79,0.67,0.61,0.9,0.73,0.71,0.77,0.83,0.78,0.67,0.73,0.69,0.81,0.69,0.43,0.83,0.6,0.6,0.75,0.63,0.9,0.75,0.76,0.69,0.79,0.69
LA000219,TSI Riga,Bangladesh,Latvia,Prefer not to say,23,A2,64.6,0.78,High,Other,0.55,1,0.6,BuddyProgram,0,Left Country,Computer Science,2025-11-02T11:58:25Z,0.74,0.9,0.74,0.56,0.64,0.88,0.71,0.68,0.68,0.9,0.77,0.78,0.76,0.82,0.87,0.91,0.8,0.52,0.47,0.69,0.79,0.8,0.66,0.59,0.66,0.88,0.96,0.59,0.52,0.85,0.76,0.75
SL000233,Slovak Tech,Italy,Slovakia,Other,23,B2,74.8,0.78,High,Other,0.23,0,0.1,Tutoring,0,Transferred,Engineering,2025-11-02T11:58:26Z,0.86,0.5,0.8,0.57,0.73,0.64,0.29,0.79,0.79,0.69,0.98,0.83,0.68,0.44,0.44,0.73,0.72,0.82,0.9,0.64,0.67,0.68,0.59,0.74,0.93,0.66,0.88,0.82,0.81,0.77,0.74,0.66
LA000535,Daugavpils University,Sri Lanka,Latvia,Female,18,B2,81.1,0.93,High,Other,0.28,0,0.6,Tutoring,0,Failed Exams,Logistics,2025-11-02T11:58:25Z,0.8,0.78,0.57,0.73,0.77,0.63,0.91,0.72,0.61,0.57,0.8,0.57,0.61,0.49,1.0,0.73,0.7,0.64,0.67,0.86,0.39,0.69,0.85,0.57,0.74,0.86,0.51,0.63,0.87,0.8,0.82,1.0
LA000115,TSI Riga,Bangladesh,Latvia,Male,23,B2,65.7,0.98,High,Other,0.12,0,0.6,Tutoring,1,Completed,English Philology,2025-11-02T11:58:25Z,0.74,0.77,0.52,0.84,0.83,0.78,0.64,0.75,0.8,0.62,0.66,0.65,0.61,0.84,0.92,0.81,0.53,0.64,0.96,0.74,0.78,0.72,0.67,0.8,0.75,0.73,0.68,0.81,0.94,0.76,0.92,0.87
LA000554,TSI Riga,Latvia,Latvia,Female,21,C1,79.3,0.93,Low,Single,0.51,1,0.1,Tutoring,0,Dropped Out,Data Science,2025-11-02T11:58:25Z,0.91,0.72,0.78,0.67,0.75,0.88,0.83,0.31,1.0,0.64,0.47,0.5,0.75,0.55,0.6,0.62,0.61,0.6,0.54,0.58,0.81,0.89,0.66,0.97,1.0,0.72,0.82,0.8,0.58,0.9,0.88,0.87
IT000279,Politecnico di Torino,USA,Italy,Other,23,C2,71.7,0.89,High,Single,0.46,0,0.3,BuddyProgram,1,Completed,Business,2025-11-02T11:58:25Z,0.7,0.76,0.88,0.96,0.56,0.77,0.78,0.7,0.81,0.72,0.59,0.45,0.93,0.85,0.81,1.0,0.92,0.65,0.43,0.57,0.73,0.85,0.64,0.63,0.75,0.81,0.79,0.88,0.67,0.85,0.85,0.71
LA000252,TSI Riga,Ukraine,Latvia,Male,20,B2,72.3,0.83,Medium,Married,0.32,0,0.1,BuddyProgram,0,Failed Exams,Business,2025-11-02T11:58:25Z,0.8,0.94,0.69,0.77,0.7,0.88,0.71,0.66,0.58,0.73,0.86,0.56,0.9,0.83,0.42,0.84,0.88,0.49,0.69,0.79,0.67,0.83,0.67,0.59,0.79,0.8,0.69,0.85,0.82,0.74,0.63,0.81
IT000057,University of Messina,Spain,Italy,Male,22,A2,84.6,0.82,Medium,Single,0.4,0,0.1,LanguageMentor,0,Failed Exams,English Philology,2025-11-02T11:58:25Z,0.87,0.74,0.73,0.71,0.96,0.72,0.69,0.68,0.83,0.78,0.59,0.75,0.82,0.4,0.94,0.73,0.66,0.52,0.6,0.6,0.8,0.62,0.85,0.67,0.75,0.74,0.65,0.61,0.62,0.52,0.74,0.57
LA000031,TSI Riga,Latvia,Latvia,Other,30,C1,65.3,0.87,Medium,Other,0.15,0,0.1,None,1,Completed,English Philology,2025-11-02T11:58:25Z,0.95,0.86,0.86,0.96,0.81,0.81,0.52,0.56,0.88,0.99,0.96,0.63,0.83,0.54,0.56,0.66,0.67,0.58,0.79,0.77,0.71,0.66,0.69,0.77,0.72,0.94,0.71,0.7,0.67,0.99,0.72,0.53
SL000091,Comenius University Bratislava,Nigeria,Slovakia,Female,22,C1,75.4,0.71,Low,Married,0.33,1,0.7,Tutoring,0,Left Country,Data Science,2025-11-02T11:58:26Z,0.63,0.5,0.96,0.92,0.78,0.7,0.64,0.86,0.78,0.55,0.84,0.72,0.57,0.82,0.57,0.63,0.63,0.93,0.58,0.87,0.74,0.86,0.8,0.89,1.0,0.62,0.52,0.86,0.78,1.0,0.79,0.81
LA000056,Daugavpils University,Slovakia,Latvia,Female,25,B1,65.1,0.99,Low,Married,0.49,1,0.1,None,0,Dropped Out,Logistics,2025-11-02T11:58:25Z,0.65,0.56,0.79,0.99,0.7,1.0,0.88,0.72,0.64,0.89,0.79,0.75,0.55,0.5,0.7,0.49,0.67,0.51,0.95,0.6,0.69,0.75,0.79,0.89,0.77,0.33,0.74,0.76,0.64,0.59,0.86,0.79
IT000197,Politecnico di Torino,Bangladesh,Italy,Other,28,C1,74.3,0.82,High,Single,0.43,0,0.6,Tutoring,1,Completed,English Philology,2025-11-02T11:58:25Z,0.78,0.4,0.72,0.71,0.42,0.77,0.62,0.79,0.78,0.69,0.62,0.61,0.84,0.79,0.84,0.53,0.86,0.88,0.75,0.96,0.83,0.84,0.65,0.95,0.72,0.7,0.6,0.73,0.87,0.81,0.94,0.66
IT000527,University of Messina,Brazil,Italy,Female,21,B2,69.6,0.82,Low,Married,0.05,0,0.5,Tutoring,1,Completed,English Philology,2025-11-02T11:58:25Z,0.88,0.77,0.69,0.89,0.62,0.65,0.64,0.88,1.0,0.94,0.65,0.82,0.63,0.76,0.67,0.71,0.54,0.58,0.65,0.63,0.66,0.65,0.83,0.57,0.98,0.94,0.6,0.48,0.61,0.73,0.59,0.72
LA000232,TSI Riga,USA,Latvia,Other,24,B1,76.7,0.85,High,Single,0.4,1,0.3,LanguageMentor,0,Dropped Out,Business,2025-11-02T11:58:25Z,0.49,0.69,0.59,0.78,1.0,0.68,0.78,0.6,0.88,0.89,0.75,0.82,0.63,0.72,0.78,0.63,0.76,0.94,0.94,0.8,0.64,0.73,0.59,0.67,0.91,0.5,0.9,0.86,0.48,0.84,0.58,0.58
IT000178,Politecnico di Torino,Latvia,Italy,Other,21,C1,66.7,0.84,High,Single,0.15,0,0.1,Tutoring,1,Completed,Logistics,2025-11-02T11:58:25Z,0.76,0.61,0.7,0.64,0.72,0.61,0.63,0.82,0.59,0.67,0.57,0.55,0.74,0.75,0.63,0.79,0.89,0.72,0.63,0.85,0.52,0.49,0.7,0.62,0.67,0.72,1.0,0.71,0.91,0.79,0.68,0.88
SL000404,Comenius University Bratislava,Pakistan,Slovakia,Prefer not to say,27,B2,58.0,1.0,Medium,Other,0.29,0,0.6,Tutoring,1,Completed,Logistics,2025-11-02T11:58:26Z,0.84,0.79,0.64,0.57,0.58,0.89,0.75,0.75,0.78,0.56,0.63,0.85,0.66,0.69,0.95,0.67,0.68,0.9,0.66,0.74,0.89,0.51,0.7,0.7,0.78,0.7,0.85,0.66,0.72,0.73,0.81,0.6
LA000396,TSI Riga,Latvia,Latvia,Prefer not to say,21,C2,80.5,0.95,Medium,Single,0.29,0,0.1,None,1,Completed,Data Science,2025-11-02T11:58:25Z,0.7,0.51,0.93,0.73,0.63,0.85,0.83,0.83,0.73,0.97,0.62,0.69,0.76,0.52,0.78,0.68,0.71,0.71,0.58,0.8,0.66,0.82,0.75,0.52,0.68,0.76,0.91,0.73,0.51,0.67,0.44,0.87
IT000009,University of Messina,Sri Lanka,Italy,Female,24,B1,79.4,0.93,Low,Single,0.12,0,0.6,Tutoring,1,Completed,Computer Science,2025-11-02T11:58:25Z,0.91,0.81,1.0,0.96,0.87,0.7,0.65,0.59,0.73,0.75,0.76,0.48,0.71,0.63,0.59,0.71,0.72,0.68,0.59,0.67,0.67,0.84,0.8,0.61,0.54,0.75,0.71,0.56,0.65,0.86,0.56,0.71
IT000426,University of Messina,Bangladesh,Italy,Male,24,A2,62.1,0.81,Medium,Other,0.21,1,0.6,None,0,Dropped Out,Logistics,2025-11-02T11:58:25Z,0.86,0.92,0.61,0.84,0.61,0.67,0.76,0.85,0.87,0.58,0.67,0.61,0.79,0.7,0.76,0.81,0.47,0.67,0.92,0.74,1.0,0.56,0.63,0.91,0.65,0.94,0.67,0.65,0.76,0.75,0.88,0.65
IT000483,University of Messina,Spain,Italy,Prefer not to say,22,C1,84.7,0.91,High,Other,0.47,0,0.1,None,1,Completed,Data Science,2025-11-02T11:58:25Z,0.89,0.78,0.77,0.77,0.79,0.64,0.53,0.8,0.63,0.67,0.7,0.91,0.79,0.64,0.74,0.57,0.82,0.75,0.87,0.93,0.86,0.68,0.73,0.7,0.8,0.82,0.9,0.98,0.81,0.97,0.81,0.83
LA000007,TSI Riga,Nigeria,Latvia,Other,23,C1,68.6,0.94,Medium,Single,0.39,0,0.7,None,1,Completed,Engineering,2025-11-02T11:58:25Z,0.68,0.65,0.54,0.48,0.69,0.86,0.76,0.77,0.78,0.64,0.82,0.53,0.67,0.64,0.71,0.7,0.67,0.75,0.83,0.66,0.57,0.79,1.0,0.87,0.81,0.66,0.75,0.65,0.83,0.74,0.63,0.8
IT000040,University of Messina,Pakistan,Italy,Prefer not to say,28,A2,82.9,0.78,High,Married,0.42,1,0.6,BuddyProgram,0,Dropped Out,English Philology,2025-11-02T11:58:25Z,0.71,0.63,0.95,0.72,0.81,0.15,0.77,0.53,0.64,0.58,0.78,0.58,0.51,0.74,0.53,0.69,0.95,0.73,0.75,0.46,0.52,0.47,0.7,0.69,0.72,0.56,0.84,0.77,0.65,0.85,0.63,0.62
LA000313,TSI Riga,India,Latvia,Male,24,C2,63.0,0.82,Medium,Married,0.55,1,0.6,None,0,Left Country,Computer Science,2025-11-02T11:58:25Z,0.85,0.57,0.65,0.73,0.61,0.79,0.56,0.64,0.81,0.54,0.75,0.62,0.6,0.67,0.5,0.65,1.0,0.67,0.8,0.68,0.77,0.66,0.74,0.82,0.63,0.79,0.88,0.66,0.77,0.48,0.86,0.67
IT000298,Politecnico di Torino,Italy,Italy,Female,21,A2,65.8,1.0,High,Other,0.21,1,0.1,LanguageMentor,0,Left Country,English Philology,2025-11-02T11:58:25Z,0.69,0.61,0.89,0.81,0.84,0.71,0.66,0.89,0.87,0.73,0.66,0.8,0.73,0.63,0.76,0.71,0.62,0.61,0.69,0.86,0.64,0.57,0.78,1.0,0.87,0.83,0.82,0.71,1.0,0.53,0.67,0.64
LA000402,Daugavpils University,Spain,Latvia,Male,21,C2,68.7,0.93,Medium,Single,0.28,0,0.1,LanguageMentor,1,Completed,Logistics,2025-11-02T11:58:25Z,0.62,0.87,0.62,0.69,0.48,0.82,0.65,0.97,0.85,0.88,0.68,0.49,0.7,0.63,0.9,0.76,0.7,0.73,0.74,0.94,0.9,0.52,0.67,0.9,0.82,0.59,0.45,0.58,0.5,0.66,0.74,0.6
IT000398,University of Messina,Ukraine,Italy,Prefer not to say,23,C1,75.8,0.76,Low,Single,0.18,0,0.1,None,1,Completed,Data Science,2025-11-02T11:58:25Z,0.97,0.77,0.99,0.66,0.66,0.65,0.62,0.64,0.82,0.76,0.94,0.81,0.66,0.77,0.85,0.84,0.75,0.88,0.72,0.61,0.72,0.83,0.63,0.69,0.7,0.86,0.83,0.83,0.42,0.83,0.67,0.61
LA000189,Daugavpils University,Brazil,Latvia,Other,20,C2,69.7,0.96,High,Other,0.13,1,0.5,Tutoring,0,Administrative Withdrawal,Data Science,2025-11-02T11:58:25Z,1.0,0.73,0.73,0.77,0.99,0.68,0.69,0.68,0.75,0.77,0.79,0.75,0.89,0.6,0.77,0.76,0.69,0.8,0.99,0.77,0.97,0.99,0.42,0.95,0.64,0.69,0.77,0.9,0.7,0.68,0.96,0.67
IT000205,Politecnico di Torino,Italy,Italy,Other,23,B1,62.4,0.9,Low,Married,0.31,0,0.1,BuddyProgram,0,Transferred,Engineering,2025-11-02T11:58:25Z,0.73,0.56,0.64,0.73,0.58,0.69,0.72,0.55,0.9,0.9,0.81,0.87,0.7,0.96,0.72,0.6,0.83,0.79,0.81,0.62,0.9,0.69,0.65,0.45,0.87,0.57,0.79,0.69,0.82,0.76,0.78,0.65
LA000429,TSI Riga,USA,Latvia,Female,20,C2,74.5,0.87,High,Single,0.34,1,0.3,LanguageMentor,0,Administrative Withdrawal,Logistics,2025-11-02T11:58:25Z,0.61,0.92,0.58,0.93,0.95,0.82,0.83,0.61,0.77,0.81,0.85,0.66,0.81,0.69,1.0,0.69,0.7,0.97,0.84,0.73,0.62,0.78,0.7,0.74,0.56,0.7,0.71,0.64,0.75,0.87,0.74,0.94
LA000142,TSI Riga,Bangladesh,Latvia,Female,20,C2,63.8,0.71,Medium,Married,0.44,0,0.6,LanguageMentor,0,Failed Exams,Computer Science,2025-11-02T11:58:25Z,0.76,0.7,0.81,0.65,0.8,1.0,0.64,0.63,0.58,0.8,0.72,0.63,0.58,0.78,0.64,0.81,0.59,0.87,0.83,0.98,0.69,0.73,0.54,0.46,0.85,0.81,0.71,0.93,0.61,0.49,0.73,0.63
SL000362,Slovak Tech,USA,Slovakia,Prefer not to say,19,B2,79.0,0.92,High,Married,0.16,0,0.3,None,0,Transferred,Logistics,2025-11-02T11:58:26Z,0.73,0.8,0.74,0.81,0.77,0.68,0.96,0.84,0.84,0.76,0.58,0.98,0.63,0.61,0.79,0.77,0.91,0.8,0.66,0.67,0.87,0.8,0.55,0.82,0.49,0.64,0.63,0.65,0.65,0.72,0.45,0.65
SL000141,Comenius University Bratislava,Bangladesh,Slovakia,Female,21,B2,84.0,0.87,Medium,Other,0.19,0,0.6,BuddyProgram,1,Completed,Psychology,2025-11-02T11:58:26Z,0.88,0.78,0.63,0.75,0.92,0.56,0.74,0.69,0.86,0.83,0.88,0.58,0.74,0.97,0.62,0.85,0.68,0.68,0.56,0.59,0.61,0.75,0.72,0.82,0.78,0.82,0.76,0.78,0.73,0.79,0.55,0.99
LA000061,TSI Riga,Ukraine,Latvia,Other,23,B1,66.5,1.0,Low,Other,0.1,0,0.1,Tutoring,1,Completed,Economics,2025-11-02T11:58:25Z,0.54,0.81,1.0,0.81,0.68,0.69,0.69,0.53,0.85,0.7,0.84,0.7,0.66,0.91,0.73,0.72,0.92,0.62,0.81,0.79,0.82,0.73,0.76,0.7,1.0,0.68,0.68,0.41,0.68,0.66,0.65,0.73
LA000220,Daugavpils University,Slovakia,Latvia,Female,25,A2,68.6,0.89,High,Single,0.34,1,0.1,Tutoring,0,Dropped Out,Economics,2025-11-02T11:58:25Z,0.57,0.81,0.83,0.77,0.91,0.68,0.63,0.91,0.85,0.83,0.87,0.86,0.67,0.64,0.95,0.84,0.73,0.91,0.68,0.53,0.62,0.99,0.78,0.89,1.0,0.86,0.58,0.82,0.79,0.63,0.52,0.66
SL000045,Comenius University Bratislava,Pakistan,Slovakia,Female,20,B2,80.6,0.92,Low,Married,0.15,0,0.6,None,1,Completed,Engineering,2025-11-02T11:58:25Z,0.78,0.64,0.77,0.71,0.69,0.59,0.54,0.47,0.8,0.71,0.88,0.69,0.71,0.78,0.84,0.55,0.79,0.6,0.7,0.26,0.71,0.79,0.79,0.68,0.77,0.73,0.82,1.0,0.88,0.86,0.64,0.7
LA000171,Daugavpils University,India,Latvia,Prefer not to say,23,A2,75.3,0.79,Medium,Married,0.06,0,0.6,Tutoring,1,Completed,Economics,2025-11-02T11:58:25Z,0.86,0.63,0.72,0.62,1.0,0.8,0.77,0.62,0.57,0.62,0.66,0.81,0.6,0.76,0.39,0.84,0.67,0.85,0.6,0.83,0.63,0.79,0.81,0.64,0.79,0.69,0.79,0.55,0.88,0.46,0.78,0.84
LA000275,TSI Riga,Italy,Latvia,Prefer not to say,21,B1,61.7,0.88,High,Single,0.26,1,0.1,LanguageMentor,0,Left Country,Engineering,2025-11-02T11:58:25Z,0.53,0.87,0.7,0.63,0.56,0.81,0.6,0.84,0.8,0.57,0.58,0.67,0.64,0.64,0.8,0.84,0.81,0.72,0.71,0.85,0.68,0.57,0.79,0.75,0.68,0.55,0.59,0.67,0.94,0.71,0.79,0.52
IT000172,University of Messina,Pakistan,Italy,Female,25,B2,77.2,0.74,Medium,Other,0.07,0,0.6,BuddyProgram,0,Failed Exams,Engineering,2025-11-02T11:58:25Z,0.67,0.74,0.63,0.54,0.84,0.65,0.72,0.85,0.8,0.63,0.95,0.63,0.9,0.97,0.61,0.75,0.81,0.6,0.59,0.63,0.95,0.79,1.0,0.79,0.68,0.8,0.63,0.6,0.61,0.85,0.86,0.69
IT000271,Politecnico di Torino,Slovakia,Italy,Male,21,B2,79.7,0.91,Medium,Other,0.34,0,0.1,Tutoring,1,Completed,Economics,2025-11-02T11:58:25Z,0.7,0.72,0.81,0.88,0.87,0.78,0.57,0.68,0.86,0.91,0.7,0.87,0.84,0.66,0.7,0.59,0.66,0.66,0.74,0.53,0.84,0.68,0.69,0.63,0.7,0.91,0.86,0.77,0.65,0.72,0.63,0.78
SL000054,Comenius University Bratislava,Slovakia,Slovakia,Prefer not to say,22,A2,82.7,0.85,High,Married,0.33,0,0.1,Tutoring,1,Completed,Psychology,2025-11-02T11:58:25Z,0.62,0.84,0.8,0.76,0.85,0.78,0.78,0.77,0.73,0.69,0.67,0.81,0.62,0.63,0.88,0.74,0.87,0.56,0.92,0.79,0.86,0.72,0.71,0.72,0.91,1.0,0.65,0.75,0.77,0.5,0.7,0.54
LA000230,TSI Riga,Brazil,Latvia,Other,26,B2,80.1,0.87,Medium,Single,0.34,0,0.5,None,1,Completed,Business,2025-11-02T11:58:25Z,0.62,0.89,0.59,0.71,0.65,0.57,0.62,0.83,0.89,0.81,0.68,0.8,0.68,0.74,0.8,0.66,0.36,0.66,0.9,0.97,0.99,0.64,0.83,0.44,0.63,0.65,0.71,0.82,0.82,0.84,0.71,0.87
SL000343,Comenius University Bratislava,Italy,Slovakia,Female,27,C1,44.4,0.94,Low,Other,0.43,0,0.1,LanguageMentor,1,Completed,Psychology,2025-11-02T11:58:26Z,0.73,0.67,0.92,0.76,0.75,0.64,0.8,0.85,0.57,0.59,0.74,0.89,0.82,0.7,0.73,0.93,0.87,0.63,0.78,0.87,0.75,0.55,0.76,0.75,0.64,0.75,0.86,0.9,0.57,0.68,0.69,0.9
LA000180,TSI Riga,USA,Latvia,Female,24,C1,67.6,0.74,High,Married,0.15,0,0.3,LanguageMentor,1,Completed,Psychology,2025-11-02T11:58:25Z,0.84,0.87,0.53,0.67,0.68,0.59,0.71,0.79,0.75,0.85,0.68,0.81,0.8,0.89,0.82,0.66,0.61,0.59,0.62,0.71,0.6,0.67,0.93,0.6,0.71,0.76,0.62,0.46,0.79,0.72,0.92,0.55
SL000242,Comenius University Bratislava,Sri Lanka,Slovakia,Male,23,B2,82.1,0.8,Low,Single,0.26,0,0.6,Tutoring,0,Failed Exams,Computer Science,2025-11-02T11:58:26Z,0.76,0.85,0.56,0.64,0.7,0.76,0.84,0.61,0.66,0.87,0.47,0.67,0.63,0.72,0.71,0.73,0.77,0.86,0.63,0.55,0.43,0.81,0.89,0.6,0.71,0.72,0.85,0.72,0.71,0.57,0.68,0.72
IT000096,University of Messina,India,Italy,Female,20,C2,59.8,0.85,High,Married,0.23,0,0.6,LanguageMentor,1,Completed,Economics,2025-11-02T11:58:25Z,0.66,0.67,0.9,0.95,0.75,0.71,0.64,0.7,0.96,0.73,0.83,0.58,0.78,0.56,0.78,0.64,0.67,0.81,0.68,0.78,0.78,0.65,0.7,0.88,0.56,0.73,0.54,0.78,0.73,0.85,0.73,0.81
LA000525,TSI Riga,Brazil,Latvia,Prefer not to say,22,C2,66.4,0.91,High,Single,0.33,0,0.5,None,1,Completed,Data Science,2025-11-02T11:58:25Z,0.57,0.86,0.86,0.6,0.6,0.71,0.91,0.73,0.53,0.61,0.87,0.54,0.64,0.55,0.76,0.58,0.67,0.69,0.66,0.87,0.93,0.87,0.83,0.86,0.99,0.74,0.84,0.89,0.75,0.53,0.56,0.74
SL000179,Slovak Tech,India,Slovakia,Other,19,B2,79.4,0.98,Low,Single,0.41,0,0.6,BuddyProgram,1,Completed,Logistics,2025-11-02T11:58:26Z,0.7,0.73,0.56,0.76,0.89,0.57,0.93,0.77,0.73,0.74,0.82,0.82,0.82,0.78,0.66,0.68,0.6,0.84,0.76,0.73,0.52,0.8,0.88,0.8,0.74,0.85,0.75,0.83,0.8,0.82,0.63,0.63
LA000392,TSI Riga,Latvia,Latvia,Female,24,A2,59.5,0.99,High,Married,0.82,1,0.1,Tutoring,0,Dropped Out,Psychology,2025-11-02T11:58:25Z,1.0,0.87,0.57,0.71,0.52,0.83,0.73,0.54,0.68,0.69,0.77,0.56,0.87,0.45,0.63,0.61,0.65,0.41,0.26,0.56,0.74,0.72,0.48,0.54,0.88,0.67,0.7,0.69,0.84,1.0,0.54,0.31
SL000265,Slovak Tech,India,Slovakia,Other,25,C2,76.8,0.94,High,Single,0.4,0,0.6,None,1,Completed,English Philology,2025-11-02T11:58:26Z,0.6,0.66,0.91,0.71,0.85,0.74,1.0,0.53,0.52,0.68,0.7,0.65,0.53,0.78,0.6,0.57,0.69,0.77,0.63,0.51,0.73,0.57,0.74,0.7,0.66,0.79,0.7,1.0,0.66,0.73,0.87,0.8
SL000107,Comenius University Bratislava,Sri Lanka,Slovakia,Female,29,C1,60.9,0.83,Low,Other,0.17,0,0.6,Tutoring,1,Completed,English Philology,2025-11-02T11:58:26Z,0.64,0.67,0.64,0.8,0.95,0.92,0.69,0.74,0.62,0.78,0.39,0.86,0.73,1.0,0.68,0.71,0.65,0.77,0.67,0.86,0.51,0.73,0.83,0.74,0.76,0.61,0.83,0.71,0.75,0.82,0.73,0.88
LA000278,Daugavpils University,Latvia,Latvia,Female,25,A2,63.4,0.91,Medium,Other,0.5,0,0.1,None,1,Completed,Engineering,2025-11-02T11:58:25Z,0.72,0.75,0.83,0.76,0.87,0.8,0.88,0.64,0.49,0.87,0.65,0.72,0.72,0.91,0.71,0.79,0.82,0.7,0.73,0.76,0.94,0.7,0.65,0.76,0.62,0.73,0.5,0.68,0.54,0.82,0.99,0.71
IT000369,Politecnico di Torino,Nigeria,Italy,Prefer not to say,21,C2,74.3,0.8,Medium,Single,0.19,1,0.7,None,0,Dropped Out,Business,2025-11-02T11:58:25Z,0.75,0.79,0.7,0.67,0.78,0.63,0.79,0.8,0.75,0.75,0.84,0.55,0.59,0.82,0.54,0.62,0.8,0.72,0.87,0.61,0.65,0.8,0.63,0.79,0.56,0.65,0.53,0.65,0.64,0.75,0.8,0.41
SL000058,Slovak Tech,India,Slovakia,Other,27,C1,54.7,0.89,Low,Married,0.34,1,0.6,BuddyProgram,0,Dropped Out,Data Science,2025-11-02T11:58:25Z,0.87,0.94,0.67,0.76,0.75,0.68,0.71,0.59,0.84,0.48,0.71,0.96,0.6,0.75,0.82,0.62,0.78,0.97,0.6,0.85,0.88,0.68,0.69,0.7,0.73,0.57,0.64,0.73,0.55,0.71,0.61,0.53
IT000275,Politecnico di Torino,Bangladesh,Italy,Female,24,C1,46.9,0.88,Medium,Other,0.18,1,0.6,None,0,Dropped Out,Business,2025-11-02T11:58:25Z,0.67,0.67,0.72,0.68,0.61,0.88,0.66,0.68,0.9,0.74,0.77,0.51,0.87,0.92,0.51,0.98,0.55,0.7,0.68,0.92,1.0,0.89,0.82,0.67,0.53,0.57,0.74,0.75,0.9,0.69,0.84,0.58
IT000229,Politecnico di Torino,India,Italy,Male,24,C1,56.2,0.84,Medium,Married,0.32,0,0.6,Tutoring,1,Completed,Economics,2025-11-02T11:58:25Z,0.94,0.8,0.72,0.73,0.55,1.0,1.0,0.97,0.69,0.74,0.84,0.68,0.65,0.69,0.74,0.51,0.9,0.63,0.92,0.84,0.91,0.56,0.73,0.69,0.86,0.53,0.73,0.61,0.75,0.79,0.69,0.45
IT000277,Politecnico di Torino,Spain,Italy,Other,24,B2,65.7,0.9,Low,Married,0.08,0,0.1,Tutoring,1,Completed,English Philology,2025-11-02T11:58:25Z,0.93,0.85,0.88,0.61,0.61,1.0,0.58,0.88,0.81,0.66,0.77,0.78,0.35,0.94,0.82,0.72,0.83,0.71,0.8,0.79,0.61,0.63,0.8,0.65,0.75,0.72,0.73,0.53,0.37,0.41,0.67,0.65
LA000080,Daugavpils University,India,Latvia,Other,24,B2,76.2,0.91,Low,Single,0.37,1,0.6,Counseling,0,Dropped Out,Data Science,2025-11-02T11:58:25Z,0.56,0.65,0.55,0.76,0.57,0.67,0.88,0.75,0.74,1.0,0.71,0.57,0.89,0.7,0.67,0.58,0.8,1.0,0.85,0.62,0.55,0.79,0.78,0.51,0.57,0.63,0.79,1.0,0.59,0.48,0.7,0.66
IT000088,University of Messina,Ukraine,Italy,Other,26,C1,60.1,0.78,Low,Single,0.41,0,0.1,None,1,Completed,English Philology,2025-11-02T11:58:25Z,0.83,0.78,0.51,0.45,0.79,0.53,0.69,0.94,0.63,0.83,0.67,0.51,0.64,0.72,0.91,0.73,0.62,0.82,0.63,0.58,0.75,0.78,0.71,0.75,0.73,0.82,0.69,0.79,0.58,0.62,0.91,0.92
SL000117,Comenius University Bratislava,Brazil,Slovakia,Male,26,C2,75.5,1.0,High,Other,0.32,0,0.5,Counseling,1,Completed,Computer Science,2025-11-02T11:58:26Z,0.86,0.5,0.58,0.54,0.79,0.8,0.94,0.73,0.68,0.65,0.93,0.78,0.58,0.58,0.71,0.83,0.64,0.57,0.8,0.67,1.0,0.76,0.78,0.74,0.6,0.66,0.65,0.57,0.75,0.96,0.67,0.84
SL000193,Slovak Tech,Nigeria,Slovakia,Male,24,B2,80.4,0.82,Low,Other,0.07,0,0.7,LanguageMentor,1,Completed,Logistics,2025-11-02T11:58:26Z,0.75,0.74,0.91,0.84,0.7,0.6,0.59,0.73,0.84,0.67,0.78,0.59,0.68,0.57,0.91,0.8,0.66,0.6,0.69,0.71,0.85,0.61,0.65,0.67,0.63,0.71,0.66,0.7,1.0,0.83,0.66,0.83
LA000048,Daugavpils University,Bangladesh,Latvia,Male,22,C1,69.7,0.99,Low,Other,0.3,0,0.6,None,1,Completed,Economics,2025-11-02T11:58:25Z,0.63,0.83,0.53,0.7,0.55,0.62,0.93,0.51,0.62,0.46,0.74,0.92,0.78,0.72,0.8,0.51,0.67,0.6,0.69,0.77,0.56,0.83,0.62,0.78,0.75,0.79,0.73,0.76,0.76,0.72,0.79,0.77
LA000187,TSI Riga,Italy,Latvia,Other,23,A2,63.6,0.92,High,Single,0.11,0,0.1,LanguageMentor,0,Transferred,Engineering,2025-11-02T11:58:25Z,0.8,0.71,0.53,1.0,0.62,0.68,0.62,0.7,0.63,0.69,0.55,0.74,0.67,0.61,0.77,0.57,0.54,0.79,0.65,0.84,0.81,0.84,0.64,0.58,0.67,0.96,0.83,0.67,0.74,0.74,0.61,0.84
LA000261,Daugavpils University,Sri Lanka,Latvia,Other,22,B1,72.0,0.86,Low,Single,0.11,1,0.6,Counseling,0,Dropped Out,Computer Science,2025-11-02T11:58:25Z,0.87,0.7,0.79,0.6,0.87,0.85,0.64,0.61,0.87,0.55,0.87,0.78,0.76,0.73,0.63,0.92,0.42,0.76,0.71,0.72,0.77,0.72,0.47,0.65,0.74,0.85,0.52,0.63,0.86,0.73,0.76,0.56
SL000071,Comenius University Bratislava,Brazil,Slovakia,Male,18,B2,67.8,0.88,High,Other,0.36,0,0.5,BuddyProgram,0,Transferred,Engineering,2025-11-02T11:58:26Z,0.78,0.78,0.79,0.67,0.6,0.85,0.75,0.81,0.57,0.79,0.57,0.79,0.7,0.74,0.79,0.44,0.84,0.85,0.75,0.58,0.82,0.66,0.65,0.6,0.71,0.85,0.81,0.95,0.68,0.71,0.91,0.72
IT000371,University of Messina,Slovakia,Italy,Prefer not to say,21,B2,63.2,0.87,Medium,Single,0.2,0,0.1,LanguageMentor,1,Completed,Psychology,2025-11-02T11:58:25Z,0.74,0.75,0.77,0.43,0.81,0.52,0.82,0.75,0.85,0.64,0.61,0.74,1.0,0.68,0.74,0.89,0.68,0.59,0.91,0.68,0.58,0.66,0.85,0.68,0.41,0.72,0.86,0.59,0.83,0.63,0.83,0.59
LA000093,Daugavpils University,Pakistan,Latvia,Male,25,C2,63.0,0.79,Low,Single,0.09,0,0.6,LanguageMentor,0,Failed Exams,Economics,2025-11-02T11:58:25Z,0.74,0.84,0.88,0.7,0.94,0.59,0.69,0.73,0.53,0.55,0.81,0.78,0.73,0.71,0.93,0.8,0.92,0.62,0.68,0.81,0.86,0.67,0.54,0.64,0.52,0.78,0.87,0.79,0.74,0.97,0.76,0.77
SL000364,Slovak Tech,Bangladesh,Slovakia,Male,22,A2,82.9,0.87,High,Single,0.19,0,0.6,BuddyProgram,1,Completed,English Philology,2025-11-02T11:58:26Z,0.75,0.61,0.71,0.64,0.89,0.81,0.65,0.75,0.89,0.64,0.94,0.63,0.77,0.88,0.83,0.89,0.94,0.77,0.74,0.77,0.79,0.71,0.76,0.67,0.7,0.91,0.76,0.93,0.71,0.68,0.42,0.86
LA000493,TSI Riga,Nigeria,Latvia,Other,25,B1,63.1,0.93,Low,Single,0.3,0,0.7,Tutoring,1,Completed,Business,2025-11-02T11:58:25Z,0.78,0.76,0.62,0.72,0.61,0.68,0.42,0.96,0.66,0.73,0.59,0.58,0.79,0.86,0.8,0.7,0.92,0.64,0.59,0.87,0.87,0.54,0.82,0.72,0.97,0.66,0.84,1.0,0.6,0.92,0.63,0.81
IT000249,University of Messina,Spain,Italy,Male,18,B2,89.4,0.97,High,Other,0.14,0,0.1,None,1,Completed,Economics,2025-11-02T11:58:25Z,0.84,0.48,0.75,0.87,0.72,0.6,0.66,0.73,0.79,0.7,0.73,0.8,0.56,0.93,0.78,0.66,0.89,0.63,0.69,0.8,0.74,0.98,0.69,0.79,0.63,0.76,0.82,0.76,0.77,0.61,0.69,0.61
LA000379,TSI Riga,Nigeria,Latvia,Other,21,C1,75.8,0.8,Low,Other,0.23,0,0.7,Tutoring,1,Completed,Data Science,2025-11-02T11:58:25Z,0.73,0.81,0.53,0.61,0.75,0.84,0.72,0.74,0.8,0.87,0.85,0.85,0.64,0.76,0.53,0.67,0.84,0.58,0.88,0.72,0.74,0.59,0.86,0.68,0.58,0.68,0.7,0.86,0.78,0.57,0.72,0.86
IT000032,Politecnico di Torino,Slovakia,Italy,Male,19,C1,82.7,0.89,Low,Married,0.17,1,0.1,BuddyProgram,0,Left Country,English Philology,2025-11-02T11:58:25Z,0.68,0.8,0.74,0.83,0.64,0.76,0.78,0.52,0.83,0.59,0.7,0.68,0.61,0.57,0.64,0.6,0.94,0.84,0.78,0.77,0.71,0.89,0.73,1.0,0.63,0.89,0.85,0.57,0.68,0.37,0.84,0.69
SL000213,Comenius University Bratislava,Italy,Slovakia,Other,22,C1,71.4,0.92,High,Single,0.36,0,0.1,LanguageMentor,1,Completed,Engineering,2025-11-02T11:58:26Z,0.78,0.51,0.46,0.55,0.69,0.91,0.6,0.46,0.9,0.65,0.71,0.77,0.92,0.58,0.84,0.72,0.57,0.67,0.61,0.81,0.46,0.72,0.89,0.51,0.76,0.88,0.69,0.78,0.75,0.7,0.74,0.62
LA000240,TSI Riga,Spain,Latvia,Female,20,C1,71.7,0.8,High,Other,0.09,0,0.1,None,1,Completed,Economics,2025-11-02T11:58:25Z,0.7,0.75,0.76,0.76,0.68,0.72,0.55,0.71,0.51,0.94,0.76,0.67,0.72,0.46,0.62,0.74,0.92,0.87,0.79,0.63,0.4,0.8,0.61,0.64,0.77,0.88,0.62,0.8,0.85,0.8,0.62,0.7
SL000124,Comenius University Bratislava,Brazil,Slovakia,Other,24,C2,77.9,0.84,Low,Other,0.26,0,0.5,BuddyProgram,1,Completed,Economics,2025-11-02T11:58:26Z,0.75,0.8,0.45,0.59,0.78,0.72,0.68,0.75,0.62,0.8,0.7,0.7,0.62,0.54,1.0,0.75,0.87,0.65,0.45,0.64,0.73,0.86,0.81,0.81,0.64,1.0,0.66,0.65,0.67,0.77,0.81,0.66
LA000561,TSI Riga,Italy,Latvia,Male,24,A2,63.5,0.99,Low,Single,0.26,0,0.1,BuddyProgram,1,Completed,Data Science,2025-11-02T11:58:25Z,0.81,0.63,0.73,0.5,0.79,0.6,0.54,0.81,0.59,0.81,0.75,0.47,0.76,0.6,0.87,0.71,0.66,0.83,0.87,0.46,0.73,0.63,0.82,0.59,0.37,0.62,0.7,0.85,0.7,0.6,0.91,0.55
IT000086,University of Messina,Slovakia,Italy,Male,25,A2,83.9,0.94,Low,Other,0.62,0,0.1,LanguageMentor,1,Completed,Economics,2025-11-02T11:58:25Z,0.42,0.86,0.65,0.63,0.96,1.0,0.59,0.67,0.6,0.83,0.59,0.84,0.51,0.8,0.66,0.59,0.74,0.51,0.5,0.36,0.41,0.56,0.41,0.68,0.62,0.57,0.81,0.62,0.88,0.96,0.81,0.64
SL000459,Slovak Tech,Latvia,Slovakia,Prefer not to say,27,B1,90.2,0.81,High,Married,0.22,0,0.1,BuddyProgram,1,Completed,Economics,2025-11-02T11:58:26Z,0.69,0.67,0.84,0.79,0.9,0.6,0.76,0.87,0.65,0.77,0.62,0.92,0.57,0.92,0.46,0.78,0.74,0.73,0.73,0.81,0.99,0.73,0.57,0.6,0.77,0.75,0.74,0.61,0.57,0.6,0.79,0.6
IT000027,University of Messina,Pakistan,Italy,Other,18,C2,91.5,0.94,Low,Other,0.41,0,0.6,None,0,Failed Exams,Data Science,2025-11-02T11:58:25Z,0.85,0.34,0.61,0.55,0.86,0.79,0.78,0.69,0.64,0.9,0.67,0.87,0.57,0.53,0.74,0.85,0.65,0.71,0.62,0.72,0.82,0.93,0.94,0.74,0.81,0.41,0.59,0.89,0.62,0.82,0.39,1.0
LA000146,TSI Riga,Spain,Latvia,Prefer not to say,25,C2,57.6,0.78,Medium,Single,0.19,0,0.1,None,1,Completed,Logistics,2025-11-02T11:58:25Z,0.7,0.59,0.71,0.64,0.81,0.8,0.7,0.64,0.74,0.54,0.41,0.74,0.89,0.93,0.68,0.66,1.0,0.76,0.55,0.7,0.71,0.62,1.0,0.71,0.6,0.43,0.91,0.99,0.75,0.78,0.68,0.47
SL000169,Comenius University Bratislava,Slovakia,Slovakia,Other,24,B1,63.8,0.99,Medium,Other,0.22,0,0.1,None,1,Completed,Computer Science,2025-11-02T11:58:26Z,0.83,0.75,0.89,0.6,0.51,0.88,0.52,0.57,0.95,0.69,0.69,0.5,0.84,0.75,0.58,0.73,0.63,0.75,0.69,0.66,0.88,0.48,0.64,0.8,0.82,0.64,0.7,0.83,0.91,0.82,0.79,0.88
IT000481,University of Messina,Nigeria,Italy,Prefer not to say,21,C2,75.7,0.82,Low,Married,0.43,0,0.7,None,1,Completed,English Philology,2025-11-02T11:58:25Z,0.56,0.65,0.57,0.88,0.66,0.75,0.7,0.84,0.74,0.7,0.85,0.69,0.71,0.68,0.7,0.98,0.74,0.7,0.7,0.64,0.76,0.78,0.71,0.68,0.64,0.45,0.66,0.55,0.74,0.72,0.78,0.92
SL000268,Comenius University Bratislava,Bangladesh,Slovakia,Female,25,A2,79.7,0.92,Medium,Other,0.72,0,0.6,Counseling,1,Ongoing,Data Science,2025-11-02T11:58:26Z,0.67,0.71,0.64,0.72,0.61,0.72,0.69,0.74,0.66,0.89,0.79,0.48,0.7,0.3,0.7,0.77,0.5,0.47,0.67,0.49,0.55,0.45,0.5,0.43,0.75,1.0,0.61,0.68,0.83,0.78,0.58,0.57
IT000479,University of Messina,Vietnam,Italy,Prefer not to say,30,B2,74.5,0.83,Medium,Other,0.09,1,0.6,None,0,Administrative Withdrawal,Logistics,2025-11-02T11:58:25Z,0.89,0.86,0.69,0.71,0.93,0.95,0.74,0.8,0.87,0.28,0.72,0.81,0.73,0.79,0.87,0.78,0.69,0.55,0.57,0.62,0.84,0.66,0.93,0.61,0.53,0.66,0.62,0.76,0.78,0.62,0.98,0.79
IT000361,Politecnico di Torino,Brazil,Italy,Prefer not to say,23,B1,71.0,0.84,Low,Other,0.12,0,0.5,BuddyProgram,1,Completed,Economics,2025-11-02T11:58:25Z,0.48,0.73,0.56,0.63,0.66,0.72,0.85,0.66,0.86,0.94,0.92,0.54,0.56,0.62,0.69,0.79,0.77,0.55,0.66,0.58,0.74,0.71,0.75,0.55,0.61,0.82,0.52,0.67,0.72,0.59,0.7,0.82
IT000180,Politecnico di Torino,Ukraine,Italy,Female,31,C2,71.3,0.88,High,Married,0.24,0,0.1,Tutoring,0,Transferred,Data Science,2025-11-02T11:58:25Z,0.63,0.96,0.83,0.76,0.91,0.71,0.49,0.65,0.77,0.64,0.83,0.86,0.79,0.66,0.64,0.74,0.7,0.63,0.6,0.66,0.81,0.69,0.81,0.93,0.75,0.8,0.9,0.76,0.75,0.62,0.88,0.81
SL000103,Comenius University Bratislava,Brazil,Slovakia,Male,24,A2,75.5,0.88,Medium,Single,0.23,1,0.5,LanguageMentor,0,Dropped Out,Psychology,2025-11-02T11:58:26Z,0.92,0.75,0.86,0.82,0.84,0.88,0.52,0.96,0.96,0.64,0.74,0.91,0.75,0.78,0.9,0.54,0.54,0.82,0.63,0.72,0.8,0.65,0.85,0.63,0.64,0.6,0.74,0.58,0.72,0.73,0.67,0.71
SL000285,Slovak Tech,Slovakia,Slovakia,Male,25,C1,61.0,0.79,Medium,Single,0.23,0,0.1,None,1,Completed,Logistics,2025-11-02T11:58:26Z,0.75,0.63,0.81,0.93,0.8,0.73,0.66,0.86,0.76,0.72,0.8,0.81,1.0,0.58,0.84,0.67,0.76,0.79,0.82,0.84,0.65,0.97,0.81,0.77,0.73,1.0,0.89,0.56,0.54,0.8,0.7,0.84
LA000077,TSI Riga,Latvia,Latvia,Female,26,A2,83.1,0.7,Low,Other,0.03,0,0.1,None,0,Failed Exams,Economics,2025-11-02T11:58:25Z,0.67,0.84,0.55,0.66,0.65,0.79,0.72,0.85,0.59,0.82,0.85,0.71,0.96,0.9,0.99,0.8,0.72,0.69,0.85,0.78,0.67,0.91,0.82,0.8,0.87,0.84,0.73,0.67,0.52,0.67,0.6,0.66
LA000050,Daugavpils University,Brazil,Latvia,Other,26,C2,86.4,0.81,Low,Other,0.22,0,0.5,None,1,Completed,Logistics,2025-11-02T11:58:25Z,0.85,0.81,0.91,0.92,0.83,0.45,0.45,0.66,0.57,0.69,0.53,0.64,0.79,0.6,0.87,0.41,0.66,0.94,0.67,0.82,0.72,0.77,0.94,0.79,0.8,0.79,0.65,0.77,0.83,0.69,0.69,0.74
IT000103,Politecnico di Torino,Italy,Italy,Other,23,C1,66.2,0.88,High,Married,0.21,1,0.1,None,0,Dropped Out,Business,2025-11-02T11:58:25Z,0.99,0.6,0.95,0.65,0.78,0.67,0.84,0.84,0.69,0.87,0.68,0.42,0.56,0.86,0.65,0.71,0.66,0.69,0.82,0.57,0.94,0.48,0.69,0.74,0.75,0.89,0.74,0.65,0.87,0.77,0.65,1.0
LA000169,TSI Riga,Sri Lanka,Latvia,Other,22,C2,68.7,0.91,High,Married,0.13,0,0.6,None,1,Completed,Engineering,2025-11-02T11:58:25Z,0.84,0.7,0.65,0.83,0.91,0.82,0.93,0.85,0.77,0.79,0.72,0.73,0.54,0.68,0.79,0.79,0.96,0.85,0.71,0.59,0.49,0.74,0.7,0.94,0.81,0.84,0.89,0.76,0.74,0.59,0.74,0.75
IT000023,University of Messina,Sri Lanka,Italy,Prefer not to say,18,C2,70.1,0.84,Low,Single,0.09,0,0.6,BuddyProgram,1,Completed,Data Science,2025-11-02T11:58:25Z,0.9,0.7,0.66,0.64,0.78,0.84,0.71,0.53,0.79,0.73,0.72,0.63,0.7,0.72,0.86,0.81,0.55,0.8,0.6,0.85,0.63,0.74,0.65,0.75,0.57,0.86,0.98,0.63,0.78,0.87,0.76,0.73
IT000144,Politecnico di Torino,Latvia,Italy,Female,26,A2,79.9,0.86,Medium,Other,0.61,1,0.1,LanguageMentor,0,Dropped Out,Psychology,2025-11-02T11:58:25Z,0.82,0.77,0.84,0.7,0.55,0.72,0.69,0.41,0.52,0.58,0.76,0.47,0.68,0.72,0.57,0.52,0.44,0.73,0.65,0.4,0.41,0.49,0.63,0.69,0.6,0.81,0.77,0.69,0.78,0.73,0.66,0.75
SL000379,Comenius University Bratislava,USA,Slovakia,Female,25,C1,76.6,0.99,Medium,Other,0.17,0,0.3,Tutoring,1,Completed,Computer Science,2025-11-02T11:58:26Z,0.49,0.69,0.73,0.73,0.5,0.7,0.8,0.55,0.75,0.67,0.81,0.75,0.55,0.79,0.64,0.72,0.58,0.76,0.9,0.92,0.81,0.75,0.77,0.84,0.42,0.73,0.85,0.74,0.75,0.7,0.74,0.63
IT000114,Politecnico di Torino,USA,Italy,Prefer not to say,21,C2,71.3,0.84,Low,Married,0.17,0,0.3,LanguageMentor,1,Completed,Computer Science,2025-11-02T11:58:25Z,0.66,0.69,0.52,0.7,0.61,0.77,0.79,0.72,0.81,0.57,0.88,0.81,0.79,0.76,0.73,0.99,0.59,0.53,0.84,0.84,1.0,0.62,0.67,0.66,0.7,0.89,0.73,0.82,0.67,0.99,0.56,0.74
LA000236,Daugavpils University,Latvia,Latvia,Male,28,B2,73.9,1.0,Medium,Married,0.22,0,0.1,None,1,Ongoing,Psychology,2025-11-02T11:58:25Z,0.47,0.77,0.45,0.56,0.85,0.67,0.63,0.76,0.8,0.9,0.82,0.52,0.7,0.88,0.81,0.74,0.79,0.71,0.82,0.81,0.95,0.71,0.72,0.8,0.65,0.76,0.66,0.67,0.57,0.74,0.44,0.76
LA000443,TSI Riga,Vietnam,Latvia,Other,26,C1,71.8,0.96,Medium,Married,0.15,0,0.6,LanguageMentor,1,Completed,Logistics,2025-11-02T11:58:25Z,0.84,0.61,0.69,0.95,0.81,0.83,0.79,0.73,0.88,0.66,0.7,0.69,0.27,0.86,0.98,0.69,0.76,0.88,0.7,0.81,0.65,0.7,0.75,0.87,0.77,0.85,0.73,0.73,0.64,0.76,0.65,0.85
LA000016,Daugavpils University,Spain,Latvia,Other,24,C1,78.8,0.93,Medium,Single,0.01,1,0.1,None,0,Dropped Out,Engineering,2025-11-02T11:58:25Z,0.97,0.68,0.69,0.64,0.77,0.75,0.62,0.76,0.72,0.78,1.0,0.8,0.31,0.55,0.93,0.72,0.53,0.65,0.79,0.81,0.7,0.81,0.68,0.68,0.79,0.79,0.73,0.77,0.54,0.81,0.99,0.73
SL000201,Comenius University Bratislava,Sri Lanka,Slovakia,Male,27,C1,56.1,0.98,Low,Married,0.22,0,0.6,Tutoring,1,Completed,Data Science,2025-11-02T11:58:26Z,0.7,0.82,0.63,0.59,0.58,1.0,0.69,0.89,0.78,0.7,0.79,0.91,0.7,0.82,0.74,0.59,0.66,0.75,0.66,0.71,0.65,1.0,0.81,0.78,0.81,0.8,0.71,0.49,0.7,0.72,0.76,0.74
LA000470,Daugavpils University,USA,Latvia,Other,28,C1,73.7,0.8,Low,Single,0.36,0,0.3,LanguageMentor,1,Completed,Engineering,2025-11-02T11:58:25Z,0.62,0.54,0.73,0.72,0.72,0.69,0.67,0.96,0.71,0.72,0.82,0.78,0.58,0.78,0.75,0.79,0.61,0.37,0.69,0.63,0.77,0.71,0.92,0.6,0.67,0.59,0.9,0.53,0.54,0.64,0.69,0.58
SL000222,Comenius University Bratislava,Sri Lanka,Slovakia,Female,22,C2,72.8,0.94,Low,Married,0.14,0,0.6,Tutoring,1,Completed,Engineering,2025-11-02T11:58:26Z,0.81,0.83,0.65,0.52,0.67,0.66,0.8,0.7,0.65,0.83,0.43,0.75,0.77,0.88,0.65,0.56,0.84,0.64,0.76,0.62,0.69,0.8,0.6,0.55,0.55,0.78,0.93,0.83,0.61,0.56,0.89,0.69
LA000097,TSI Riga,Pakistan,Latvia,Female,29,A2,55.8,0.89,Medium,Married,0.28,0,0.6,Tutoring,1,Completed,Economics,2025-11-02T11:58:25Z,0.8,0.8,0.79,0.73,0.75,0.82,0.89,0.95,0.67,0.79,0.74,0.74,0.86,0.86,0.64,0.61,0.84,0.93,0.61,0.49,0.65,0.62,0.88,0.74,0.64,0.78,0.88,0.84,0.92,0.69,0.89,0.81
SL000287,Comenius University Bratislava,Spain,Slovakia,Other,28,B2,46.3,0.7,Low,Married,0.11,0,0.1,None,0,Transferred,English Philology,2025-11-02T11:58:26Z,0.75,0.87,0.72,0.76,1.0,0.88,0.75,0.87,0.88,0.77,0.76,0.43,0.66,0.65,0.89,0.87,0.62,0.67,0.61,0.82,0.7,0.76,0.55,0.59,0.64,0.84,0.91,0.77,0.9,0.61,0.77,0.5
LA000508,TSI Riga,Spain,Latvia,Prefer not to say,23,B1,81.3,0.96,Low,Married,0.24,0,0.1,LanguageMentor,1,Completed,Logistics,2025-11-02T11:58:25Z,0.89,0.81,0.53,0.69,0.75,0.51,0.75,0.77,0.78,0.52,0.72,0.81,0.81,0.94,0.52,0.61,0.8,0.75,0.62,0.63,0.7,0.78,0.48,0.65,0.64,0.96,0.84,0.66,0.76,0.52,0.81,0.45
LA000325,TSI Riga,India,Latvia,Male,24,C2,70.5,0.93,Low,Other,0.42,1,0.6,None,0,Dropped Out,Psychology,2025-11-02T11:58:25Z,0.8,0.69,0.43,0.89,0.52,0.87,0.74,0.63,0.8,0.72,0.77,0.72,0.87,0.53,0.93,0.73,0.84,0.77,0.7,0.89,0.57,0.84,0.53,0.75,0.91,0.63,0.82,0.72,0.65,0.46,0.78,0.77
IT000208,Politecnico di Torino,Sri Lanka,Italy,Prefer not to say,20,A2,76.1,0.83,Low,Other,0.46,0,0.6,BuddyProgram,1,Completed,Business,2025-11-02T11:58:25Z,0.94,0.52,0.74,0.76,0.92,0.88,0.92,0.74,0.72,0.78,0.84,0.63,0.75,0.61,0.78,0.73,0.74,0.77,0.75,0.71,0.45,0.41,0.62,0.71,0.49,1.0,0.65,0.64,0.69,0.77,0.65,0.61
IT000112,Politecnico di Torino,Vietnam,Italy,Other,31,A2,53.7,0.94,Medium,Married,0.41,0,0.6,None,1,Completed,Engineering,2025-11-02T11:58:25Z,0.8,0.61,0.98,0.81,0.65,0.98,0.68,0.77,0.87,0.69,0.78,0.93,0.64,0.64,0.76,0.69,0.57,0.7,0.59,0.87,0.57,0.77,0.89,0.67,1.0,0.68,0.59,0.73,0.74,0.88,0.67,0.93
SL000474,Slovak Tech,Bangladesh,Slovakia,Female,25,A2,78.6,0.94,Low,Single,0.29,0,0.6,Tutoring,1,Completed,Computer Science,2025-11-02T11:58:26Z,0.91,0.78,0.71,0.69,0.62,0.98,0.9,0.74,0.81,0.79,0.62,0.6,0.59,0.8,0.81,0.85,0.61,0.72,0.9,0.61,0.66,0.89,0.65,0.63,0.71,0.7,0.51,0.77,0.71,0.69,0.66,0.89
LA000151,TSI Riga,Ukraine,Latvia,Female,21,C1,59.1,1.0,Low,Married,0.27,1,0.1,LanguageMentor,0,Dropped Out,Engineering,2025-11-02T11:58:25Z,0.54,0.77,0.86,0.81,0.92,0.7,0.73,0.51,0.65,0.75,0.68,0.65,0.81,0.63,0.85,0.65,0.57,0.69,0.63,0.8,0.74,0.71,0.84,0.91,0.86,0.67,0.76,0.7,1.0,0.49,0.59,0.71
LA000346,TSI Riga,Vietnam,Latvia,Female,25,B1,59.9,0.81,High,Other,0.44,1,0.6,None,0,Dropped Out,Data Science,2025-11-02T11:58:25Z,0.71,0.76,0.95,0.7,0.78,0.59,0.81,0.68,0.96,0.75,0.43,0.65,0.53,0.76,0.81,0.71,0.73,0.56,0.83,0.81,0.55,0.55,0.72,0.73,0.8,0.97,0.5,0.7,0.6,0.75,0.75,0.72
LA000153,Daugavpils University,Pakistan,Latvia,Male,24,B1,69.2,0.8,High,Single,0.1,0,0.6,BuddyProgram,1,Completed,Economics,2025-11-02T11:58:25Z,0.71,0.71,0.8,0.92,0.98,0.67,0.61,0.8,0.44,0.54,0.86,0.71,0.58,0.67,0.65,0.87,0.84,0.87,0.6,0.75,0.66,0.58,0.71,0.68,0.65,0.58,0.6,0.65,0.79,0.69,0.7,0.78
SL000427,Comenius University Bratislava,India,Slovakia,Male,18,C2,74.1,0.99,High,Married,0.45,0,0.6,None,1,Ongoing,Computer Science,2025-11-02T11:58:26Z,0.78,0.56,0.79,0.58,0.8,0.95,0.67,0.69,0.59,0.56,0.86,0.81,0.64,0.66,0.69,0.53,0.96,0.79,0.44,0.74,0.67,0.62,0.58,0.65,0.62,0.76,0.75,0.9,0.81,0.57,0.58,0.79
SL000393,Slovak Tech,Slovakia,Slovakia,Female,22,B1,80.5,1.0,Low,Single,0.86,0,0.1,None,0,Failed Exams,Economics,2025-11-02T11:58:26Z,0.82,0.88,0.82,0.9,0.6,0.93,0.54,0.88,0.64,0.81,0.52,0.55,0.67,0.45,0.75,0.56,0.51,0.48,0.35,0.37,0.3,0.58,0.48,0.62,0.6,0.59,0.78,0.75,0.69,0.56,0.67,0.78
IT000126,University of Messina,Vietnam,Italy,Female,21,A2,73.6,0.89,Low,Other,0.15,0,0.6,LanguageMentor,1,Completed,English Philology,2025-11-02T11:58:25Z,0.82,0.66,0.46,0.78,0.77,0.81,0.67,0.93,0.7,0.65,0.93,0.83,1.0,0.71,0.72,0.69,0.74,0.76,0.63,0.85,0.71,0.75,0.89,0.82,0.75,0.75,0.47,0.83,0.7,0.75,0.91,0.76
LA000092,Daugavpils University,Vietnam,Latvia,Prefer not to say,24,A2,58.5,0.74,High,Single,0.43,0,0.6,None,0,Transferred,Data Science,2025-11-02T11:58:25Z,0.72,0.79,0.79,0.83,0.8,0.87,0.66,0.97,0.66,0.69,0.5,0.75,0.78,0.73,0.57,0.51,0.77,0.61,0.39,1.0,0.81,0.46,0.85,0.53,0.83,0.71,0.77,0.71,0.71,0.79,0.57,0.74
IT000402,Politecnico di Torino,Italy,Italy,Other,30,A2,80.6,0.97,Low,Married,0.48,0,0.1,BuddyProgram,1,Completed,English Philology,2025-11-02T11:58:25Z,0.57,0.68,0.84,0.68,1.0,0.8,0.58,0.66,0.6,0.84,0.76,0.87,0.87,0.77,0.52,0.91,0.45,0.7,0.87,0.91,0.6,0.8,0.54,0.6,0.82,0.87,0.87,0.64,0.7,0.78,0.59,0.69
SL000142,Slovak Tech,Vietnam,Slovakia,Male,25,B2,77.6,0.8,High,Single,0.38,0,0.6,LanguageMentor,1,Completed,Business,2025-11-02T11:58:26Z,0.62,0.73,0.69,0.77,0.71,0.74,0.81,0.79,0.65,0.56,0.54,0.92,0.71,0.92,0.94,0.75,0.59,0.69,0.68,0.85,0.75,0.9,0.59,0.66,0.66,0.6,0.7,0.68,0.78,0.56,0.84,0.59
IT000115,Politecnico di Torino,Pakistan,Italy,Male,22,B1,61.5,0.86,Medium,Married,0.25,0,0.6,Tutoring,0,Transferred,Logistics,2025-11-02T11:58:25Z,0.69,0.86,0.67,1.0,0.64,0.66,0.56,0.85,0.96,0.7,0.63,0.69,0.54,0.91,1.0,0.76,0.71,0.83,0.5,0.76,0.83,0.65,0.52,0.62,1.0,0.56,0.65,0.98,0.77,0.95,0.52,0.75
IT000498,Politecnico di Torino,Vietnam,Italy,Male,19,C1,79.0,0.95,High,Other,0.25,0,0.6,None,1,Completed,Economics,2025-11-02T11:58:25Z,0.76,0.6,0.7,0.58,0.61,0.69,0.98,0.56,0.38,1.0,0.78,0.73,0.66,0.94,0.56,0.79,0.75,0.75,0.99,0.72,0.69,0.71,0.69,0.76,0.52,0.64,0.82,0.79,0.83,0.55,0.82,0.83
SL000097,Slovak Tech,Nigeria,Slovakia,Other,24,B1,71.4,0.86,Low,Other,0.39,0,0.7,BuddyProgram,0,Failed Exams,English Philology,2025-11-02T11:58:26Z,0.58,0.76,0.78,0.9,0.71,0.9,0.88,0.73,0.86,0.58,0.82,0.83,0.84,0.84,0.88,0.92,0.73,0.73,0.82,0.72,0.91,0.63,0.57,0.76,0.48,0.91,0.76,0.71,0.76,0.8,0.53,0.7
LA000544,Daugavpils University,Brazil,Latvia,Male,23,B2,78.6,0.93,Low,Other,0.28,0,0.5,None,1,Completed,Engineering,2025-11-02T11:58:25Z,0.63,0.87,0.82,0.67,0.64,0.75,0.63,0.56,0.67,0.7,0.86,0.59,0.66,0.8,0.92,0.88,0.78,0.64,0.73,0.82,0.87,0.54,0.82,0.93,0.59,0.7,0.48,0.79,0.96,0.95,0.63,0.8
LA000539,Daugavpils University,Brazil,Latvia,Female,25,A2,79.4,1.0,Low,Single,0.3,1,0.5,None,0,Left Country,Computer Science,2025-11-02T11:58:25Z,0.5,0.83,0.59,0.74,0.86,0.92,0.87,0.81,0.75,0.75,0.77,0.78,0.61,0.85,0.86,0.94,0.69,0.82,0.82,0.67,0.54,0.66,0.64,0.78,0.83,0.52,0.72,0.66,0.54,0.4,0.72,0.72
LA000378,Daugavpils University,Sri Lanka,Latvia,Male,21,B2,74.7,0.79,Low,Single,0.24,1,0.6,Tutoring,0,Dropped Out,Economics,2025-11-02T11:58:25Z,0.7,0.8,0.7,0.72,0.69,0.35,0.74,0.81,0.89,0.64,0.64,0.97,0.48,0.67,0.63,0.76,0.7,0.77,0.87,0.42,0.71,0.8,0.33,0.96,0.67,0.71,0.58,0.75,0.71,0.85,0.77,0.54
IT000035,University of Messina,Slovakia,Italy,Prefer not to say,26,C2,77.4,0.87,Low,Other,0.47,1,0.1,BuddyProgram,0,Dropped Out,Logistics,2025-11-02T11:58:25Z,0.64,0.87,0.94,0.94,0.8,0.81,1.0,0.97,0.84,0.74,0.81,0.63,0.77,0.85,0.74,1.0,0.64,0.64,0.87,0.73,0.65,0.71,1.0,0.63,0.58,0.87,0.69,0.85,0.75,1.0,0.9,0.86
IT000478,University of Messina,Vietnam,Italy,Other,22,C2,89.2,0.89,Low,Other,0.21,1,0.6,None,0,Dropped Out,Business,2025-11-02T11:58:25Z,0.68,0.86,0.73,0.86,0.74,0.71,0.84,0.71,0.73,0.83,0.56,0.61,0.65,0.71,0.64,0.64,0.64,0.88,0.9,0.76,0.72,0.7,0.59,0.69,0.62,0.48,0.76,0.9,0.74,0.42,0.71,0.77
SL000332,Comenius University Bratislava,USA,Slovakia,Other,24,C1,80.3,0.94,Low,Other,0.28,0,0.3,LanguageMentor,0,Failed Exams,Data Science,2025-11-02T11:58:26Z,0.74,0.79,0.76,0.86,0.95,0.6,0.92,0.7,0.88,0.83,0.79,0.94,0.53,0.93,0.94,0.67,0.9,1.0,0.89,0.83,0.87,0.71,0.7,0.67,0.79,1.0,0.81,0.83,0.74,0.68,0.82,0.67
LA000213,Daugavpils University,Brazil,Latvia,Other,25,B2,65.3,0.94,Low,Married,0.16,0,0.5,BuddyProgram,1,Ongoing,Business,2025-11-02T11:58:25Z,0.71,0.7,0.54,0.65,0.75,0.6,0.82,0.85,0.89,0.69,0.7,0.49,0.57,0.78,0.75,0.96,0.89,0.92,0.8,0.56,0.76,0.65,0.64,0.69,0.72,0.57,0.97,0.5,0.74,0.82,0.73,0.71
LA000165,TSI Riga,Ukraine,Latvia,Other,22,C1,60.1,0.92,Low,Single,0.35,1,0.1,Tutoring,0,Dropped Out,Business,2025-11-02T11:58:25Z,0.52,0.77,0.63,1.0,0.78,0.64,0.7,0.83,0.85,0.7,0.73,1.0,0.63,0.8,0.77,0.74,0.4,0.75,0.52,0.9,0.76,0.6,0.69,0.84,0.53,0.81,0.68,0.77,0.86,0.91,0.59,0.73
IT000516,Politecnico di Torino,Pakistan,Italy,Female,23,C2,84.3,0.86,Low,Other,0.14,0,0.6,Counseling,1,Completed,Psychology,2025-11-02T11:58:25Z,0.68,0.88,0.69,0.6,0.54,0.71,0.86,0.76,0.52,0.67,0.46,0.76,0.57,0.63,0.94,0.56,0.7,0.46,0.64,0.83,0.86,0.8,0.8,0.94,0.73,0.75,0.72,0.76,0.69,0.63,0.78,0.84
SL000228,Comenius University Bratislava,Ukraine,Slovakia,Other,23,C1,72.8,0.95,Low,Married,0.34,0,0.1,None,1,Completed,Engineering,2025-11-02T11:58:26Z,0.83,0.39,0.73,0.65,0.96,0.75,0.58,0.74,0.98,0.81,0.68,0.62,0.78,0.75,0.88,0.65,0.85,0.64,0.8,0.51,0.96,0.61,0.72,0.45,0.79,0.61,0.62,0.63,0.52,0.79,0.69,0.57
LA000412,Daugavpils University,Pakistan,Latvia,Other,29,B2,74.9,0.83,Medium,Other,0.2,0,0.6,None,1,Completed,Engineering,2025-11-02T11:58:25Z,0.82,0.4,0.58,0.58,0.84,0.41,0.9,0.84,0.55,0.79,0.8,0.79,0.62,0.51,0.48,0.72,0.74,0.72,0.99,0.62,0.81,0.67,0.72,0.47,0.78,0.57,0.93,0.64,0.55,0.55,0.77,0.73
SL000138,Slovak Tech,Brazil,Slovakia,Prefer not to say,24,C2,68.2,0.97,Low,Married,0.1,0,0.5,Tutoring,1,Completed,Business,2025-11-02T11:58:26Z,0.64,0.95,0.57,0.99,0.89,0.63,0.34,0.71,0.83,0.79,0.77,0.56,0.99,0.7,0.68,0.63,0.89,0.78,0.75,0.78,0.94,0.78,0.67,0.75,0.85,0.7,0.59,0.65,0.57,0.58,1.0,0.58
IT000495,University of Messina,Pakistan,Italy,Male,18,B1,67.1,0.94,Low,Single,0.63,1,0.6,None,0,Dropped Out,English Philology,2025-11-02T11:58:25Z,0.71,0.69,0.9,0.69,0.84,0.49,0.74,0.52,0.68,0.75,0.66,0.69,0.68,0.68,0.48,0.64,0.5,0.82,0.67,0.62,0.66,0.78,0.6,0.5,0.79,0.62,0.82,0.84,0.67,0.7,0.65,0.64
SL000424,Slovak Tech,Spain,Slovakia,Prefer not to say,21,B2,57.3,1.0,High,Other,0.13,0,0.1,None,1,Completed,Logistics,2025-11-02T11:58:26Z,0.71,0.81,0.96,0.66,0.6,0.79,0.9,0.74,0.86,0.82,0.78,0.74,0.77,0.82,0.71,0.61,0.84,0.54,0.56,0.61,0.71,0.84,0.82,0.86,0.69,0.59,0.56,0.58,0.76,0.68,0.75,0.77
LA000390,Daugavpils University,Sri Lanka,Latvia,Prefer not to say,23,B1,75.4,0.95,Low,Other,0.44,0,0.6,Tutoring,1,Completed,Economics,2025-11-02T11:58:25Z,0.74,0.64,0.91,0.65,0.83,0.54,0.67,0.81,0.95,0.79,0.73,0.76,0.84,0.53,0.67,0.71,0.59,0.48,0.79,0.77,0.51,0.94,0.66,0.7,0.77,0.85,0.71,0.76,0.78,0.7,0.75,0.76
IT000012,Politecnico di Torino,USA,Italy,Other,24,B1,80.4,0.88,Low,Single,0.37,0,0.3,BuddyProgram,1,Ongoing,Business,2025-11-02T11:58:25Z,0.88,0.66,0.8,0.68,0.57,0.7,0.78,0.7,0.79,0.79,0.86,0.89,0.86,0.82,0.81,0.62,0.94,0.64,0.68,0.71,0.7,0.8,0.9,0.71,0.94,0.56,0.82,0.91,0.61,0.87,0.65,0.72
LA000315,TSI Riga,Sri Lanka,Latvia,Male,27,C2,75.9,0.87,Low,Single,0.19,0,0.6,BuddyProgram,1,Ongoing,Engineering,2025-11-02T11:58:25Z,0.96,0.92,0.8,0.79,0.91,0.7,0.74,0.88,0.64,0.9,0.78,0.71,0.59,0.77,0.71,0.92,0.85,0.6,0.73,0.51,0.8,0.57,1.0,0.72,0.69,0.69,0.66,0.66,0.73,0.61,0.73,0.58
LA000034,TSI Riga,Vietnam,Latvia,Male,21,C1,64.7,0.9,Low,Single,0.1,0,0.6,LanguageMentor,0,Failed Exams,Computer Science,2025-11-02T11:58:25Z,0.7,0.55,0.69,0.85,0.82,0.85,0.82,0.81,0.76,0.67,0.61,0.58,0.84,0.57,0.8,0.85,1.0,0.78,0.97,0.54,0.94,0.54,0.78,0.62,0.9,1.0,0.6,0.95,0.64,0.9,0.66,0.84
IT000008,University of Messina,Italy,Italy,Male,20,C2,68.9,0.82,Medium,Married,0.59,0,0.1,None,0,Failed Exams,Business,2025-11-02T11:58:25Z,0.75,0.61,0.77,0.46,0.85,1.0,0.34,0.65,0.45,0.83,0.88,0.66,0.72,0.76,0.82,0.74,0.77,0.72,0.6,0.87,0.57,0.9,0.77,0.61,0.87,0.65,0.7,0.38,0.82,0.73,0.63,0.87
LA000397,TSI Riga,Bangladesh,Latvia,Prefer not to say,19,C2,57.2,1.0,Medium,Married,0.35,0,0.6,LanguageMentor,1,Completed,Engineering,2025-11-02T11:58:25Z,0.68,0.68,0.31,0.77,0.6,0.64,0.91,0.87,0.67,0.96,0.9,0.8,0.7,0.64,0.89,0.66,0.99,0.77,0.85,0.65,0.65,0.62,0.74,0.93,0.77,0.75,0.76,0.65,0.76,0.44,0.67,0.8
SL000214,Comenius University Bratislava,Sri Lanka,Slovakia,Other,24,C2,56.2,1.0,High,Other,0.64,0,0.6,None,1,Completed,Computer Science,2025-11-02T11:58:26Z,0.82,0.64,0.54,0.59,0.84,0.82,0.72,0.61,0.7,0.66,0.84,0.45,0.6,0.53,0.65,0.64,0.5,0.84,0.46,0.36,0.35,0.43,0.41,0.67,0.64,0.51,0.75,0.63,0.88,0.95,0.71,0.77
IT000039,University of Messina,USA,Italy,Female,20,B1,83.1,0.83,Low,Married,0.19,0,0.3,LanguageMentor,1,Completed,Computer Science,2025-11-02T11:58:25Z,0.72,0.65,0.74,0.86,0.57,0.74,0.47,0.76,0.54,0.77,1.0,0.77,0.69,0.87,0.94,0.54,0.74,0.91,0.76,0.75,0.77,0.64,0.72,0.56,0.69,0.82,0.54,0.67,0.83,0.73,0.8,0.68
LA000238,TSI Riga,Pakistan,Latvia,Other,23,B2,71.5,0.79,High,Single,0.31,0,0.6,BuddyProgram,1,Completed,Economics,2025-11-02T11:58:25Z,0.72,0.81,0.67,0.74,0.85,0.74,0.53,0.39,0.89,0.68,0.58,0.86,0.92,0.71,0.79,0.52,0.63,0.61,0.48,0.73,0.71,0.69,0.57,0.51,0.64,0.63,0.68,0.76,0.67,0.92,0.74,0.93
LA000025,Daugavpils University,Pakistan,Latvia,Female,23,B2,71.6,0.86,Medium,Married,0.01,0,0.6,Tutoring,0,Transferred,English Philology,2025-11-02T11:58:25Z,0.78,0.9,0.52,0.63,0.72,0.98,0.84,0.47,0.73,0.9,0.54,0.69,0.62,0.46,0.66,0.79,0.63,0.74,0.92,0.62,0.8,0.8,0.61,0.61,0.88,0.81,0.71,0.84,0.69,0.71,0.42,0.56
LA000411,TSI Riga,Vietnam,Latvia,Male,25,C1,81.5,0.89,Medium,Other,0.31,0,0.6,Tutoring,1,Ongoing,English Philology,2025-11-02T11:58:25Z,0.85,0.78,0.96,0.74,0.71,0.74,0.71,0.78,0.97,0.74,0.76,0.77,0.76,0.72,0.53,0.8,0.81,0.83,0.75,0.59,0.74,0.76,0.75,0.81,0.71,0.75,0.79,0.77,0.78,0.59,0.49,0.75
IT000422,Politecnico di Torino,Slovakia,Italy,Prefer not to say,22,C1,69.2,0.86,Low,Single,0.2,0,0.1,BuddyProgram,0,Transferred,Engineering,2025-11-02T11:58:25Z,0.86,0.75,0.71,0.87,0.71,0.65,0.55,0.77,0.54,0.65,0.7,0.74,0.64,0.83,0.95,0.78,0.82,0.94,0.96,0.65,0.77,0.78,0.67,0.42,0.84,0.69,0.79,0.57,0.75,0.62,0.87,0.76
LA000178,Daugavpils University,USA,Latvia,Male,25,C2,84.5,0.83,High,Single,0.14,0,0.3,None,1,Completed,Computer Science,2025-11-02T11:58:25Z,0.87,0.67,0.51,0.87,0.72,0.73,0.62,0.77,0.67,0.65,0.74,0.97,0.59,0.61,1.0,0.52,0.68,0.57,0.8,0.6,0.84,1.0,0.75,0.97,0.53,0.84,0.7,0.86,0.82,0.53,0.77,0.69
IT000504,University of Messina,Pakistan,Italy,Other,21,C1,90.2,0.97,High,Married,0.13,0,0.6,Tutoring,1,Ongoing,Business,2025-11-02T11:58:25Z,0.68,0.61,0.91,0.8,0.83,0.69,0.88,1.0,0.7,0.74,0.84,0.65,0.71,0.88,0.7,0.72,0.6,0.38,0.6,0.93,0.62,0.64,0.71,0.78,0.79,0.56,0.43,0.74,0.56,0.48,0.75,0.75
SL000330,Slovak Tech,Ukraine,Slovakia,Prefer not to say,25,C2,85.8,0.81,High,Married,0.04,0,0.1,LanguageMentor,1,Completed,Data Science,2025-11-02T11:58:26Z,0.54,0.55,0.84,0.5,0.75,0.61,0.75,0.69,0.77,0.8,0.53,0.79,0.84,0.75,0.74,0.53,0.73,0.65,0.63,0.59,0.67,0.55,0.86,0.67,0.75,0.9,0.55,0.61,0.56,0.66,0.46,0.89
LA000472,TSI Riga,USA,Latvia,Male,26,A2,94.2,0.91,High,Married,0.18,0,0.3,None,0,Failed Exams,Economics,2025-11-02T11:58:25Z,0.74,0.76,0.68,0.72,0.55,0.71,0.88,0.78,0.83,0.81,0.79,0.56,0.64,0.92,0.58,0.61,0.79,0.8,0.71,0.89,0.68,0.59,0.49,0.67,0.9,0.88,0.62,0.67,0.67,0.66,0.76,0.6
SL000131,Slovak Tech,Ukraine,Slovakia,Prefer not to say,27,C1,47.8,0.88,High,Single,0.31,0,0.1,Tutoring,1,Completed,Data Science,2025-11-02T11:58:26Z,0.71,0.74,1.0,0.97,0.74,0.94,0.68,0.84,0.63,0.8,0.68,0.64,0.7,0.47,0.47,0.87,0.61,0.66,0.8,0.6,0.73,0.71,0.83,0.81,0.69,0.82,0.71,0.91,0.77,0.91,0.65,0.84
IT000083,Politecnico di Torino,Brazil,Italy,Other,20,A2,54.9,0.94,High,Other,0.49,0,0.5,BuddyProgram,1,Completed,Data Science,2025-11-02T11:58:25Z,0.59,0.82,0.55,0.81,0.79,0.59,0.95,0.54,0.7,0.72,0.7,1.0,0.65,0.57,0.62,0.7,0.76,0.62,0.72,0.82,0.63,1.0,0.71,0.61,0.62,0.98,1.0,0.8,0.85,0.46,0.74,0.85
SL000471,Comenius University Bratislava,Vietnam,Slovakia,Male,24,A2,75.9,0.83,Medium,Married,0.15,1,0.6,None,0,Left Country,Logistics,2025-11-02T11:58:26Z,0.72,0.85,0.77,0.74,0.77,0.71,0.79,0.72,0.64,0.77,0.54,0.83,0.49,0.75,0.77,0.57,0.58,0.63,0.77,0.84,0.76,0.72,0.54,0.44,0.79,0.84,0.78,0.65,0.58,0.84,0.75,0.91
IT000546,Politecnico di Torino,Ukraine,Italy,Female,23,C1,60.3,1.0,Low,Single,0.1,0,0.1,None,1,Completed,Engineering,2025-11-02T11:58:25Z,0.76,0.77,0.71,0.64,0.6,0.54,0.73,0.76,0.88,0.65,0.8,0.79,1.0,0.59,0.66,0.71,0.89,0.84,0.54,0.58,0.62,0.86,0.69,0.8,1.0,0.46,1.0,0.52,0.56,0.67,0.69,0.74
IT000528,University of Messina,Ukraine,Italy,Other,21,C1,63.5,0.83,Low,Single,0.23,0,0.1,BuddyProgram,0,Failed Exams,Psychology,2025-11-02T11:58:25Z,0.85,0.63,0.73,0.67,0.52,0.5,0.6,0.41,0.81,0.88,0.9,0.65,0.9,0.78,0.72,0.98,0.75,0.64,0.71,0.82,0.62,0.58,0.75,0.6,0.65,0.85,0.8,0.69,0.75,0.86,0.57,0.79
LA000014,Daugavpils University,Brazil,Latvia,Male,24,A2,64.5,0.9,Medium,Other,0.4,0,0.5,LanguageMentor,1,Completed,Economics,2025-11-02T11:58:25Z,0.64,0.57,0.6,0.85,0.92,0.78,0.73,0.8,0.81,0.65,0.97,0.52,0.54,0.69,0.62,0.72,0.73,0.75,0.76,0.84,0.53,0.57,0.89,0.54,0.67,0.71,0.67,0.72,0.8,0.54,0.66,0.67
IT000258,Politecnico di Torino,Pakistan,Italy,Prefer not to say,28,C1,60.6,0.82,Medium,Single,0.19,1,0.6,LanguageMentor,0,Left Country,Economics,2025-11-02T11:58:25Z,0.85,0.32,0.55,1.0,0.56,0.73,0.72,0.78,0.52,0.65,0.84,0.69,0.68,0.58,0.88,0.52,0.72,0.67,0.5,0.69,0.59,0.66,0.69,0.9,0.65,0.79,0.7,0.8,0.8,0.75,0.79,0.82
LA000166,TSI Riga,Spain,Latvia,Prefer not to say,28,B2,71.4,0.92,High,Single,0.14,0,0.1,None,1,Completed,Data Science,2025-11-02T11:58:25Z,0.98,0.72,0.63,0.86,0.76,0.84,0.64,0.83,0.95,0.73,0.63,0.54,0.77,0.59,0.68,0.77,0.8,0.85,0.63,0.65,0.72,0.94,0.8,0.75,0.74,0.6,0.83,0.95,0.69,0.89,0.84,0.72
LA000276,Daugavpils University,Spain,Latvia,Male,23,C2,79.1,0.95,Medium,Single,0.22,0,0.1,None,0,Transferred,English Philology,2025-11-02T11:58:25Z,0.83,0.8,0.66,0.72,0.72,0.74,0.75,0.81,0.79,0.79,0.88,0.57,0.71,0.63,0.84,0.82,0.81,0.71,0.7,0.67,0.65,0.45,0.77,0.65,0.91,0.69,0.76,0.8,0.83,0.53,0.63,0.71
LA000502,Daugavpils University,Ukraine,Latvia,Female,23,B1,63.8,1.0,Medium,Single,0.05,1,0.1,None,0,Dropped Out,Psychology,2025-11-02T11:58:25Z,0.8,0.7,0.92,0.87,0.87,0.79,0.82,0.78,0.5,0.79,0.69,0.67,0.67,0.88,0.56,0.57,0.74,0.59,0.6,0.61,0.63,0.84,0.68,0.6,0.71,0.62,0.69,0.77,0.65,0.61,0.79,0.95
IT000043,Politecnico di Torino,Latvia,Italy,Other,26,C1,62.7,0.99,Low,Other,0.34,1,0.1,None,0,Dropped Out,English Philology,2025-11-02T11:58:25Z,0.66,0.66,0.8,0.71,0.78,0.78,0.9,0.68,0.79,0.54,0.85,0.68,0.67,0.61,0.97,0.64,0.52,0.93,0.68,0.93,0.71,0.69,0.58,0.7,0.51,0.86,0.77,0.76,0.87,0.66,0.78,0.73
SL000089,Slovak Tech,Bangladesh,Slovakia,Prefer not to say,20,A2,71.0,0.9,High,Married,0.6,0,0.6,Tutoring,0,Failed Exams,Engineering,2025-11-02T11:58:26Z,0.53,0.84,0.72,0.7,0.99,0.86,0.81,1.0,0.59,0.9,0.56,0.7,0.74,0.8,0.78,0.62,0.77,0.71,0.79,0.64,0.51,0.71,0.87,0.7,0.56,0.67,0.96,0.8,0.68,0.71,0.43,0.52
SL000006,Slovak Tech,Slovakia,Slovakia,Male,21,B1,82.2,0.79,Low,Other,0.21,1,0.1,Counseling,0,Left Country,Computer Science,2025-11-02T11:58:25Z,0.71,0.7,0.82,0.67,0.87,0.76,0.85,0.72,0.81,0.77,0.79,0.84,0.84,0.7,0.6,0.61,0.47,0.91,0.62,0.7,0.94,0.59,0.73,0.59,0.86,0.87,0.53,0.54,0.66,0.7,0.69,0.48
SL000136,Comenius University Bratislava,Vietnam,Slovakia,Prefer not to say,23,C1,68.8,0.8,High,Single,0.43,0,0.6,LanguageMentor,1,Completed,English Philology,2025-11-02T11:58:26Z,0.83,0.6,0.81,0.72,0.62,1.0,0.73,0.51,0.45,0.93,0.46,0.66,0.61,0.87,1.0,0.65,0.66,0.51,0.76,0.58,0.7,0.83,0.78,0.59,0.77,0.83,0.67,0.79,0.86,0.71,0.59,0.81
SL000049,Slovak Tech,Brazil,Slovakia,Prefer not to say,23,A2,77.6,0.82,High,Single,0.69,1,0.5,None,0,Dropped Out,English Philology,2025-11-02T11:58:25Z,0.46,0.78,0.9,0.66,0.78,0.96,0.72,0.82,0.46,0.75,0.63,0.73,0.74,0.53,0.55,0.45,0.51,0.36,0.65,0.81,0.42,0.62,0.6,0.56,0.84,0.66,0.64,0.74,0.58,0.67,0.6,0.53
IT000321,University of Messina,Bangladesh,Italy,Prefer not to say,28,C1,62.3,0.88,Low,Single,0.38,0,0.6,None,1,Completed,Business,2025-11-02T11:58:25Z,0.7,0.32,0.83,0.6,0.79,0.58,0.83,0.5,0.92,0.76,0.87,0.87,0.56,0.66,0.59,0.76,0.78,0.69,0.78,0.85,0.66,0.77,0.81,0.78,0.61,0.61,0.72,0.88,0.69,0.74,0.78,0.72
LA000399,Daugavpils University,Bangladesh,Latvia,Prefer not to say,21,C1,64.3,0.77,High,Single,0.28,0,0.6,BuddyProgram,1,Completed,Psychology,2025-11-02T11:58:25Z,0.82,0.7,0.7,0.77,0.62,0.65,0.82,0.9,1.0,0.78,0.94,0.61,0.77,0.73,0.67,0.83,0.51,0.98,0.61,0.8,0.67,0.73,0.73,0.88,0.58,0.98,0.37,0.56,0.8,0.6,0.75,0.68
LA000385,Daugavpils University,Spain,Latvia,Prefer not to say,25,C2,67.0,0.76,Medium,Other,0.12,0,0.1,None,1,Completed,English Philology,2025-11-02T11:58:25Z,0.58,0.88,0.4,0.75,0.82,0.7,0.67,0.78,0.62,1.0,0.64,0.78,0.63,0.62,0.86,0.76,0.58,0.94,0.66,0.79,0.57,0.84,0.81,0.74,0.59,0.67,0.6,0.73,0.69,0.72,0.59,0.73
LA000112,Daugavpils University,Nigeria,Latvia,Male,23,C1,73.5,0.92,Low,Married,0.83,0,0.7,Tutoring,1,Completed,Data Science,2025-11-02T11:58:25Z,0.76,0.73,0.9,0.39,0.84,0.7,0.83,0.91,0.66,0.72,0.53,0.68,0.7,0.58,0.55,0.57,0.47,0.57,0.67,0.55,0.56,0.73,0.43,0.62,0.78,0.74,0.7,0.8,0.77,0.84,0.9,0.63
LA000451,TSI Riga,Vietnam,Latvia,Female,21,C2,79.4,0.86,Medium,Married,0.44,0,0.6,Tutoring,0,Failed Exams,Data Science,2025-11-02T11:58:25Z,0.72,0.61,0.61,0.49,0.97,0.66,0.74,0.64,0.92,0.78,0.84,0.91,0.85,0.84,0.58,0.58,0.87,0.82,0.76,0.68,0.58,0.82,0.6,0.52,0.81,0.71,0.64,0.74,0.77,0.64,0.82,0.77
IT000060,Politecnico di Torino,Brazil,Italy,Other,20,A2,75.7,0.89,High,Married,0.12,0,0.5,None,1,Completed,Computer Science,2025-11-02T11:58:25Z,0.84,0.8,0.64,0.64,0.8,0.67,0.58,0.58,0.7,0.71,0.76,0.87,0.76,0.88,0.89,0.79,0.72,0.59,0.72,0.8,0.74,0.76,0.67,0.8,0.52,0.75,0.74,0.87,0.75,0.67,0.78,0.84
LA000312,Daugavpils University,Sri Lanka,Latvia,Male,23,C2,50.6,0.87,Low,Married,0.15,0,0.6,None,1,Completed,Economics,2025-11-02T11:58:25Z,0.85,0.77,0.85,0.4,0.72,0.7,0.9,0.66,0.71,1.0,0.65,0.71,0.89,0.53,1.0,0.71,0.8,0.47,0.74,0.61,0.69,0.78,0.67,0.65,0.75,0.59,0.64,0.93,0.68,0.87,0.67,0.84
IT000123,University of Messina,Brazil,Italy,Prefer not to say,28,C1,84.6,0.83,High,Married,0.24,0,0.5,BuddyProgram,1,Completed,Engineering,2025-11-02T11:58:25Z,0.72,0.6,0.71,0.76,0.71,0.69,0.66,0.79,0.87,0.99,0.66,0.75,0.96,0.68,0.69,0.65,0.59,0.81,0.73,0.75,0.68,0.81,0.68,0.74,0.6,0.73,0.81,0.53,0.59,0.79,0.69,0.6
LA000341,TSI Riga,Spain,Latvia,Other,22,B2,73.0,0.84,Low,Married,0.69,0,0.1,BuddyProgram,1,Completed,Business,2025-11-02T11:58:25Z,0.99,0.84,0.59,0.8,0.93,0.76,0.68,0.82,0.67,0.51,0.74,0.82,0.72,0.38,0.65,0.63,0.72,0.67,0.63,0.7,0.34,0.74,0.44,0.44,0.49,0.75,0.8,0.65,0.65,0.76,0.61,0.67
LA000105,Daugavpils University,Ukraine,Latvia,Other,26,B2,68.7,0.87,Low,Other,0.21,0,0.1,None,1,Completed,Engineering,2025-11-02T11:58:25Z,0.8,0.64,0.67,1.0,0.78,0.92,0.68,0.68,0.77,0.63,0.69,0.8,0.84,0.83,0.86,0.84,0.63,0.67,0.65,0.45,0.75,0.68,0.76,0.74,0.95,0.6,0.77,0.82,0.77,0.86,0.62,0.69
LA000393,Daugavpils University,Latvia,Latvia,Other,21,C1,79.6,0.89,Low,Single,0.05,1,0.1,None,0,Dropped Out,Data Science,2025-11-02T11:58:25Z,0.79,0.86,0.59,0.69,0.66,0.72,0.85,0.71,0.61,0.62,0.52,0.75,0.86,0.87,0.66,0.51,0.53,0.77,0.86,0.59,0.88,0.52,0.78,0.7,0.82,0.49,0.88,0.79,0.72,0.71,0.45,0.87
IT000156,University of Messina,Nigeria,Italy,Male,28,B1,80.4,0.88,Medium,Other,0.25,1,0.7,LanguageMentor,0,Dropped Out,Engineering,2025-11-02T11:58:25Z,0.39,0.69,0.67,0.7,0.58,0.99,0.72,0.86,0.67,0.81,0.86,0.63,0.79,0.83,0.82,0.56,0.78,0.73,0.86,0.82,0.72,0.76,0.54,0.7,0.72,0.65,0.72,0.71,0.55,0.72,0.66,0.58
IT000521,Politecnico di Torino,Bangladesh,Italy,Prefer not to say,25,B2,71.4,0.84,Medium,Single,0.38,0,0.6,Tutoring,0,Failed Exams,Data Science,2025-11-02T11:58:25Z,0.63,0.74,0.54,0.69,0.92,0.63,0.84,0.61,0.64,1.0,0.57,0.65,0.7,0.5,0.71,0.79,0.8,0.68,0.83,0.61,0.77,0.78,0.75,0.76,0.8,1.0,0.95,0.65,0.67,1.0,0.45,0.65
LA000357,Daugavpils University,Nigeria,Latvia,Other,19,B2,66.3,0.84,Low,Other,0.39,0,0.7,LanguageMentor,0,Transferred,Computer Science,2025-11-02T11:58:25Z,0.81,0.67,0.71,0.65,0.72,0.53,0.74,0.55,0.8,0.74,0.8,0.57,0.79,0.56,0.73,0.64,0.59,0.79,0.52,0.8,0.42,0.74,0.69,0.69,0.61,0.75,0.77,0.88,0.74,0.69,0.85,0.46
IT000120,University of Messina,Slovakia,Italy,Prefer not to say,21,A2,59.2,0.81,High,Single,0.19,1,0.1,LanguageMentor,0,Dropped Out,Logistics,2025-11-02T11:58:25Z,0.77,0.62,0.83,0.57,0.78,0.83,0.68,0.76,0.46,0.55,0.62,0.62,0.66,0.67,0.76,1.0,0.69,0.71,0.46,0.6,0.73,0.59,0.81,0.8,0.62,0.75,0.75,0.71,0.5,0.9,0.91,1.0
SL000437,Slovak Tech,Spain,Slovakia,Other,30,C1,55.9,0.88,High,Married,0.37,0,0.1,Tutoring,1,Completed,Engineering,2025-11-02T11:58:26Z,0.73,0.78,0.54,0.6,0.81,0.82,0.86,0.83,0.81,0.68,0.6,0.83,0.6,0.54,0.78,0.93,0.62,0.78,0.85,0.78,0.49,0.75,0.92,0.68,0.61,0.72,0.53,0.6,0.84,0.67,0.79,0.57
SL000479,Comenius University Bratislava,Spain,Slovakia,Male,29,C2,67.0,0.86,Low,Married,0.28,1,0.1,None,0,Dropped Out,English Philology,2025-11-02T11:58:26Z,0.6,0.7,0.72,0.65,0.63,0.8,0.78,0.61,0.65,0.75,0.49,0.5,0.65,0.5,0.93,0.76,0.58,1.0,0.47,0.46,0.8,0.51,0.49,0.74,1.0,0.52,0.92,0.87,1.0,0.65,0.68,0.77
LA000086,Daugavpils University,India,Latvia,Prefer not to say,21,B1,73.0,0.78,High,Other,0.5,0,0.6,LanguageMentor,1,Completed,Business,2025-11-02T11:58:25Z,0.81,0.66,0.76,0.79,0.73,0.67,0.56,0.84,0.87,0.59,0.93,0.58,0.84,0.62,0.66,0.66,0.65,0.55,0.75,0.8,0.66,0.5,0.68,0.58,0.75,0.86,0.8,0.52,0.67,0.92,0.77,0.72
IT000345,Politecnico di Torino,Nigeria,Italy,Male,26,C1,93.1,0.85,Low,Married,0.11,1,0.7,Tutoring,0,Dropped Out,Psychology,2025-11-02T11:58:25Z,0.66,0.7,1.0,0.75,0.81,0.9,0.77,0.71,0.59,0.95,0.78,0.73,0.63,0.72,0.54,0.68,0.71,0.87,0.74,0.71,0.76,0.7,0.67,0.84,0.76,0.86,0.75,0.77,0.85,0.51,0.82,0.9
LA000088,TSI Riga,Pakistan,Latvia,Female,25,B2,71.2,0.88,Medium,Married,0.18,0,0.6,LanguageMentor,1,Completed,Engineering,2025-11-02T11:58:25Z,0.85,0.59,0.49,0.77,0.71,0.74,0.8,0.51,0.63,0.74,0.69,0.71,0.84,0.79,0.84,0.82,0.97,0.69,0.85,0.99,0.57,0.85,0.59,0.89,0.73,0.91,0.68,0.96,0.58,0.76,0.73,0.88
LA000231,TSI Riga,Italy,Latvia,Other,28,B1,74.1,0.99,High,Single,0.11,0,0.1,LanguageMentor,1,Completed,English Philology,2025-11-02T11:58:25Z,0.67,0.68,0.8,0.97,0.56,0.73,0.74,0.64,0.62,0.68,0.55,0.81,0.84,0.68,0.72,0.77,0.64,0.98,0.68,0.58,0.76,0.64,0.76,0.75,0.84,0.45,0.61,0.71,0.51,0.79,0.83,0.71
IT000184,Politecnico di Torino,Nigeria,Italy,Other,21,B2,68.1,0.87,Low,Married,0.42,1,0.7,None,0,Dropped Out,Logistics,2025-11-02T11:58:25Z,0.5,0.63,0.74,0.77,0.79,0.65,0.69,0.71,0.57,0.75,0.73,0.52,0.74,0.72,0.63,0.8,0.65,0.61,0.64,0.64,0.81,0.96,0.71,0.62,0.86,0.62,0.79,0.79,0.35,0.77,1.0,1.0
LA000369,Daugavpils University,Slovakia,Latvia,Prefer not to say,22,B1,76.4,0.93,Medium,Other,0.18,1,0.1,None,0,Dropped Out,Data Science,2025-11-02T11:58:25Z,0.84,0.82,0.7,0.9,0.78,0.9,0.65,0.67,0.63,0.93,0.84,0.75,0.58,0.87,0.7,0.79,0.83,0.62,0.53,0.75,0.68,0.81,0.6,0.91,0.99,0.66,0.71,0.91,0.93,0.71,0.59,1.0
SL000373,Slovak Tech,Nigeria,Slovakia,Female,20,B2,67.2,0.78,High,Married,0.41,1,0.7,BuddyProgram,0,Dropped Out,English Philology,2025-11-02T11:58:26Z,0.69,0.54,1.0,0.89,0.62,0.9,0.8,0.87,0.66,0.82,0.83,0.94,0.98,0.64,0.76,0.8,0.62,0.97,0.67,0.56,0.69,0.73,0.96,0.67,0.64,0.52,0.73,0.67,0.72,0.84,0.55,0.61
IT000529,Politecnico di Torino,India,Italy,Male,27,C1,61.5,0.87,Medium,Married,0.31,0,0.6,Tutoring,1,Completed,Business,2025-11-02T11:58:25Z,0.67,0.92,0.58,0.93,0.36,0.76,0.83,0.86,0.63,0.77,0.97,0.54,0.59,0.78,0.64,0.82,0.89,0.78,0.65,0.77,0.49,0.62,0.56,0.92,0.67,0.58,0.94,0.55,0.78,0.72,0.89,0.89
SL000436,Slovak Tech,Latvia,Slovakia,Prefer not to say,19,C1,78.7,0.88,Medium,Single,0.47,0,0.1,LanguageMentor,1,Completed,Computer Science,2025-11-02T11:58:26Z,0.66,0.78,0.84,0.54,0.63,1.0,0.72,0.78,0.54,0.67,0.8,0.82,0.76,0.94,0.6,0.7,0.87,0.49,0.55,0.76,0.75,0.63,0.89,0.67,0.75,0.93,0.74,0.53,0.59,0.45,0.53,0.53
LA000266,TSI Riga,India,Latvia,Other,23,C2,81.3,0.79,High,Single,0.18,0,0.6,None,1,Completed,English Philology,2025-11-02T11:58:25Z,0.88,0.72,0.79,0.61,0.62,0.52,0.45,0.79,0.81,0.94,0.58,0.77,0.64,0.69,0.89,0.47,0.79,0.79,0.48,0.94,0.83,0.59,0.62,0.62,0.65,0.89,0.59,0.59,0.98,0.64,0.77,0.69
LA000125,TSI Riga,USA,Latvia,Female,28,C2,75.2,0.78,Medium,Married,0.38,0,0.3,LanguageMentor,1,Completed,Engineering,2025-11-02T11:58:25Z,0.55,0.69,0.59,0.85,0.63,0.88,0.73,0.62,0.7,0.95,0.84,0.78,0.55,0.75,0.72,0.52,0.58,0.95,0.78,0.96,0.73,0.6,0.74,0.56,0.84,0.72,0.8,0.66,0.91,0.8,0.79,0.81
SL000390,Slovak Tech,Sri Lanka,Slovakia,Male,24,A2,65.8,0.91,High,Single,0.2,1,0.6,None,0,Dropped Out,English Philology,2025-11-02T11:58:26Z,0.63,0.8,0.86,0.73,0.81,0.6,0.79,0.78,0.8,0.63,0.62,0.75,0.89,0.67,0.69,0.66,0.68,0.72,0.94,0.73,0.7,0.66,0.49,0.8,0.6,0.5,0.73,0.43,0.78,0.89,0.66,0.6
LA000437,Daugavpils University,Latvia,Latvia,Male,29,B1,69.4,0.99,Medium,Single,0.19,0,0.1,LanguageMentor,1,Completed,Computer Science,2025-11-02T11:58:25Z,0.58,0.94,0.84,0.64,0.88,0.49,0.66,0.93,1.0,0.77,0.8,0.91,0.79,0.55,0.88,0.6,0.65,0.94,0.7,0.67,0.88,0.77,0.74,0.68,0.68,0.64,0.84,0.83,0.9,0.61,0.8,0.45
IT000233,University of Messina,Italy,Italy,Prefer not to say,22,C2,81.0,0.82,Medium,Single,0.16,1,0.1,None,0,Dropped Out,Computer Science,2025-11-02T11:58:25Z,0.74,0.71,0.85,0.37,0.36,0.57,0.94,0.8,0.79,0.54,0.58,0.96,0.79,0.75,0.72,0.96,0.59,0.32,0.78,0.63,0.66,0.64,0.87,0.76,0.63,0.81,0.72,0.81,0.86,0.61,0.56,0.87
IT000428,Politecnico di Torino,Spain,Italy,Male,20,A2,51.3,0.85,Medium,Other,0.73,0,0.1,None,0,Transferred,Data Science,2025-11-02T11:58:25Z,0.71,0.87,0.69,0.67,0.7,0.49,0.55,0.42,0.77,0.58,0.76,0.87,0.6,0.58,0.64,0.61,0.56,0.61,0.32,0.36,0.67,0.68,0.47,0.25,0.82,0.66,0.92,0.73,0.69,0.83,0.91,0.9
LA000431,Daugavpils University,Brazil,Latvia,Prefer not to say,24,B2,56.0,0.89,Low,Other,0.33,0,0.5,BuddyProgram,1,Ongoing,Economics,2025-11-02T11:58:25Z,0.59,0.7,0.66,0.77,0.82,0.75,0.81,0.63,0.59,0.77,0.87,0.77,0.59,0.86,0.7,0.88,0.67,0.57,0.73,0.79,0.83,0.7,0.73,0.66,0.62,0.93,0.6,0.6,0.6,0.45,0.85,0.72
IT000160,Politecnico di Torino,Spain,Italy,Female,24,C2,71.0,0.95,High,Other,0.08,0,0.1,BuddyProgram,1,Completed,Psychology,2025-11-02T11:58:25Z,0.71,0.73,0.81,0.65,0.63,0.91,0.88,0.61,0.85,0.65,0.85,0.8,0.84,0.84,0.84,0.53,0.68,0.95,0.85,0.82,0.76,0.78,0.64,0.62,0.65,0.62,0.63,0.88,0.75,0.69,0.79,0.64
IT000104,Politecnico di Torino,Brazil,Italy,Male,20,B2,81.6,0.93,Low,Single,0.53,1,0.5,None,0,Dropped Out,English Philology,2025-11-02T11:58:25Z,0.85,0.65,0.73,0.66,0.84,0.81,0.79,0.57,0.66,0.83,0.62,0.78,0.62,0.73,0.83,0.81,0.83,0.87,0.85,0.7,0.46,0.66,0.72,0.67,0.81,0.75,0.56,0.78,0.81,0.77,0.87,0.65
IT000410,University of Messina,Slovakia,Italy,Prefer not to say,26,C1,73.7,0.82,Medium,Single,0.07,0,0.1,Tutoring,0,Transferred,Computer Science,2025-11-02T11:58:25Z,0.67,0.5,0.67,0.6,0.77,0.72,0.97,0.7,0.82,0.79,0.94,0.6,0.75,0.8,0.85,0.71,0.76,0.97,0.92,0.49,0.63,0.77,0.52,0.63,0.82,0.71,0.86,0.8,0.93,0.58,0.99,0.78
LA000324,TSI Riga,Slovakia,Latvia,Male,23,C1,84.7,0.69,Low,Married,0.2,1,0.1,Tutoring,0,Dropped Out,Economics,2025-11-02T11:58:25Z,0.59,0.74,0.55,0.69,0.77,0.97,0.59,0.93,0.8,0.86,0.73,0.67,0.64,0.87,0.8,0.74,0.74,0.67,0.64,0.63,0.89,0.89,0.7,0.67,0.74,0.74,0.69,0.45,0.84,0.99,0.67,0.85
SL000351,Slovak Tech,India,Slovakia,Female,24,B2,83.8,0.8,Low,Married,0.34,0,0.6,None,1,Completed,Computer Science,2025-11-02T11:58:26Z,0.7,0.8,0.8,0.81,0.89,0.67,0.49,0.87,0.93,0.6,0.94,0.66,0.87,0.7,0.71,0.73,0.85,0.44,0.91,0.57,0.52,1.0,0.78,0.93,1.0,0.65,0.73,0.74,0.47,0.59,0.63,0.66
LA000027,TSI Riga,Brazil,Latvia,Female,22,B2,62.1,1.0,Medium,Single,0.18,0,0.5,LanguageMentor,1,Completed,Economics,2025-11-02T11:58:25Z,0.52,0.73,0.54,0.8,0.6,0.92,0.77,0.76,0.73,0.77,0.46,0.53,0.87,0.88,0.67,0.77,0.48,0.83,0.84,0.62,0.89,0.75,0.72,0.95,0.81,0.64,0.62,0.68,0.64,0.92,0.46,0.71
SL000352,Slovak Tech,Ukraine,Slovakia,Male,27,C2,77.7,0.81,High,Married,0.34,0,0.1,None,1,Completed,Business,2025-11-02T11:58:26Z,0.77,0.62,0.69,0.73,0.51,0.69,0.54,0.9,0.87,0.89,0.86,0.76,0.69,0.79,0.66,0.58,0.49,0.66,0.68,0.78,0.75,0.77,0.68,0.77,0.83,0.8,0.94,0.8,0.89,0.7,0.92,0.65
LA000321,Daugavpils University,Slovakia,Latvia,Male,25,B1,53.8,0.84,High,Other,0.12,0,0.1,Tutoring,1,Ongoing,Data Science,2025-11-02T11:58:25Z,0.85,0.58,0.66,0.73,0.56,0.59,0.96,0.66,0.58,0.69,0.64,0.5,0.7,0.72,0.73,0.77,0.61,0.72,0.77,0.83,0.56,0.71,0.77,0.79,0.68,0.76,0.58,0.66,0.69,0.63,0.94,0.74
IT000494,University of Messina,USA,Italy,Prefer not to say,21,B2,64.2,0.75,High,Other,0.1,0,0.3,None,0,Failed Exams,Business,2025-11-02T11:58:25Z,0.76,0.79,0.78,0.79,0.5,0.77,0.5,0.57,0.72,0.52,0.78,0.73,0.73,0.78,0.81,0.59,0.72,0.75,0.65,0.7,0.77,0.68,0.67,0.64,0.89,0.88,0.88,0.49,0.74,0.92,0.7,0.95
SL000021,Slovak Tech,Spain,Slovakia,Prefer not to say,24,C1,80.8,0.92,Low,Married,0.49,0,0.1,LanguageMentor,1,Completed,Computer Science,2025-11-02T11:58:25Z,0.91,0.82,0.81,0.77,0.77,0.65,0.58,0.83,0.68,0.53,1.0,0.64,0.68,0.51,0.65,0.74,0.89,0.86,0.57,0.69,0.86,0.74,0.75,0.71,0.65,0.68,0.47,0.69,0.84,0.76,0.83,0.65
IT000177,Politecnico di Torino,Slovakia,Italy,Prefer not to say,25,B1,55.6,1.0,Low,Other,0.2,0,0.1,LanguageMentor,1,Completed,Economics,2025-11-02T11:58:25Z,0.67,0.61,0.74,0.81,0.9,0.63,0.67,0.85,0.7,0.78,0.63,0.77,0.47,0.58,0.58,0.68,0.53,0.69,1.0,0.44,0.95,0.65,0.79,0.73,0.65,0.49,0.57,0.59,0.64,0.79,0.82,0.63
IT000472,University of Messina,Spain,Italy,Male,28,A2,72.4,0.97,Medium,Other,0.1,1,0.1,Tutoring,0,Dropped Out,Business,2025-11-02T11:58:25Z,0.98,0.65,0.75,0.67,0.52,0.87,0.74,0.6,0.78,0.82,0.72,0.76,0.9,0.79,0.63,0.63,0.63,0.65,0.61,0.75,0.64,0.76,0.69,0.75,0.46,0.78,0.68,0.66,0.79,0.84,0.71,0.64
SL000476,Comenius University Bratislava,Pakistan,Slovakia,Prefer not to say,22,B1,66.3,0.92,High,Married,0.18,0,0.6,None,1,Completed,Computer Science,2025-11-02T11:58:26Z,0.8,0.79,0.87,0.88,1.0,0.49,0.6,0.53,0.62,0.77,0.66,0.88,0.82,0.78,0.77,0.8,0.54,0.74,0.75,0.47,0.89,0.45,0.81,0.47,0.71,0.64,0.82,0.54,0.97,0.82,0.59,0.77
LA000337,TSI Riga,Pakistan,Latvia,Male,23,A2,74.3,0.82,High,Other,0.45,0,0.6,None,1,Completed,Computer Science,2025-11-02T11:58:25Z,0.81,0.59,0.51,0.55,0.51,0.61,0.54,0.85,0.79,0.59,0.85,0.48,0.71,0.77,0.55,0.67,1.0,0.99,0.72,0.65,0.91,0.7,0.88,0.67,0.96,0.77,0.64,0.46,0.78,0.56,0.97,0.68
SL000215,Slovak Tech,Pakistan,Slovakia,Male,23,B2,57.6,0.96,Low,Other,0.27,0,0.6,BuddyProgram,1,Completed,Psychology,2025-11-02T11:58:26Z,0.85,0.81,0.47,0.71,0.76,0.66,0.7,0.73,0.74,0.65,0.67,0.79,0.66,0.87,0.74,0.72,0.49,0.66,0.82,0.72,0.84,0.66,0.57,0.76,0.65,0.6,0.6,0.55,0.86,0.7,0.94,0.81
IT000368,University of Messina,Spain,Italy,Female,19,B2,69.3,0.98,Low,Other,0.43,1,0.1,BuddyProgram,0,Dropped Out,Data Science,2025-11-02T11:58:25Z,0.87,0.71,0.58,0.78,0.83,0.83,0.74,0.89,0.64,0.65,0.54,0.83,0.76,0.6,0.74,0.64,0.85,0.72,0.71,0.8,0.65,0.51,0.81,0.72,0.49,0.46,0.75,0.69,0.66,0.94,0.91,0.83
LA000427,TSI Riga,Spain,Latvia,Female,25,B1,89.5,0.82,High,Married,0.25,1,0.1,None,0,Dropped Out,Psychology,2025-11-02T11:58:25Z,0.87,0.69,0.87,0.86,0.87,0.7,0.93,0.6,0.66,0.78,0.74,0.71,0.84,0.75,0.76,0.49,0.74,0.87,0.89,0.82,0.62,0.74,0.77,0.8,0.9,0.71,0.68,0.59,0.62,0.65,0.65,0.91
IT000317,Politecnico di Torino,Italy,Italy,Male,22,B2,83.9,0.87,Low,Single,0.37,0,0.1,LanguageMentor,1,Completed,Business,2025-11-02T11:58:25Z,0.6,0.73,0.9,0.62,0.71,0.65,0.59,0.76,0.55,0.62,0.84,0.64,0.7,0.86,0.64,0.56,0.65,0.54,0.6,0.75,0.88,0.76,0.7,0.58,0.71,0.89,0.54,0.72,0.54,0.49,0.83,0.86
IT000281,University of Messina,Latvia,Italy,Female,27,B2,78.3,0.9,High,Single,0.27,0,0.1,BuddyProgram,1,Completed,Business,2025-11-02T11:58:25Z,0.87,0.78,0.69,0.55,0.97,0.75,0.71,0.77,0.66,0.68,0.67,1.0,0.78,0.54,0.69,0.68,0.62,0.74,0.82,0.71,0.79,0.85,0.9,0.73,0.99,0.93,0.7,0.63,0.68,0.64,0.8,0.76
SL000069,Slovak Tech,Ukraine,Slovakia,Male,26,A2,76.1,0.89,High,Single,0.44,0,0.1,Counseling,0,Failed Exams,Logistics,2025-11-02T11:58:26Z,0.91,0.61,0.82,0.84,0.84,0.44,0.75,0.76,0.73,0.77,0.76,0.81,0.91,0.8,0.55,0.59,0.79,0.65,0.84,0.83,0.87,0.77,0.99,0.61,0.81,0.71,0.76,0.67,0.6,0.83,0.64,0.79
LA000277,Daugavpils University,Latvia,Latvia,Other,25,B2,64.9,0.97,Low,Other,0.33,0,0.1,Tutoring,1,Completed,Logistics,2025-11-02T11:58:25Z,0.84,0.71,0.66,0.76,0.71,0.67,0.71,0.75,0.73,0.71,0.7,0.81,0.51,0.59,0.58,0.68,1.0,0.76,0.81,0.73,0.85,0.91,0.6,0.61,0.64,0.68,0.71,0.6,0.49,0.84,0.68,0.82
SL000082,Slovak Tech,Latvia,Slovakia,Male,26,A2,64.7,0.83,High,Single,0.46,1,0.1,Tutoring,0,Administrative Withdrawal,Business,2025-11-02T11:58:26Z,0.61,0.68,0.89,0.69,0.67,0.82,0.86,0.61,0.56,0.7,0.85,0.37,0.91,0.91,0.73,0.73,0.79,0.6,0.72,0.76,0.63,0.43,0.68,0.55,0.7,0.85,0.85,0.49,0.74,0.57,0.91,0.63
IT000128,Politecnico di Torino,Nigeria,Italy,Female,25,A2,57.1,0.89,Medium,Married,0.1,0,0.7,BuddyProgram,1,Ongoing,Data Science,2025-11-02T11:58:25Z,0.45,0.88,0.93,0.76,0.75,0.84,0.73,0.64,0.82,0.75,0.74,0.92,0.7,0.84,0.67,0.62,0.9,0.94,0.81,0.49,0.8,0.49,0.7,0.79,0.75,0.71,0.69,0.62,0.74,0.77,0.5,0.74
IT000378,Politecnico di Torino,India,Italy,Prefer not to say,22,B1,87.2,0.89,Low,Other,0.1,1,0.6,BuddyProgram,0,Administrative Withdrawal,Economics,2025-11-02T11:58:25Z,0.97,0.56,0.7,0.81,0.67,1.0,0.86,0.7,0.75,0.9,0.63,0.72,0.66,0.74,0.92,0.64,0.57,0.57,0.6,0.82,0.77,0.59,0.76,0.5,0.82,0.88,0.72,0.7,0.92,0.81,0.7,0.78
LA000106,TSI Riga,Vietnam,Latvia,Male,24,C1,67.0,0.77,Low,Married,0.33,0,0.6,Tutoring,1,Completed,Engineering,2025-11-02T11:58:25Z,0.59,0.79,0.84,0.63,0.66,0.63,0.71,0.6,0.92,0.75,0.89,0.72,0.52,0.74,0.67,0.51,0.64,0.71,0.68,0.5,0.74,0.73,0.71,0.88,0.81,0.84,1.0,0.81,0.75,0.82,0.65,0.74
LA000365,TSI Riga,India,Latvia,Female,20,B1,74.3,0.86,Medium,Single,0.36,0,0.6,LanguageMentor,1,Completed,Economics,2025-11-02T11:58:25Z,0.8,0.63,0.61,0.67,0.75,0.78,0.75,0.69,0.52,0.71,0.5,1.0,0.67,0.7,0.76,0.68,0.97,0.82,0.98,0.76,0.96,0.6,0.81,0.91,0.85,0.71,0.75,0.87,0.69,0.65,0.58,0.91
LA000044,Daugavpils University,Sri Lanka,Latvia,Male,22,B2,61.2,0.73,Medium,Other,0.17,1,0.6,Tutoring,0,Dropped Out,Computer Science,2025-11-02T11:58:25Z,0.76,0.89,0.38,0.51,0.74,0.9,0.66,0.62,0.52,0.65,0.75,0.86,0.84,0.91,0.76,0.74,0.71,0.77,0.66,0.92,0.59,0.85,0.81,0.58,0.66,0.82,0.69,0.72,0.89,0.7,0.65,0.55
SL000191,Comenius University Bratislava,Slovakia,Slovakia,Other,24,C1,59.4,0.85,Medium,Other,0.23,0,0.1,Tutoring,1,Completed,Business,2025-11-02T11:58:26Z,0.54,0.77,0.71,0.64,0.76,0.7,0.89,0.8,0.65,0.99,0.62,0.66,0.6,0.66,1.0,0.8,0.71,0.8,0.7,0.78,0.4,0.79,0.6,0.82,0.65,0.78,0.77,0.99,0.74,0.5,0.87,0.73
LA000465,TSI Riga,Bangladesh,Latvia,Male,22,B2,65.9,0.83,Medium,Single,0.29,1,0.6,None,0,Dropped Out,Logistics,2025-11-02T11:58:25Z,0.59,0.77,0.74,0.75,0.82,0.84,0.83,0.66,0.66,0.52,0.67,0.95,0.66,0.76,0.87,0.81,0.82,0.73,0.51,0.59,0.85,0.7,0.76,0.54,0.53,0.9,0.81,0.49,0.71,0.91,0.87,0.78
IT000095,University of Messina,Sri Lanka,Italy,Female,27,A2,86.8,0.89,High,Married,0.22,0,0.6,LanguageMentor,1,Completed,Logistics,2025-11-02T11:58:25Z,0.56,0.81,0.8,0.9,0.85,1.0,0.62,0.9,0.87,0.7,0.72,0.72,0.71,0.6,0.89,0.68,0.7,1.0,0.86,0.73,0.92,0.72,0.7,0.51,0.71,0.7,0.88,0.63,0.67,0.65,0.65,0.81
IT000163,Politecnico di Torino,Sri Lanka,Italy,Other,24,B1,76.8,0.96,Medium,Other,0.42,1,0.6,BuddyProgram,0,Dropped Out,Business,2025-11-02T11:58:25Z,0.52,0.61,0.67,0.78,0.87,0.92,0.72,0.95,0.65,0.52,0.76,0.83,0.64,0.59,0.76,0.58,0.69,0.68,0.78,0.6,0.39,0.74,0.93,0.59,0.95,0.81,0.9,0.52,0.67,0.55,0.78,0.9
SL000244,Comenius University Bratislava,Slovakia,Slovakia,Prefer not to say,24,C1,66.3,0.86,Low,Married,0.45,0,0.1,Tutoring,1,Completed,Engineering,2025-11-02T11:58:26Z,0.53,0.8,1.0,0.94,0.74,0.67,0.74,0.6,0.86,0.72,0.91,0.64,0.69,0.76,0.45,0.72,0.55,0.71,0.82,0.75,0.85,0.88,0.5,0.56,0.6,1.0,0.82,0.69,0.8,0.86,0.88,0.64
LA000547,Daugavpils University,USA,Latvia,Female,22,A2,74.2,0.91,Medium,Married,0.18,0,0.3,BuddyProgram,1,Completed,Computer Science,2025-11-02T11:58:25Z,0.96,0.68,0.61,1.0,0.76,0.89,0.88,0.63,0.76,0.68,1.0,0.88,0.77,0.55,0.58,0.55,0.54,0.79,0.53,0.6,0.66,0.6,0.69,0.85,0.88,0.72,0.75,0.53,0.67,0.69,0.75,0.77
LA000107,TSI Riga,USA,Latvia,Male,20,B1,85.7,0.85,High,Married,0.26,0,0.3,BuddyProgram,1,Completed,Business,2025-11-02T11:58:25Z,0.65,0.64,0.81,0.9,0.61,0.87,0.64,0.7,0.57,0.35,0.53,0.76,0.68,0.75,0.82,0.51,0.53,0.95,0.66,0.81,0.59,0.77,0.86,0.73,0.59,1.0,0.75,0.77,0.73,0.79,0.79,0.84
LA000532,Daugavpils University,Spain,Latvia,Prefer not to say,19,B1,84.8,1.0,Medium,Single,0.19,0,0.1,None,1,Completed,Economics,2025-11-02T11:58:25Z,0.81,0.82,0.55,0.76,0.81,0.71,0.6,0.79,0.69,0.69,0.53,0.75,0.74,0.82,0.79,0.9,0.68,0.92,0.87,0.83,0.45,0.75,0.96,0.73,0.72,0.52,0.61,0.63,0.86,0.77,0.76,0.58
LA000055,TSI Riga,Bangladesh,Latvia,Prefer not to say,22,C1,73.6,0.74,Medium,Single,0.21,1,0.6,LanguageMentor,0,Dropped Out,Logistics,2025-11-02T11:58:25Z,0.57,0.76,0.7,0.76,0.93,0.74,0.61,0.84,0.66,0.57,0.65,0.84,0.85,0.36,0.8,0.61,0.84,0.72,0.56,0.45,0.82,0.79,0.83,0.58,0.68,0.65,0.59,0.67,0.69,0.72,0.99,0.75
LA000546,Daugavpils University,Slovakia,Latvia,Male,22,C1,59.0,0.96,Medium,Married,0.11,0,0.1,LanguageMentor,1,Completed,Economics,2025-11-02T11:58:25Z,0.65,0.73,0.87,0.75,0.71,0.73,0.62,0.71,0.76,0.74,0.72,0.8,0.68,0.84,0.81,0.88,0.64,0.54,0.84,0.86,0.8,0.58,0.81,0.8,0.72,0.77,0.62,0.6,0.85,0.8,0.58,0.83
IT000066,University of Messina,India,Italy,Male,25,C2,73.4,0.89,Low,Single,0.2,0,0.6,None,1,Completed,Business,2025-11-02T11:58:25Z,0.82,0.97,0.66,1.0,0.89,0.64,0.86,0.74,0.65,0.76,0.56,0.54,0.8,0.81,0.61,0.86,0.81,0.51,0.69,0.8,0.69,0.75,0.59,0.82,0.68,0.66,0.79,0.8,0.81,0.73,1.0,0.61
SL000031,Comenius University Bratislava,Sri Lanka,Slovakia,Other,21,C2,71.2,0.92,High,Single,0.49,0,0.6,Counseling,0,Transferred,Computer Science,2025-11-02T11:58:25Z,0.69,0.7,0.82,0.68,0.46,0.89,0.64,0.86,0.84,0.61,1.0,0.87,0.64,0.58,0.7,0.65,0.66,0.54,0.74,0.81,0.86,0.43,0.87,0.65,0.52,0.94,0.81,0.53,0.97,0.59,0.66,0.45
IT000263,Politecnico di Torino,USA,Italy,Other,27,B2,75.5,0.92,High,Married,0.2,0,0.3,Tutoring,1,Completed,Computer Science,2025-11-02T11:58:25Z,0.69,0.84,0.58,0.56,0.66,0.7,0.68,0.73,0.84,0.7,0.6,0.77,0.78,0.79,0.74,0.62,0.9,0.8,0.73,0.7,0.56,0.76,0.78,0.59,0.66,0.47,0.6,0.61,0.71,0.7,0.75,0.88
IT000439,University of Messina,USA,Italy,Male,25,B2,86.1,0.86,High,Other,0.55,0,0.3,Tutoring,1,Completed,Logistics,2025-11-02T11:58:25Z,0.6,0.43,0.62,0.83,0.63,0.77,0.87,0.39,0.84,0.82,0.62,0.69,0.66,0.65,0.75,0.53,0.7,0.74,0.89,0.88,0.82,0.8,0.64,0.6,0.81,0.54,0.65,0.93,0.74,1.0,0.67,0.8
IT000389,University of Messina,Slovakia,Italy,Male,22,B1,62.0,0.85,Medium,Married,0.28,0,0.1,BuddyProgram,0,Failed Exams,Business,2025-11-02T11:58:25Z,0.65,0.69,0.86,0.68,0.69,0.68,0.64,0.87,1.0,0.81,0.83,0.62,0.76,0.84,0.5,0.57,0.73,1.0,0.89,0.89,0.87,0.7,0.77,0.82,0.77,0.71,0.58,0.67,0.74,0.83,0.73,0.81
SL000196,Comenius University Bratislava,Ukraine,Slovakia,Female,27,C2,68.7,1.0,High,Single,0.64,0,0.1,None,1,Completed,Data Science,2025-11-02T11:58:26Z,0.86,0.82,0.38,0.68,0.71,1.0,0.7,0.94,0.88,0.7,0.77,0.74,0.77,0.71,0.56,0.78,0.39,0.6,0.39,0.77,0.57,0.72,0.77,0.63,0.8,0.67,0.55,0.6,0.81,0.49,0.74,0.82
LA000505,TSI Riga,Nigeria,Latvia,Other,22,C1,83.5,0.95,Medium,Married,0.09,0,0.7,Tutoring,1,Completed,Economics,2025-11-02T11:58:25Z,0.61,0.74,0.4,0.67,0.85,0.96,0.62,0.67,1.0,0.75,0.52,0.49,0.73,0.45,0.79,0.62,0.63,0.79,0.71,0.82,0.59,0.83,0.62,0.67,0.73,0.95,0.52,0.6,0.96,0.8,1.0,0.78
SL000297,Slovak Tech,Sri Lanka,Slovakia,Other,22,B1,59.4,0.96,Medium,Married,0.09,0,0.6,Tutoring,1,Completed,Business,2025-11-02T11:58:26Z,0.56,0.77,0.65,0.65,0.85,0.77,0.63,0.74,0.64,0.76,0.89,0.84,0.97,0.9,0.8,0.5,0.76,0.54,0.75,0.65,0.85,0.84,0.71,0.77,0.6,0.78,0.78,0.68,0.76,0.57,0.73,0.57
SL000350,Slovak Tech,Sri Lanka,Slovakia,Prefer not to say,25,C2,69.3,0.77,Medium,Other,0.13,0,0.6,LanguageMentor,1,Ongoing,Data Science,2025-11-02T11:58:26Z,0.72,0.92,0.83,0.62,0.95,0.8,0.76,0.79,0.69,0.84,0.74,0.91,0.7,0.89,0.76,0.77,0.73,0.75,0.83,0.93,0.73,0.81,0.84,0.74,0.68,0.35,0.84,0.65,0.9,0.94,0.59,0.72
SL000012,Slovak Tech,Slovakia,Slovakia,Male,22,C2,83.3,0.89,High,Other,0.44,0,0.1,LanguageMentor,1,Completed,Data Science,2025-11-02T11:58:25Z,0.81,0.6,0.78,0.86,0.81,0.82,0.73,0.92,0.61,0.6,0.8,0.77,0.79,0.81,0.53,0.7,0.57,0.71,0.7,0.66,0.83,0.77,0.81,0.52,0.81,0.77,0.73,0.53,0.57,0.68,0.82,0.82
IT000210,University of Messina,Bangladesh,Italy,Other,18,B1,67.4,0.91,Medium,Married,0.28,1,0.6,Counseling,0,Dropped Out,Business,2025-11-02T11:58:25Z,0.82,0.69,0.83,0.58,0.73,0.66,0.92,0.68,0.75,0.68,0.88,0.8,0.75,0.85,0.66,0.86,0.73,0.67,0.8,0.81,0.82,0.63,0.82,0.71,0.69,0.78,0.85,0.88,0.72,0.65,0.73,0.75
IT000129,University of Messina,Ukraine,Italy,Other,26,B2,78.4,0.85,Medium,Other,0.15,1,0.1,None,0,Dropped Out,Logistics,2025-11-02T11:58:25Z,0.49,0.66,0.81,0.66,0.52,0.75,0.77,0.56,0.77,0.74,0.94,0.8,0.68,0.79,0.7,0.64,0.63,0.7,0.52,0.7,0.62,0.63,0.75,0.8,0.73,0.68,0.61,0.62,0.57,0.98,0.73,0.53
SL000307,Comenius University Bratislava,Bangladesh,Slovakia,Male,24,C1,86.0,1.0,Medium,Married,0.07,0,0.6,None,1,Completed,English Philology,2025-11-02T11:58:26Z,0.51,0.88,0.91,0.62,0.94,0.97,0.48,0.5,0.93,0.68,0.77,0.71,0.82,0.71,0.83,0.92,0.63,0.65,0.88,0.76,0.56,0.51,0.55,0.65,0.78,0.75,0.89,0.69,0.75,0.59,0.79,0.72
IT000153,University of Messina,Bangladesh,Italy,Male,28,A2,72.1,0.86,Low,Single,0.18,0,0.6,BuddyProgram,0,Transferred,Logistics,2025-11-02T11:58:25Z,0.83,0.42,0.68,0.59,0.67,0.92,0.79,0.86,0.87,0.97,1.0,0.73,0.81,0.63,0.71,0.92,0.71,0.56,0.61,0.73,0.8,0.64,0.64,0.76,0.89,0.5,0.76,0.77,0.69,0.76,0.88,0.5
IT000446,Politecnico di Torino,Sri Lanka,Italy,Other,21,C1,61.3,0.86,High,Married,0.16,0,0.6,None,1,Completed,Business,2025-11-02T11:58:25Z,0.69,0.97,0.5,0.64,0.88,0.9,0.68,0.79,0.63,0.7,0.49,0.94,0.73,0.63,0.76,0.75,0.82,0.55,0.71,0.55,0.72,0.72,0.75,0.61,0.53,0.73,0.83,0.73,0.81,0.68,0.73,0.47
SL000273,Slovak Tech,Latvia,Slovakia,Prefer not to say,22,B1,65.5,0.79,High,Other,0.1,1,0.1,Tutoring,0,Administrative Withdrawal,Psychology,2025-11-02T11:58:26Z,0.83,0.78,0.72,0.83,0.92,0.88,0.56,0.99,0.53,0.62,0.53,0.75,0.83,0.73,0.64,0.76,0.72,0.81,0.71,0.99,0.75,0.81,0.84,0.62,0.68,0.62,0.98,0.75,0.83,0.88,0.84,0.69
IT000001,University of Messina,Latvia,Italy,Male,25,C2,48.9,0.83,Low,Other,0.11,0,0.1,Tutoring,1,Completed,Economics,2025-11-02T11:58:25Z,0.74,0.52,0.62,0.96,0.82,0.97,0.76,0.44,0.76,0.65,0.97,0.64,0.76,0.65,0.54,0.95,0.74,0.77,0.94,0.95,0.67,0.81,0.65,0.78,0.82,0.75,0.87,0.66,0.63,0.69,0.66,0.73
IT000274,University of Messina,India,Italy,Male,26,B2,75.6,0.89,High,Married,0.42,0,0.6,Tutoring,0,Failed Exams,Engineering,2025-11-02T11:58:25Z,0.56,0.63,0.82,0.46,0.7,0.36,0.38,0.65,0.76,0.69,0.63,0.73,0.84,0.96,0.82,0.76,0.69,0.82,0.79,0.92,1.0,0.71,0.71,0.79,0.59,0.71,0.7,0.73,0.81,0.66,0.7,0.55
LA000039,TSI Riga,Sri Lanka,Latvia,Female,25,B2,80.8,0.83,High,Single,0.2,1,0.6,LanguageMentor,0,Dropped Out,Engineering,2025-11-02T11:58:25Z,0.62,0.66,0.66,0.86,0.78,0.82,0.64,0.56,0.43,0.65,0.63,0.76,0.58,0.9,0.58,0.85,0.79,0.68,0.74,0.88,0.67,0.63,0.79,0.55,0.49,0.78,0.85,0.73,0.65,0.93,0.74,0.93
IT000424,Politecnico di Torino,Pakistan,Italy,Prefer not to say,22,C1,69.2,0.91,Medium,Married,0.24,0,0.6,Tutoring,0,Failed Exams,Engineering,2025-11-02T11:58:25Z,0.67,0.74,0.88,0.54,0.84,0.73,0.59,0.69,0.61,0.78,0.85,0.42,0.56,0.81,0.77,0.63,0.51,0.64,0.8,0.65,0.96,0.95,1.0,0.73,0.76,0.83,0.68,0.86,0.87,0.51,0.99,0.73
SL000163,Slovak Tech,Brazil,Slovakia,Other,20,B1,73.9,0.77,Low,Married,0.24,0,0.5,Tutoring,1,Completed,Logistics,2025-11-02T11:58:26Z,0.62,0.52,0.68,0.79,0.81,0.53,0.56,1.0,0.84,0.68,0.82,0.75,0.58,0.63,0.63,0.76,0.81,0.74,0.84,0.88,0.71,0.66,0.69,0.64,0.94,0.76,0.68,0.7,0.63,0.88,0.76,0.78
IT000362,Politecnico di Torino,Pakistan,Italy,Female,21,B1,74.0,0.93,Medium,Single,0.44,0,0.6,BuddyProgram,1,Ongoing,English Philology,2025-11-02T11:58:25Z,0.68,0.79,0.89,0.69,0.72,0.73,0.77,0.8,0.88,0.63,0.61,0.86,0.54,0.65,0.64,0.63,0.56,0.57,0.87,0.8,0.45,0.64,0.59,0.75,0.74,0.91,0.7,0.88,1.0,0.78,0.84,0.72
LA000118,Daugavpils University,Sri Lanka,Latvia,Male,26,B2,61.1,0.86,High,Single,0.3,0,0.6,Counseling,1,Completed,Computer Science,2025-11-02T11:58:25Z,0.89,0.65,0.82,0.67,0.57,0.94,0.85,0.78,0.7,0.92,0.87,0.71,0.77,0.68,0.99,0.74,0.88,0.88,0.64,0.94,0.59,0.73,0.78,0.72,0.83,0.59,0.77,0.8,0.75,0.77,0.63,0.66
LA000415,TSI Riga,Italy,Latvia,Prefer not to say,23,B2,81.7,0.8,Medium,Other,0.22,0,0.1,None,1,Completed,Computer Science,2025-11-02T11:58:25Z,0.81,0.58,0.75,1.0,0.58,0.9,0.78,0.62,0.55,0.82,0.73,0.71,0.63,0.63,0.78,0.71,0.73,0.6,0.42,0.62,0.82,0.89,0.64,0.57,0.64,0.31,0.69,0.9,0.63,0.78,0.76,0.88
LA000295,TSI Riga,Bangladesh,Latvia,Prefer not to say,31,A2,66.3,0.88,Low,Other,0.63,0,0.6,LanguageMentor,0,Transferred,Business,2025-11-02T11:58:25Z,0.76,0.72,0.65,0.65,0.65,0.71,0.53,0.76,0.64,0.67,0.74,0.71,0.66,0.66,0.71,0.57,0.58,0.53,0.47,0.79,0.31,0.24,0.72,0.66,0.8,0.83,0.89,0.79,0.89,0.56,0.93,0.56
SL000381,Slovak Tech,India,Slovakia,Male,26,A2,69.6,0.84,High,Single,0.38,1,0.6,None,0,Dropped Out,Engineering,2025-11-02T11:58:26Z,0.81,0.69,0.68,0.84,0.56,0.54,0.76,0.74,0.74,0.77,0.69,0.64,0.83,0.91,0.49,0.94,0.77,0.74,0.71,0.77,0.4,0.71,0.91,0.88,0.64,0.56,0.65,0.52,0.58,0.69,0.84,0.51
SL000458,Comenius University Bratislava,Bangladesh,Slovakia,Male,27,A2,84.7,0.96,Low,Single,0.6,0,0.6,None,0,Failed Exams,Data Science,2025-11-02T11:58:26Z,0.8,0.76,0.53,0.83,0.78,0.56,0.76,0.7,0.72,0.79,0.55,0.41,0.84,0.9,0.55,0.92,0.71,0.9,0.71,0.67,0.78,0.76,0.78,0.69,0.69,0.94,0.84,0.71,0.74,0.92,0.86,0.85
IT000125,University of Messina,Slovakia,Italy,Other,33,B1,57.0,0.82,High,Single,0.3,0,0.1,Tutoring,1,Completed,Logistics,2025-11-02T11:58:25Z,0.53,0.41,0.76,0.72,0.87,0.89,0.64,0.72,0.92,0.56,0.82,0.59,0.53,0.79,0.72,0.45,0.86,0.68,0.82,0.71,0.71,0.59,0.83,0.92,0.68,0.83,0.72,0.85,0.49,0.75,0.5,0.66
SL000326,Comenius University Bratislava,USA,Slovakia,Other,23,C1,58.2,1.0,Medium,Single,0.56,1,0.3,None,0,Dropped Out,Computer Science,2025-11-02T11:58:26Z,0.56,0.7,0.64,0.97,0.75,0.68,0.79,0.85,0.8,0.87,0.83,0.74,0.81,1.0,0.76,0.64,0.82,0.6,0.66,0.73,1.0,0.78,0.82,0.75,0.74,0.74,0.81,0.74,0.83,0.86,0.56,0.76
SL000118,Comenius University Bratislava,Spain,Slovakia,Other,26,A2,74.1,0.96,Low,Married,0.48,0,0.1,None,1,Completed,Data Science,2025-11-02T11:58:26Z,0.87,0.81,0.72,0.78,0.98,0.79,0.77,0.54,0.53,0.53,0.8,0.81,0.7,0.78,0.67,0.6,0.64,0.82,0.8,0.68,0.88,0.9,0.77,0.8,0.78,0.58,0.57,0.63,0.52,0.77,0.73,0.6
LA000500,Daugavpils University,Bangladesh,Latvia,Other,22,C2,66.9,0.92,High,Other,0.61,0,0.6,Tutoring,1,Completed,Computer Science,2025-11-02T11:58:25Z,0.65,0.76,0.73,0.86,0.67,0.54,0.5,0.73,0.75,0.83,0.58,0.61,0.69,0.74,0.77,0.4,0.66,0.83,0.66,0.11,0.54,0.48,0.5,0.41,0.75,0.94,0.84,0.65,0.78,0.8,0.6,0.84
IT000118,Politecnico di Torino,Vietnam,Italy,Female,27,C1,73.9,0.99,Low,Married,0.5,1,0.6,None,0,Left Country,Psychology,2025-11-02T11:58:25Z,0.68,0.83,0.55,0.67,0.87,0.6,0.77,0.65,0.76,0.71,0.86,0.58,0.67,0.78,0.75,0.74,0.78,0.82,0.89,0.71,0.37,0.75,0.56,0.76,0.58,0.68,0.69,0.67,0.61,0.73,0.68,0.86
LA000075,Daugavpils University,India,Latvia,Other,25,C1,76.9,0.92,High,Married,0.23,0,0.6,LanguageMentor,0,Failed Exams,Computer Science,2025-11-02T11:58:25Z,0.55,0.65,0.8,0.6,0.75,0.88,0.97,0.6,0.94,0.54,0.8,0.76,0.81,0.71,0.67,0.83,0.69,0.4,0.87,0.45,0.45,0.46,0.65,0.7,0.82,0.67,0.9,0.68,0.71,0.56,0.72,0.87
IT000416,Politecnico di Torino,Pakistan,Italy,Female,26,B1,65.4,0.79,Low,Married,0.06,0,0.6,None,1,Completed,Engineering,2025-11-02T11:58:25Z,1.0,1.0,0.66,0.83,0.9,0.89,0.62,0.6,0.91,0.81,0.89,0.81,0.76,0.96,0.86,0.68,0.56,0.87,0.81,0.63,0.75,0.9,0.88,0.76,0.72,0.83,0.58,0.93,0.8,0.79,0.86,0.71
IT000219,Politecnico di Torino,Bangladesh,Italy,Prefer not to say,21,C1,64.6,0.76,Low,Single,0.55,0,0.6,BuddyProgram,1,Ongoing,Computer Science,2025-11-02T11:58:25Z,0.83,0.74,0.62,0.78,0.61,0.92,0.46,0.64,0.75,0.59,0.71,0.82,0.85,0.71,0.64,0.48,0.6,0.71,0.52,0.72,0.58,0.56,0.64,0.66,0.78,0.68,0.73,0.67,0.8,0.85,0.56,0.88
LA000144,TSI Riga,India,Latvia,Female,23,C2,73.4,0.86,High,Married,0.31,0,0.6,None,1,Completed,Economics,2025-11-02T11:58:25Z,0.95,0.76,0.82,0.56,0.76,0.81,0.75,0.82,0.58,0.81,0.56,0.96,0.51,0.9,0.67,0.79,0.78,0.92,0.69,0.77,0.67,0.63,0.58,0.85,0.92,0.71,0.72,0.72,0.93,0.52,0.64,0.69
SL000438,Slovak Tech,Nigeria,Slovakia,Prefer not to say,22,B1,60.6,0.86,Medium,Single,0.26,0,0.7,BuddyProgram,1,Completed,Computer Science,2025-11-02T11:58:26Z,0.68,0.71,0.98,0.82,0.72,0.93,0.88,0.84,0.78,0.79,0.74,0.77,0.7,0.71,0.72,0.6,0.91,0.35,0.9,0.71,0.58,0.71,0.57,0.83,0.78,0.88,0.79,0.67,0.61,0.73,0.89,0.65
LA000599,Daugavpils University,Vietnam,Latvia,Prefer not to say,18,B2,76.0,0.85,Medium,Other,0.21,0,0.6,None,1,Completed,Logistics,2025-11-02T11:58:25Z,0.83,1.0,0.95,0.72,0.52,0.47,0.85,0.6,0.75,0.73,0.46,0.7,0.72,0.91,1.0,0.55,0.56,0.89,0.74,0.64,0.72,0.64,0.85,0.66,0.7,0.87,0.81,0.59,0.58,0.61,0.76,0.89
IT000511,Politecnico di Torino,Brazil,Italy,Other,23,C1,72.6,0.83,High,Other,0.2,0,0.5,None,1,Completed,English Philology,2025-11-02T11:58:25Z,0.8,0.98,0.73,0.8,0.66,0.93,0.68,0.74,0.94,0.87,0.58,0.59,0.6,0.78,0.82,0.94,0.82,0.84,0.47,0.65,0.53,0.86,0.88,0.83,0.51,0.83,0.75,0.67,0.77,0.82,0.72,0.77
LA000120,Daugavpils University,Nigeria,Latvia,Other,20,A2,71.5,0.91,Medium,Married,0.28,0,0.7,Tutoring,1,Completed,Logistics,2025-11-02T11:58:25Z,0.64,0.7,0.83,0.6,0.7,0.61,1.0,0.61,0.67,0.53,0.66,0.62,0.63,0.78,0.76,0.75,0.64,1.0,1.0,0.46,0.52,0.75,0.79,0.49,0.76,0.85,0.83,0.6,0.7,0.95,0.83,0.68
IT000480,University of Messina,Pakistan,Italy,Other,21,A2,60.6,0.86,Low,Single,0.09,0,0.6,Counseling,0,Failed Exams,Logistics,2025-11-02T11:58:25Z,0.62,0.68,0.67,0.79,0.75,0.75,0.58,0.79,0.57,0.6,0.7,0.9,0.68,0.59,0.64,1.0,0.77,0.89,0.83,0.83,0.96,1.0,0.77,0.69,0.7,0.83,0.71,0.99,0.76,0.67,0.9,0.64
SL000236,Comenius University Bratislava,Ukraine,Slovakia,Prefer not to say,20,C2,60.9,0.88,Medium,Other,0.34,0,0.1,Tutoring,0,Transferred,Data Science,2025-11-02T11:58:26Z,0.76,0.75,0.31,0.59,0.65,0.9,0.75,0.79,0.81,0.83,0.74,0.54,0.79,0.78,0.83,0.96,0.89,0.73,0.81,0.7,0.66,0.71,0.56,0.84,0.78,0.91,0.76,0.72,0.82,0.61,0.7,0.69
LA000579,Daugavpils University,Nigeria,Latvia,Female,23,B2,52.4,0.89,Medium,Married,0.16,0,0.7,LanguageMentor,1,Completed,Data Science,2025-11-02T11:58:25Z,0.64,0.78,0.71,0.96,0.63,0.67,0.63,0.45,0.81,0.59,0.75,0.69,0.71,0.82,0.67,0.63,0.83,0.71,0.7,0.82,0.49,0.8,0.7,0.59,0.84,0.82,0.71,0.8,1.0,0.79,0.54,0.69
IT000466,Politecnico di Torino,Latvia,Italy,Prefer not to say,24,B2,58.6,0.94,Low,Single,0.07,0,0.1,None,1,Completed,English Philology,2025-11-02T11:58:25Z,0.83,0.82,0.54,0.64,0.69,0.72,0.68,0.87,0.83,0.53,0.71,0.67,0.81,0.82,0.76,0.82,0.48,0.65,0.78,0.81,0.68,0.77,0.75,0.8,0.59,0.72,0.65,0.67,0.97,0.79,0.74,1.0
SL000445,Comenius University Bratislava,Nigeria,Slovakia,Female,19,B1,63.5,1.0,High,Married,0.16,0,0.7,None,0,Transferred,Engineering,2025-11-02T11:58:26Z,0.87,0.62,0.8,0.84,0.87,0.51,0.83,0.75,0.78,0.64,0.73,0.83,0.72,0.51,0.31,0.66,0.76,0.73,0.86,0.81,1.0,0.8,0.82,0.7,0.68,0.7,0.66,0.77,0.9,0.66,0.67,0.59
IT000013,Politecnico di Torino,Nigeria,Italy,Prefer not to say,28,C1,59.9,0.9,Medium,Single,0.49,0,0.7,Tutoring,1,Completed,Psychology,2025-11-02T11:58:25Z,0.84,0.58,0.89,0.65,0.83,0.83,0.78,0.66,0.73,0.81,0.83,0.77,0.99,0.89,0.75,0.68,0.48,0.68,0.72,0.58,0.86,0.9,0.72,0.8,0.77,0.96,0.68,0.72,0.64,0.7,0.78,0.86
LA000374,TSI Riga,Vietnam,Latvia,Prefer not to say,23,C2,70.0,0.89,Medium,Single,0.29,0,0.6,LanguageMentor,1,Completed,English Philology,2025-11-02T11:58:25Z,0.57,0.71,0.69,0.78,0.67,0.5,0.77,0.65,0.83,0.89,0.59,0.74,0.73,0.4,0.76,0.76,0.8,0.73,0.62,0.79,0.67,0.68,0.64,0.7,0.67,0.74,0.77,0.75,0.62,0.89,0.53,0.73
LA000594,Daugavpils University,India,Latvia,Female,19,C2,78.7,0.95,Low,Other,0.41,0,0.6,Counseling,1,Completed,Psychology,2025-11-02T11:58:25Z,0.9,0.73,0.79,0.57,0.92,0.55,0.8,0.6,0.7,0.78,0.79,0.48,0.65,0.77,0.72,0.81,0.78,0.58,0.53,0.92,0.7,0.69,0.72,0.68,0.69,0.68,0.96,0.93,0.53,0.63,0.8,0.46
LA000140,TSI Riga,Sri Lanka,Latvia,Prefer not to say,19,B2,84.3,0.97,High,Single,0.16,0,0.6,None,1,Completed,Data Science,2025-11-02T11:58:25Z,0.62,0.74,0.66,0.73,0.82,0.78,0.75,0.9,0.84,0.51,0.82,0.73,0.65,0.65,1.0,0.73,0.61,0.9,0.87,0.67,0.76,0.64,0.7,0.9,0.63,0.63,0.71,0.74,0.91,0.54,0.65,0.73
SL000338,Slovak Tech,Latvia,Slovakia,Other,28,A2,68.8,0.73,Low,Single,0.13,0,0.1,BuddyProgram,1,Completed,Economics,2025-11-02T11:58:26Z,0.61,0.66,0.71,0.71,0.81,0.82,0.64,0.82,0.73,0.75,0.64,0.86,0.88,0.54,0.9,0.27,0.9,0.87,0.6,0.88,0.86,0.61,0.58,0.62,0.85,0.51,0.84,0.79,0.75,0.56,0.7,1.0
SL000313,Comenius University Bratislava,Pakistan,Slovakia,Prefer not to say,27,B2,79.1,0.85,Low,Single,0.42,0,0.6,BuddyProgram,1,Completed,Business,2025-11-02T11:58:26Z,0.6,0.73,0.86,1.0,0.78,0.84,0.89,0.56,0.87,0.83,0.65,0.44,0.59,0.96,0.94,0.64,0.59,0.84,0.94,0.78,0.79,0.79,0.59,0.92,0.7,0.83,0.61,1.0,0.55,0.9,0.58,0.69
IT000036,University of Messina,Ukraine,Italy,Other,20,B2,65.8,0.88,Medium,Married,0.3,0,0.1,LanguageMentor,1,Completed,Data Science,2025-11-02T11:58:25Z,0.73,1.0,0.49,0.94,0.79,0.82,0.74,0.81,0.93,0.77,0.91,0.8,0.87,0.56,0.79,0.43,0.83,0.8,0.66,0.68,0.86,0.9,0.77,0.81,0.72,0.56,0.9,0.74,0.75,0.47,0.9,0.62
LA000182,TSI Riga,Ukraine,Latvia,Other,23,A2,66.2,0.98,Medium,Other,0.06,0,0.1,None,1,Ongoing,Engineering,2025-11-02T11:58:25Z,0.67,0.58,0.73,0.69,0.79,0.66,0.79,0.75,0.72,0.81,0.64,0.85,0.9,0.61,0.91,0.84,0.97,0.78,0.8,0.51,0.7,0.7,0.59,0.9,0.75,0.69,0.79,0.6,0.57,0.77,0.58,0.75
IT000452,Politecnico di Torino,Latvia,Italy,Male,27,B2,76.2,0.92,Low,Single,0.48,0,0.1,LanguageMentor,1,Ongoing,Economics,2025-11-02T11:58:25Z,0.81,0.64,0.96,1.0,0.6,0.61,0.89,0.8,0.89,0.76,0.81,0.7,0.79,0.54,0.53,0.67,0.66,0.83,0.79,0.71,0.62,0.68,0.86,0.88,0.7,0.88,0.67,0.61,0.6,0.71,0.86,0.78
SL000336,Slovak Tech,India,Slovakia,Prefer not to say,24,A2,73.9,0.79,Medium,Married,0.24,0,0.6,Tutoring,1,Completed,Psychology,2025-11-02T11:58:26Z,0.82,0.86,0.83,0.74,0.74,0.94,0.65,0.9,0.51,0.72,0.45,0.91,0.82,0.79,0.72,0.82,0.65,0.8,0.66,0.67,0.81,0.91,0.76,0.75,0.75,0.81,0.67,0.86,0.7,0.87,0.61,0.57
SL000171,Slovak Tech,Slovakia,Slovakia,Male,23,C1,86.4,0.85,Low,Married,0.36,0,0.1,LanguageMentor,1,Completed,Psychology,2025-11-02T11:58:26Z,0.85,0.81,0.97,0.61,0.73,0.66,0.94,0.93,0.73,0.62,0.59,0.58,0.66,0.58,0.59,0.47,0.68,0.75,0.76,0.59,0.84,0.89,0.82,0.74,0.55,0.54,0.81,0.64,0.81,0.83,0.73,0.7
IT000159,Politecnico di Torino,Italy,Italy,Male,21,A2,76.4,0.87,High,Married,0.26,0,0.1,None,1,Completed,Psychology,2025-11-02T11:58:25Z,0.77,0.56,0.8,0.87,0.79,0.76,0.86,0.92,0.59,0.69,0.63,0.59,0.62,0.59,0.76,0.8,0.6,0.85,1.0,0.73,0.81,0.72,0.8,0.67,0.61,0.67,0.47,1.0,0.94,0.76,0.85,0.73
IT000065,Politecnico di Torino,Nigeria,Italy,Prefer not to say,23,B1,76.3,0.88,High,Other,0.15,0,0.7,Tutoring,1,Completed,Computer Science,2025-11-02T11:58:25Z,0.95,0.71,0.63,0.7,0.58,0.85,0.72,0.88,0.55,0.57,1.0,0.7,0.7,0.66,0.74,0.81,0.71,0.77,0.84,0.7,0.67,0.72,0.66,0.83,0.37,0.72,0.77,0.77,0.82,0.33,0.6,0.96
SL000041,Slovak Tech,Brazil,Slovakia,Female,31,B1,63.3,0.88,Medium,Single,0.26,1,0.5,LanguageMentor,0,Administrative Withdrawal,Business,2025-11-02T11:58:25Z,0.73,0.7,0.61,0.76,0.64,0.7,0.6,0.57,0.96,0.66,0.86,0.65,0.78,0.72,0.66,0.79,0.92,0.69,0.79,0.9,0.54,0.65,0.77,0.59,0.65,0.9,0.91,0.98,0.72,0.79,0.65,0.79
LA000515,Daugavpils University,Pakistan,Latvia,Prefer not to say,23,A2,76.2,0.9,Medium,Married,0.55,0,0.6,Tutoring,1,Completed,Engineering,2025-11-02T11:58:25Z,0.74,0.71,1.0,0.91,0.51,0.71,0.74,0.86,0.54,0.71,0.78,0.49,0.66,0.54,0.71,0.58,0.83,0.77,0.77,0.72,0.81,0.55,0.55,0.94,0.65,0.73,0.48,0.73,0.76,0.64,0.63,0.66
SL000284,Slovak Tech,Slovakia,Slovakia,Male,21,C2,82.1,0.84,Low,Other,0.34,0,0.1,Counseling,0,Transferred,Engineering,2025-11-02T11:58:26Z,0.54,0.73,0.69,0.54,0.77,0.84,0.78,0.72,0.55,0.65,0.9,0.59,0.78,0.82,0.77,0.78,0.99,0.64,0.84,0.61,0.89,0.49,0.67,0.81,0.56,0.5,0.62,0.81,0.8,0.68,0.65,0.85
IT000500,Politecnico di Torino,Pakistan,Italy,Female,22,C2,96.5,0.98,Low,Other,0.22,0,0.6,None,1,Ongoing,Logistics,2025-11-02T11:58:25Z,0.71,0.77,0.95,0.86,0.65,0.76,0.95,0.7,0.73,0.72,0.68,0.83,0.6,0.73,0.58,0.86,0.85,0.8,0.78,0.76,0.78,0.72,0.69,0.81,0.67,0.9,0.73,0.64,0.82,0.62,0.43,0.67
LA000282,Daugavpils University,Spain,Latvia,Other,28,C1,70.6,0.93,Low,Other,0.38,0,0.1,LanguageMentor,1,Completed,Economics,2025-11-02T11:58:25Z,0.85,0.63,0.74,0.8,0.78,0.94,0.86,0.59,0.74,0.77,0.79,0.63,0.98,0.74,0.71,0.6,0.79,0.47,0.74,0.56,0.75,0.62,0.55,0.73,0.72,0.75,0.75,0.42,0.6,0.87,1.0,0.65
IT000058,University of Messina,Spain,Italy,Prefer not to say,22,C1,93.0,0.9,Medium,Other,0.14,0,0.1,BuddyProgram,1,Ongoing,Economics,2025-11-02T11:58:25Z,1.0,0.79,0.85,1.0,0.88,0.7,0.81,0.7,0.61,0.61,0.6,0.67,0.87,0.64,0.96,0.67,0.55,0.58,1.0,0.87,0.88,0.67,0.86,0.73,0.61,0.76,0.98,0.82,0.79,0.88,0.6,0.82
IT000344,Politecnico di Torino,Latvia,Italy,Female,26,C2,84.1,0.88,Medium,Other,0.13,0,0.1,None,1,Completed,Computer Science,2025-11-02T11:58:25Z,0.62,0.84,0.71,0.65,0.62,0.65,0.77,0.63,0.63,0.69,0.64,0.62,0.77,0.86,0.83,0.89,0.86,0.84,0.82,0.67,0.61,0.52,0.69,0.63,0.52,0.72,0.83,0.53,0.83,0.63,0.95,0.72
LA000319,TSI Riga,Ukraine,Latvia,Male,21,C2,76.1,0.94,Low,Married,0.39,0,0.1,None,0,Failed Exams,Economics,2025-11-02T11:58:25Z,0.8,0.91,0.83,0.82,0.76,0.73,0.57,0.91,0.68,0.65,0.75,0.83,0.8,0.79,0.77,0.59,0.87,0.68,0.87,0.69,0.45,0.48,0.56,0.69,1.0,0.71,0.84,0.58,0.61,0.61,0.86,0.64
SL000225,Comenius University Bratislava,Slovakia,Slovakia,Male,28,C1,77.1,0.89,Medium,Other,0.13,0,0.1,LanguageMentor,1,Completed,Computer Science,2025-11-02T11:58:26Z,0.77,0.66,0.81,0.6,0.58,0.57,0.49,0.91,0.92,0.77,0.73,0.5,0.84,0.76,0.53,0.75,0.51,0.63,0.9,0.76,0.68,0.7,0.78,0.65,0.78,0.87,0.68,0.64,0.79,0.75,0.59,1.0
IT000093,Politecnico di Torino,USA,Italy,Male,22,B2,69.6,1.0,Low,Other,0.4,0,0.3,None,1,Completed,Data Science,2025-11-02T11:58:25Z,1.0,0.89,0.58,0.72,0.73,0.72,0.67,0.81,0.65,0.8,0.77,0.86,0.81,0.81,0.95,0.58,0.96,0.82,0.77,0.8,0.72,0.52,0.58,0.75,0.55,0.74,0.78,0.75,0.67,0.72,0.78,0.48
SL000359,Comenius University Bratislava,Ukraine,Slovakia,Prefer not to say,18,A2,59.6,0.86,Medium,Other,0.12,0,0.1,Tutoring,1,Ongoing,Psychology,2025-11-02T11:58:26Z,0.74,0.81,0.74,0.78,0.6,0.89,0.82,0.74,0.76,0.59,0.64,0.93,0.59,0.67,0.74,0.69,0.47,0.69,0.76,0.85,0.72,0.8,0.8,0.75,0.77,0.73,0.65,0.78,0.81,0.64,0.79,0.66
LA000548,TSI Riga,Pakistan,Latvia,Female,24,B2,59.6,0.94,Medium,Married,0.33,0,0.6,Tutoring,1,Completed,Business,2025-11-02T11:58:25Z,0.64,0.9,0.67,0.91,0.68,0.69,0.94,0.65,1.0,0.59,0.76,0.7,0.66,0.57,0.57,0.58,0.84,0.68,0.8,0.76,0.7,0.57,0.79,0.46,0.6,0.77,0.87,0.57,0.65,0.75,0.76,0.8
SL000100,Slovak Tech,Bangladesh,Slovakia,Male,25,C1,74.9,0.84,Medium,Single,0.1,1,0.6,BuddyProgram,0,Dropped Out,Psychology,2025-11-02T11:58:26Z,0.68,0.65,0.85,0.85,0.91,0.76,0.88,0.91,0.89,0.73,0.95,0.59,0.77,0.73,0.82,0.72,0.6,0.67,0.76,0.79,0.6,0.72,0.9,0.71,0.83,0.77,0.68,0.84,1.0,0.63,0.71,0.77
LA000364,Daugavpils University,Sri Lanka,Latvia,Other,24,B2,74.4,0.91,Low,Married,0.26,0,0.6,None,1,Completed,Engineering,2025-11-02T11:58:25Z,0.81,0.57,0.7,0.74,0.68,0.73,0.84,0.79,0.62,0.83,0.72,0.8,0.85,0.62,0.78,0.9,0.75,0.65,0.74,0.58,0.91,0.87,0.75,0.8,0.92,0.43,0.84,0.55,0.55,0.74,0.51,0.75
SL000337,Slovak Tech,Ukraine,Slovakia,Prefer not to say,25,B1,68.6,0.82,Medium,Single,0.29,0,0.1,None,0,Failed Exams,Economics,2025-11-02T11:58:26Z,0.85,0.85,0.64,0.79,0.78,0.64,0.6,0.88,0.69,0.68,0.71,0.79,0.79,0.72,0.61,0.76,0.43,0.73,0.6,0.96,0.97,0.53,0.79,0.76,0.81,0.83,0.97,0.66,0.95,0.85,0.75,0.8
IT000261,University of Messina,Slovakia,Italy,Female,22,C2,76.5,0.84,Medium,Single,0.74,0,0.1,BuddyProgram,0,Failed Exams,English Philology,2025-11-02T11:58:25Z,0.63,0.63,0.77,0.53,0.82,1.0,0.7,0.82,0.8,1.0,0.72,0.76,0.49,0.72,0.5,0.59,0.56,0.27,0.41,0.46,0.64,0.45,0.29,0.5,0.61,0.7,0.56,0.75,0.52,0.68,0.58,0.78
SL000123,Comenius University Bratislava,Brazil,Slovakia,Female,31,C1,67.4,0.85,High,Single,0.03,0,0.5,BuddyProgram,1,Completed,Computer Science,2025-11-02T11:58:26Z,0.69,0.65,0.73,0.92,0.82,0.47,0.65,0.55,0.78,0.77,0.68,0.64,0.75,0.73,0.89,0.47,0.47,0.75,0.67,0.91,0.88,0.87,0.83,0.45,0.62,0.85,0.72,0.62,0.83,0.57,0.35,0.65
LA000349,Daugavpils University,Nigeria,Latvia,Male,28,B1,80.3,0.83,Medium,Single,0.43,1,0.7,BuddyProgram,0,Administrative Withdrawal,English Philology,2025-11-02T11:58:25Z,0.76,0.85,0.63,0.82,0.8,0.66,0.66,0.75,0.69,0.78,0.53,0.78,0.77,0.8,0.87,0.73,0.98,0.78,0.75,0.66,0.71,0.7,0.67,0.71,0.71,0.83,0.71,0.76,0.84,0.81,0.64,0.67
SL000418,Comenius University Bratislava,Slovakia,Slovakia,Prefer not to say,22,A2,83.6,0.8,Medium,Single,0.13,0,0.1,None,1,Completed,Logistics,2025-11-02T11:58:26Z,0.44,0.64,0.79,0.81,0.64,0.47,0.97,0.45,0.86,0.77,0.67,0.94,0.8,0.66,0.71,0.77,0.84,0.65,0.6,0.69,0.79,0.55,0.69,0.9,0.69,0.83,0.81,0.59,0.73,0.91,0.8,0.72
LA000586,Daugavpils University,Spain,Latvia,Other,27,A2,87.9,0.9,Low,Other,0.17,0,0.1,Tutoring,1,Completed,English Philology,2025-11-02T11:58:25Z,0.58,0.76,0.56,0.6,0.83,0.79,0.79,0.84,0.71,0.71,0.7,0.63,0.65,0.67,0.78,0.74,0.82,0.66,0.8,0.79,0.63,0.83,0.77,0.44,0.72,0.83,0.77,0.81,0.71,0.7,0.72,0.68
SL000377,Comenius University Bratislava,Italy,Slovakia,Other,26,C1,68.3,0.88,Low,Married,0.08,0,0.1,LanguageMentor,1,Completed,Economics,2025-11-02T11:58:26Z,0.72,0.74,0.61,0.71,0.64,0.97,0.91,0.63,0.67,0.8,0.65,0.84,0.65,0.79,0.65,0.6,1.0,0.68,0.74,0.7,0.7,0.82,0.74,0.53,0.66,0.66,0.82,0.79,0.74,0.61,0.77,0.64
IT000399,Politecnico di Torino,Pakistan,Italy,Male,25,B1,78.5,0.84,Low,Married,0.46,1,0.6,None,0,Dropped Out,Computer Science,2025-11-02T11:58:25Z,0.69,0.55,0.77,0.92,0.99,0.74,0.73,0.82,1.0,0.69,0.56,0.58,0.6,0.66,0.82,0.87,0.81,0.54,0.52,0.94,0.65,0.63,0.61,0.73,0.69,0.71,0.55,0.79,0.5,0.88,0.71,0.61
SL000347,Slovak Tech,Slovakia,Slovakia,Male,20,B2,60.4,0.81,Medium,Married,0.32,0,0.1,LanguageMentor,1,Completed,Economics,2025-11-02T11:58:26Z,0.46,0.68,0.8,0.5,0.72,0.65,0.67,0.8,0.71,1.0,0.73,0.84,0.69,0.74,0.76,0.67,0.88,0.62,0.72,0.53,0.59,0.54,0.9,0.52,0.84,0.49,0.54,0.69,0.67,0.63,0.76,0.75
LA000360,TSI Riga,Spain,Latvia,Other,28,C1,75.5,0.93,Low,Married,0.19,1,0.1,LanguageMentor,0,Left Country,Business,2025-11-02T11:58:25Z,0.65,0.72,0.76,0.49,0.75,0.82,0.84,0.73,0.88,0.75,0.61,0.47,0.97,0.51,0.76,0.4,0.9,0.8,0.77,0.66,0.66,0.82,0.73,0.67,0.99,0.98,0.7,0.58,0.67,0.73,0.82,0.88
SL000130,Slovak Tech,India,Slovakia,Male,25,C2,69.3,0.85,Medium,Other,0.23,0,0.6,None,1,Completed,Business,2025-11-02T11:58:26Z,0.56,0.84,0.84,0.8,0.83,0.83,0.91,0.95,0.5,0.79,0.92,0.82,0.92,0.8,0.52,0.77,0.63,0.64,0.63,0.65,0.62,1.0,0.78,1.0,0.46,0.6,0.72,0.88,0.72,0.67,0.72,0.47
IT000550,University of Messina,Ukraine,Italy,Male,27,C1,72.7,0.84,Low,Married,0.41,1,0.1,None,0,Left Country,Business,2025-11-02T11:58:25Z,0.91,0.69,0.82,0.82,0.8,0.68,0.53,0.72,0.76,0.97,0.73,0.77,0.5,0.94,0.75,0.54,0.49,1.0,0.69,0.99,0.63,0.73,0.84,0.61,0.79,0.81,0.74,0.6,0.78,0.59,0.66,0.54
LA000556,TSI Riga,Bangladesh,Latvia,Prefer not to say,20,B2,71.2,0.98,High,Married,0.26,0,0.6,BuddyProgram,1,Completed,Economics,2025-11-02T11:58:25Z,0.48,0.76,0.75,0.88,0.75,0.56,1.0,0.85,0.61,0.71,0.84,0.78,0.77,0.8,1.0,0.72,0.56,0.66,0.65,0.75,0.8,0.81,0.72,0.75,0.66,0.74,0.77,0.67,0.66,0.78,0.76,0.54
LA000062,Daugavpils University,Brazil,Latvia,Male,24,C1,80.9,0.91,High,Other,0.47,0,0.5,Tutoring,1,Ongoing,Computer Science,2025-11-02T11:58:25Z,0.75,0.87,0.9,0.67,0.66,0.84,0.6,0.74,0.69,0.83,0.63,0.52,0.64,0.62,0.87,0.65,0.77,0.52,0.69,0.84,0.82,0.7,0.86,0.55,0.68,0.77,0.78,0.74,0.58,0.74,0.77,0.71
LA000309,Daugavpils University,Nigeria,Latvia,Other,25,C2,68.6,1.0,Medium,Married,0.52,0,0.7,None,1,Completed,Data Science,2025-11-02T11:58:25Z,0.61,0.79,0.77,0.74,0.85,0.91,0.82,1.0,0.76,1.0,0.66,0.71,0.86,0.82,0.53,0.62,0.82,0.68,0.56,0.81,0.62,0.9,0.95,0.36,0.72,0.86,0.83,0.7,0.68,0.76,0.96,0.74
IT000425,University of Messina,Italy,Italy,Male,23,C1,81.6,0.92,Low,Single,0.64,0,0.1,None,1,Completed,Business,2025-11-02T11:58:25Z,0.77,0.77,0.68,0.59,0.77,0.78,0.59,0.67,0.64,0.55,0.69,0.83,0.57,0.87,0.46,0.83,0.54,0.58,0.47,0.56,0.66,0.56,0.38,0.63,0.47,0.68,0.77,0.82,0.69,0.85,0.79,0.91
IT000448,Politecnico di Torino,Slovakia,Italy,Other,23,B1,66.6,0.88,High,Single,0.66,1,0.1,None,0,Dropped Out,Business,2025-11-02T11:58:25Z,0.53,0.84,0.92,0.8,0.68,0.83,0.81,0.66,0.42,0.83,0.74,0.73,0.69,0.81,0.56,0.69,0.79,0.45,0.48,0.79,0.5,0.58,0.4,0.36,0.98,0.89,0.76,1.0,0.69,0.85,0.78,0.59
IT000367,Politecnico di Torino,Latvia,Italy,Prefer not to say,26,B1,72.3,0.91,Medium,Single,0.26,0,0.1,Tutoring,1,Completed,Business,2025-11-02T11:58:25Z,0.68,0.61,0.68,0.85,0.64,0.72,0.64,0.92,0.65,0.91,0.75,0.45,0.8,0.71,0.86,0.9,0.78,0.82,0.67,0.67,0.59,0.77,0.92,0.76,0.52,0.76,0.72,0.8,0.8,0.84,0.71,0.94
IT000248,University of Messina,Bangladesh,Italy,Other,21,B1,73.0,0.88,Low,Married,0.19,1,0.6,None,0,Dropped Out,Computer Science,2025-11-02T11:58:25Z,0.81,0.54,0.83,0.79,0.64,0.9,0.76,0.7,0.7,0.65,0.74,0.78,0.78,0.69,0.83,0.68,0.64,0.64,0.64,0.61,0.55,0.71,0.71,0.95,0.63,0.7,0.74,0.45,0.9,0.82,0.63,0.75
SL000387,Comenius University Bratislava,India,Slovakia,Male,28,C2,62.9,1.0,High,Married,0.17,0,0.6,BuddyProgram,1,Completed,Computer Science,2025-11-02T11:58:26Z,0.68,0.59,0.72,0.69,0.76,0.68,0.74,0.8,0.95,0.66,0.77,0.68,0.85,0.96,0.81,0.85,0.67,0.85,1.0,0.69,0.77,0.68,0.87,0.58,0.63,0.89,0.6,0.8,0.8,0.79,0.77,0.85
LA000329,TSI Riga,USA,Latvia,Female,25,A2,68.8,0.94,Low,Other,0.08,0,0.3,Tutoring,1,Completed,Computer Science,2025-11-02T11:58:25Z,0.64,0.92,0.7,1.0,0.96,0.81,0.65,0.73,0.8,0.77,0.89,0.81,0.69,0.71,0.76,0.7,0.72,0.77,0.82,0.79,0.76,0.62,0.73,0.85,0.9,0.66,0.73,0.65,0.53,0.76,0.68,0.58
SL000180,Comenius University Bratislava,Vietnam,Slovakia,Other,23,C2,79.3,0.88,Medium,Other,0.15,0,0.6,None,1,Completed,Business,2025-11-02T11:58:26Z,0.61,0.74,0.66,0.98,1.0,0.83,0.67,0.7,0.63,0.69,0.98,0.54,0.67,0.74,0.53,0.8,0.81,0.83,0.71,0.79,0.69,0.67,0.64,0.88,0.79,0.29,0.47,0.62,0.75,0.74,0.54,0.75
IT000394,University of Messina,Sri Lanka,Italy,Female,29,B1,77.6,0.84,High,Married,0.18,0,0.6,None,1,Completed,Economics,2025-11-02T11:58:25Z,0.71,0.76,0.82,0.89,0.83,0.6,0.56,0.72,0.8,0.79,0.74,0.91,0.71,0.75,0.81,0.8,0.83,0.69,0.58,0.9,0.75,0.76,0.7,0.68,0.55,0.89,0.66,0.63,0.82,0.58,0.78,0.86
IT000007,University of Messina,Brazil,Italy,Female,31,B2,73.3,0.88,Low,Other,0.35,1,0.5,None,0,Administrative Withdrawal,Psychology,2025-11-02T11:58:25Z,0.6,0.82,0.66,0.57,0.62,0.73,0.56,0.61,0.52,0.97,0.89,0.67,0.59,0.82,0.59,0.86,0.62,0.83,0.89,0.88,0.78,0.94,0.82,0.68,0.87,0.82,0.77,0.56,0.69,0.58,0.6,0.78
LA000041,Daugavpils University,Pakistan,Latvia,Female,21,B1,74.8,0.85,Medium,Single,0.41,0,0.6,Counseling,1,Completed,Business,2025-11-02T11:58:25Z,0.51,0.5,0.61,0.52,0.6,0.75,0.68,0.76,0.86,0.7,0.84,0.68,0.54,0.75,0.64,0.79,0.63,0.52,0.7,0.86,0.71,0.77,0.89,0.7,0.71,0.71,0.64,0.47,0.67,0.81,0.75,0.93
LA000342,Daugavpils University,Bangladesh,Latvia,Other,23,C1,74.9,0.93,Medium,Married,0.16,0,0.6,LanguageMentor,0,Transferred,Computer Science,2025-11-02T11:58:25Z,0.85,0.98,0.63,0.69,0.78,0.85,0.58,0.86,0.63,0.77,0.69,0.78,0.74,0.8,0.65,0.7,0.72,0.9,0.78,0.66,0.79,0.79,0.81,0.73,0.67,0.71,0.78,0.86,0.68,0.6,0.79,0.8
IT000465,Politecnico di Torino,Slovakia,Italy,Male,24,C2,79.7,0.71,Low,Single,0.22,0,0.1,LanguageMentor,0,Failed Exams,English Philology,2025-11-02T11:58:25Z,0.66,0.63,0.7,0.73,0.91,0.73,0.74,0.67,0.76,0.72,0.74,0.75,0.69,0.84,0.62,0.74,0.7,0.64,0.66,0.66,0.67,0.65,0.97,0.67,0.65,0.72,0.82,0.69,0.57,0.37,1.0,0.77
IT000076,Politecnico di Torino,Brazil,Italy,Prefer not to say,21,B1,73.7,0.89,Low,Married,0.69,0,0.5,None,0,Transferred,Economics,2025-11-02T11:58:25Z,0.82,0.79,0.88,0.79,0.58,0.88,0.72,0.82,0.73,0.79,0.63,0.5,0.56,0.63,0.63,0.35,0.66,0.84,0.47,0.58,0.44,0.52,0.33,0.51,0.85,0.49,0.62,0.75,0.92,0.65,0.8,0.49
SL000293,Comenius University Bratislava,Brazil,Slovakia,Other,20,C2,77.3,0.89,High,Single,0.36,1,0.5,Tutoring,0,Dropped Out,Economics,2025-11-02T11:58:26Z,0.64,0.66,0.7,0.64,0.74,0.82,0.75,0.84,0.78,0.81,0.52,0.93,0.87,0.72,0.7,0.83,0.85,0.77,0.67,0.44,0.68,0.77,0.8,0.88,0.85,0.63,0.49,0.87,0.83,0.81,1.0,0.66
SL000385,Comenius University Bratislava,Nigeria,Slovakia,Female,21,C1,53.3,0.85,High,Other,0.24,0,0.7,Tutoring,1,Ongoing,Business,2025-11-02T11:58:26Z,0.62,0.73,0.57,0.66,0.84,0.72,0.96,0.79,0.96,0.62,0.81,0.99,0.63,0.82,0.68,0.66,0.79,0.6,0.87,0.62,0.84,0.84,0.84,0.99,0.55,0.67,0.64,0.55,0.85,0.83,0.61,0.71
SL000184,Comenius University Bratislava,Pakistan,Slovakia,Prefer not to say,29,C1,80.9,0.9,Medium,Other,0.26,0,0.6,BuddyProgram,1,Completed,Psychology,2025-11-02T11:58:26Z,0.94,0.52,0.54,0.64,0.77,0.62,0.79,0.74,0.6,0.71,0.44,0.62,0.82,0.64,0.57,0.95,0.79,0.85,0.62,0.69,0.72,0.5,0.65,0.84,0.75,0.83,0.52,0.67,0.58,0.59,0.67,0.65
LA000504,Daugavpils University,Spain,Latvia,Female,23,B2,69.2,0.88,Low,Other,0.17,0,0.1,BuddyProgram,1,Completed,Psychology,2025-11-02T11:58:25Z,0.57,0.77,0.64,0.81,0.87,0.7,0.82,0.91,0.53,0.64,0.72,0.84,0.61,0.64,0.82,0.69,0.54,0.61,0.61,0.94,0.85,0.66,0.49,1.0,0.96,0.68,0.71,0.7,0.84,0.83,0.76,0.38
SL000018,Comenius University Bratislava,Sri Lanka,Slovakia,Female,27,C1,67.2,0.71,Medium,Married,0.25,0,0.6,None,0,Failed Exams,Data Science,2025-11-02T11:58:25Z,0.59,0.84,0.69,0.62,0.92,0.6,0.54,0.61,0.67,0.72,0.69,0.95,0.73,0.78,0.57,0.87,0.89,0.67,0.68,0.92,0.89,0.83,0.74,0.83,1.0,0.61,0.59,0.66,0.85,0.78,0.71,0.42
SL000335,Comenius University Bratislava,Nigeria,Slovakia,Female,26,A2,86.2,0.82,Low,Single,0.31,0,0.7,Tutoring,1,Ongoing,Logistics,2025-11-02T11:58:26Z,0.61,0.84,0.87,0.64,0.9,0.61,0.85,0.73,0.81,1.0,0.74,0.8,0.86,0.57,0.58,0.85,0.61,0.78,0.73,0.66,0.6,0.65,0.74,0.77,0.73,0.77,0.56,0.84,0.85,0.69,0.6,1.0
SL000016,Slovak Tech,Latvia,Slovakia,Prefer not to say,27,C1,58.2,0.89,Medium,Single,0.54,0,0.1,None,1,Completed,Engineering,2025-11-02T11:58:25Z,0.59,0.94,0.54,0.73,0.62,0.72,0.59,0.61,0.75,0.78,0.85,0.48,0.44,0.71,0.76,0.88,0.49,0.8,0.71,0.62,0.57,0.73,0.76,0.75,0.81,0.64,0.87,0.99,0.93,0.71,0.74,0.79
SL000252,Slovak Tech,Bangladesh,Slovakia,Female,23,C2,79.3,0.94,Medium,Single,0.06,0,0.6,LanguageMentor,1,Completed,Economics,2025-11-02T11:58:26Z,0.79,0.55,0.66,1.0,0.76,0.91,0.97,0.83,0.87,0.67,0.59,0.64,0.68,0.87,0.77,0.56,0.81,0.66,0.53,0.94,0.79,0.69,0.62,0.83,0.61,0.5,0.56,0.58,0.75,0.84,0.97,0.79
SL000132,Comenius University Bratislava,Brazil,Slovakia,Prefer not to say,23,B1,79.4,0.9,Low,Other,0.1,0,0.5,BuddyProgram,0,Failed Exams,Engineering,2025-11-02T11:58:26Z,0.73,0.73,0.8,0.67,0.64,0.91,0.64,0.81,0.94,0.78,0.65,0.66,0.91,0.67,0.61,0.63,0.82,0.66,0.88,0.78,0.8,0.57,0.73,0.92,0.53,0.75,0.82,0.84,0.75,0.73,0.66,0.71
LA000310,Daugavpils University,Sri Lanka,Latvia,Male,24,C2,81.7,0.94,Low,Married,0.23,0,0.6,None,1,Completed,Logistics,2025-11-02T11:58:25Z,0.52,0.98,0.74,0.65,0.98,0.96,0.78,0.85,0.49,0.51,0.8,0.69,0.71,0.92,0.81,0.87,0.79,0.9,0.59,0.56,0.5,0.57,0.71,0.53,0.86,0.69,0.75,0.77,0.79,0.78,0.83,0.82
LA000343,TSI Riga,USA,Latvia,Female,28,A2,72.7,0.87,High,Single,0.05,0,0.3,None,1,Completed,Economics,2025-11-02T11:58:25Z,0.85,0.75,0.81,0.67,1.0,0.71,0.94,0.77,0.7,1.0,0.59,0.84,0.6,1.0,1.0,0.7,0.78,0.84,0.7,0.73,0.65,1.0,0.65,0.84,0.87,0.65,1.0,0.72,0.7,0.62,0.79,0.94
IT000329,University of Messina,Slovakia,Italy,Prefer not to say,22,C2,51.0,0.85,Medium,Single,0.41,0,0.1,None,1,Completed,Computer Science,2025-11-02T11:58:25Z,0.51,0.69,0.44,0.71,0.75,0.84,0.82,0.93,0.44,0.66,0.58,0.78,0.86,0.69,0.69,0.78,0.89,1.0,0.87,0.8,0.8,0.54,0.71,0.76,0.74,0.67,0.89,0.98,0.84,0.69,0.89,0.71
LA000212,Daugavpils University,Pakistan,Latvia,Female,28,C2,65.2,0.8,Low,Other,0.15,0,0.6,None,1,Ongoing,Computer Science,2025-11-02T11:58:25Z,0.63,0.62,0.59,0.68,0.58,0.77,0.63,0.71,0.74,0.69,0.61,0.69,0.68,0.64,0.65,0.73,0.65,0.41,0.84,0.86,0.59,0.68,0.67,0.78,0.91,0.66,0.91,0.85,0.98,0.75,0.75,0.7
LA000340,TSI Riga,Ukraine,Latvia,Female,23,A2,83.4,0.86,Low,Other,0.12,0,0.1,None,1,Completed,English Philology,2025-11-02T11:58:25Z,0.81,0.78,0.67,0.64,0.83,0.64,0.73,0.7,0.72,0.87,0.62,0.67,0.78,0.84,0.57,0.78,0.7,0.91,0.72,0.84,0.53,0.52,0.66,0.75,0.6,0.84,0.74,0.62,0.59,0.75,0.99,0.81
LA000218,Daugavpils University,Bangladesh,Latvia,Female,30,C2,69.6,0.9,Medium,Married,0.22,0,0.6,LanguageMentor,1,Ongoing,Economics,2025-11-02T11:58:25Z,0.85,0.59,0.63,0.58,0.78,0.58,0.89,0.58,0.61,0.71,0.67,0.76,0.66,1.0,0.79,0.89,0.78,0.65,0.64,0.68,0.6,0.57,0.84,0.85,0.57,0.87,0.63,0.58,0.54,0.81,0.78,0.74
IT000072,University of Messina,Brazil,Italy,Prefer not to say,18,B1,65.4,0.91,Low,Other,0.56,0,0.5,None,1,Completed,Psychology,2025-11-02T11:58:25Z,0.56,0.69,0.53,0.8,0.84,0.71,0.92,0.72,0.73,0.71,0.68,0.71,0.8,0.82,0.55,0.6,0.88,0.71,0.67,0.62,0.88,0.51,0.79,0.62,0.52,0.64,0.54,0.81,0.64,0.74,0.88,0.64
SL000056,Comenius University Bratislava,India,Slovakia,Female,25,A2,80.3,0.87,Low,Married,0.48,1,0.6,None,0,Administrative Withdrawal,Logistics,2025-11-02T11:58:25Z,0.8,0.86,0.88,0.84,0.74,0.66,0.76,0.8,0.96,0.62,0.71,0.61,0.7,0.74,0.55,0.86,0.67,0.72,0.58,0.5,0.79,0.65,0.71,0.71,0.68,0.69,0.83,0.75,0.74,0.89,0.66,0.56
IT000338,Politecnico di Torino,Sri Lanka,Italy,Female,29,B2,71.9,0.88,Low,Other,0.2,0,0.6,BuddyProgram,1,Completed,Engineering,2025-11-02T11:58:25Z,0.71,0.72,0.52,0.72,0.76,0.6,0.72,0.61,0.62,0.91,0.48,0.88,0.81,0.56,0.77,0.62,0.64,0.54,0.78,0.89,0.71,0.61,0.58,0.95,0.5,0.75,0.79,0.78,0.66,0.84,0.74,0.57
IT000530,University of Messina,Latvia,Italy,Prefer not to say,27,B1,82.9,0.77,Low,Married,0.42,0,0.1,None,1,Completed,Economics,2025-11-02T11:58:25Z,0.83,0.7,0.53,0.76,0.65,0.62,0.74,0.72,0.45,0.63,0.57,0.76,0.64,0.79,0.68,0.53,0.7,0.8,0.68,0.88,0.59,0.86,0.69,0.76,0.84,0.8,0.39,1.0,0.94,0.81,0.79,0.66
SL000053,Comenius University Bratislava,Nigeria,Slovakia,Prefer not to say,22,B1,66.0,0.69,High,Single,0.54,0,0.7,None,0,Transferred,English Philology,2025-11-02T11:58:25Z,0.64,0.55,0.74,0.72,0.74,0.61,0.62,0.89,0.79,0.89,0.58,0.73,0.66,0.66,0.84,0.75,0.78,0.66,0.82,0.9,0.73,0.75,0.75,0.77,0.69,1.0,0.64,0.83,0.8,0.73,0.66,0.97
IT000262,University of Messina,Latvia,Italy,Other,24,B2,95.6,0.91,Low,Single,0.21,0,0.1,None,1,Completed,English Philology,2025-11-02T11:58:25Z,0.87,0.94,0.77,0.66,0.75,0.56,0.62,0.57,0.66,0.85,0.51,0.63,0.69,0.89,0.77,0.76,0.89,0.55,0.99,0.42,0.68,0.66,0.8,0.74,0.79,0.95,0.63,0.8,0.77,0.61,0.76,0.71
IT000543,University of Messina,Bangladesh,Italy,Other,24,C1,71.3,0.81,Low,Other,0.18,0,0.6,Tutoring,1,Completed,English Philology,2025-11-02T11:58:25Z,0.86,0.59,0.72,0.75,0.75,0.81,0.73,0.93,0.72,0.93,0.79,0.73,0.81,0.53,0.83,0.68,0.73,0.8,0.73,0.91,0.8,0.79,0.75,0.8,0.54,0.92,0.65,0.92,0.82,0.65,0.74,0.77
SL000421,Slovak Tech,Ukraine,Slovakia,Other,25,B2,52.9,0.96,Medium,Single,0.47,1,0.1,Tutoring,0,Dropped Out,Data Science,2025-11-02T11:58:26Z,0.79,0.66,0.69,0.62,0.75,0.83,0.6,0.58,0.8,0.63,0.54,0.44,0.7,0.72,0.78,0.83,0.59,0.62,0.72,0.7,0.61,0.69,0.71,0.65,0.41,0.78,0.62,0.82,0.85,0.62,0.84,0.52
LA000207,Daugavpils University,USA,Latvia,Other,23,C2,76.8,0.84,Medium,Married,0.11,1,0.3,LanguageMentor,0,Dropped Out,Business,2025-11-02T11:58:25Z,0.57,0.68,0.7,0.5,0.69,0.81,0.78,0.79,0.74,0.84,0.66,0.75,0.9,0.61,0.58,0.73,0.56,0.99,0.78,0.94,0.8,0.83,0.85,0.67,0.54,0.77,0.76,0.79,0.73,0.65,0.64,0.74
IT000174,Politecnico di Torino,India,Italy,Other,24,C1,76.1,0.76,Medium,Married,0.09,0,0.6,Tutoring,1,Completed,Economics,2025-11-02T11:58:25Z,0.52,0.62,0.79,0.91,0.58,0.77,0.68,0.75,0.72,0.66,0.66,0.76,0.54,0.57,0.89,0.66,0.76,0.83,0.48,0.95,0.55,0.51,0.89,0.62,0.63,0.59,0.81,0.9,1.0,0.6,0.87,0.86
SL000403,Comenius University Bratislava,Bangladesh,Slovakia,Prefer not to say,24,B1,95.0,1.0,Low,Married,0.25,0,0.6,Counseling,1,Completed,Logistics,2025-11-02T11:58:26Z,0.78,0.85,0.62,0.45,0.71,0.73,0.54,0.85,0.66,0.68,0.73,0.8,0.7,0.58,0.68,0.85,0.84,0.84,1.0,0.77,0.85,0.76,0.94,0.59,0.65,0.9,0.61,0.7,0.93,0.8,0.87,0.66
LA000074,TSI Riga,Latvia,Latvia,Male,21,C2,76.9,0.86,Medium,Single,0.55,0,0.1,BuddyProgram,0,Transferred,Psychology,2025-11-02T11:58:25Z,0.71,0.78,0.96,0.74,0.78,0.94,0.95,0.65,0.79,0.76,0.81,0.83,1.0,0.79,0.97,0.8,0.5,0.97,0.74,0.72,0.71,0.85,0.82,0.73,0.58,0.88,0.85,1.0,0.75,0.79,0.82,0.85
LA000545,TSI Riga,Latvia,Latvia,Prefer not to say,21,A2,73.8,0.84,High,Married,0.37,0,0.1,None,1,Completed,Engineering,2025-11-02T11:58:25Z,0.66,0.75,0.55,0.62,0.73,0.5,0.83,0.83,0.83,1.0,0.87,0.78,0.66,0.84,0.73,0.63,0.83,0.77,0.56,0.58,0.74,0.54,0.45,0.75,0.77,0.67,0.76,0.74,0.71,0.73,0.75,0.67
LA000210,TSI Riga,Sri Lanka,Latvia,Female,21,B1,70.2,0.82,Low,Married,0.13,1,0.6,LanguageMentor,0,Left Country,Computer Science,2025-11-02T11:58:25Z,0.68,0.8,0.54,0.84,0.82,0.93,0.6,0.76,0.71,0.87,0.87,0.74,0.78,0.68,0.72,0.7,0.85,0.85,0.79,0.63,0.69,0.65,0.74,0.78,0.92,0.45,0.73,0.76,0.84,0.72,0.69,0.71
IT000290,Politecnico di Torino,India,Italy,Other,18,B1,53.9,0.98,High,Other,0.13,0,0.6,None,0,Transferred,Business,2025-11-02T11:58:25Z,0.69,0.68,0.82,0.76,0.62,0.7,0.75,0.83,0.78,0.84,1.0,0.74,0.83,0.75,0.87,0.61,0.8,0.65,0.53,0.75,0.71,0.84,0.66,0.83,0.62,0.64,0.83,0.75,0.61,0.89,0.5,0.66
LA000436,TSI Riga,Bangladesh,Latvia,Female,26,B1,67.4,0.95,High,Single,0.08,1,0.6,None,0,Left Country,Computer Science,2025-11-02T11:58:25Z,0.7,0.71,0.74,0.9,0.82,0.59,0.74,0.71,0.85,0.88,0.89,0.63,0.82,0.67,0.74,1.0,0.82,0.51,0.88,0.69,0.67,0.69,0.81,0.63,0.83,0.72,0.88,0.83,0.63,0.7,0.89,1.0
SL000073,Slovak Tech,Pakistan,Slovakia,Prefer not to say,25,C2,75.5,0.76,Low,Single,0.39,0,0.6,LanguageMentor,1,Completed,Economics,2025-11-02T11:58:26Z,0.75,0.94,0.82,0.74,0.86,0.67,0.69,0.83,0.56,0.74,0.78,0.94,0.69,0.88,0.96,0.71,0.82,0.56,0.77,0.94,0.69,0.77,0.76,0.83,0.62,0.67,0.82,0.74,1.0,0.75,0.87,0.7
LA000081,Daugavpils University,Bangladesh,Latvia,Male,22,B2,79.1,0.91,Low,Single,0.08,0,0.6,BuddyProgram,1,Completed,Business,2025-11-02T11:58:25Z,0.44,0.98,0.77,0.62,0.55,0.7,0.89,0.9,0.79,0.76,0.77,0.8,0.62,0.67,0.55,0.69,0.72,0.78,0.83,0.69,0.76,1.0,0.83,0.56,0.77,0.56,0.9,0.69,0.85,0.86,0.9,0.72
IT000113,University of Messina,Pakistan,Italy,Female,24,B1,83.7,0.75,Medium,Other,0.41,0,0.6,None,0,Failed Exams,Business,2025-11-02T11:58:25Z,0.69,0.66,0.47,0.63,0.79,0.82,0.78,0.56,0.91,0.79,0.74,0.72,0.45,0.54,0.81,0.73,0.59,0.72,0.77,0.55,0.81,0.7,0.76,0.83,0.81,0.63,0.72,0.7,0.65,0.78,0.84,0.88
IT000147,University of Messina,Nigeria,Italy,Female,23,C1,70.7,0.84,High,Single,0.09,0,0.7,None,1,Completed,Economics,2025-11-02T11:58:25Z,0.75,0.95,0.69,0.57,0.97,0.67,0.97,0.63,0.82,0.55,0.87,0.64,0.81,0.77,0.91,0.68,0.83,0.63,0.93,0.69,0.56,0.59,0.63,0.85,0.7,0.67,0.83,0.69,0.66,0.84,0.74,0.57
SL000278,Comenius University Bratislava,USA,Slovakia,Male,26,B1,89.3,0.87,High,Single,0.2,0,0.3,LanguageMentor,0,Transferred,Data Science,2025-11-02T11:58:26Z,0.8,0.6,0.71,0.75,0.43,0.81,0.71,0.93,0.86,0.48,0.78,0.69,0.56,0.61,0.75,0.81,0.66,0.78,0.74,0.8,0.86,0.77,0.66,0.65,0.56,0.91,0.75,0.63,0.74,0.88,0.64,0.98
SL000120,Slovak Tech,Pakistan,Slovakia,Prefer not to say,28,A2,69.2,0.76,Low,Other,0.45,1,0.6,None,0,Left Country,Logistics,2025-11-02T11:58:26Z,0.54,0.67,0.92,1.0,0.79,0.7,0.5,0.68,0.78,0.81,0.65,0.63,0.77,0.56,0.48,0.53,0.57,0.86,0.79,0.65,1.0,0.68,0.75,1.0,0.6,0.78,0.63,0.69,0.56,0.84,0.77,0.62
LA000280,TSI Riga,India,Latvia,Female,22,A2,77.9,0.85,High,Other,0.14,0,0.6,None,1,Completed,Data Science,2025-11-02T11:58:25Z,0.87,0.68,0.67,0.56,0.62,0.83,0.4,0.64,0.71,0.72,0.84,0.73,0.51,0.54,0.78,0.8,0.68,0.96,0.9,0.66,0.77,0.71,0.8,0.4,0.74,0.67,0.64,0.73,0.77,0.9,0.7,0.87
IT000403,Politecnico di Torino,USA,Italy,Male,26,B1,63.0,0.87,Low,Single,0.4,1,0.3,None,0,Dropped Out,Computer Science,2025-11-02T11:58:25Z,0.72,0.7,0.96,0.58,0.7,0.71,0.72,0.86,0.68,0.85,0.51,0.83,0.67,0.52,0.83,0.55,0.63,0.69,0.77,0.83,0.83,0.65,0.66,0.7,0.85,0.7,0.72,0.94,0.95,0.74,0.7,0.84
LA000405,TSI Riga,USA,Latvia,Other,22,C2,82.6,0.98,High,Married,0.17,0,0.3,None,1,Completed,English Philology,2025-11-02T11:58:25Z,0.6,0.56,0.7,0.77,0.97,0.64,0.65,0.6,0.87,0.69,0.65,0.79,0.52,0.66,1.0,0.86,0.7,0.71,0.57,1.0,0.87,0.82,0.71,0.92,0.84,0.77,0.83,0.68,0.85,0.66,0.79,0.82
SL000448,Comenius University Bratislava,India,Slovakia,Female,22,B2,59.0,0.85,Low,Married,0.25,0,0.6,LanguageMentor,1,Completed,Business,2025-11-02T11:58:26Z,0.64,0.6,0.56,0.9,0.62,0.65,0.71,0.7,0.96,0.58,0.65,0.74,0.82,0.99,0.84,0.8,0.89,0.59,0.56,0.66,0.74,0.68,0.71,0.67,0.64,0.69,0.86,0.67,0.87,0.94,0.76,0.56
SL000493,Slovak Tech,Slovakia,Slovakia,Prefer not to say,20,C2,72.4,1.0,Medium,Single,0.47,0,0.1,Tutoring,1,Completed,Engineering,2025-11-02T11:58:26Z,0.64,0.67,0.79,0.64,0.63,0.75,0.62,0.76,0.65,0.77,0.81,0.95,0.81,0.68,0.65,0.69,0.71,0.78,0.73,0.73,0.63,0.76,0.66,0.66,0.76,0.57,0.53,0.9,0.48,0.63,0.47,0.65
IT000376,University of Messina,Latvia,Italy,Other,18,C1,73.1,0.85,High,Married,0.13,0,0.1,LanguageMentor,1,Completed,Data Science,2025-11-02T11:58:25Z,0.8,0.79,0.78,0.61,0.74,0.79,0.78,0.76,0.66,0.7,0.69,0.79,0.36,0.54,0.72,0.53,0.81,0.54,0.83,0.7,0.8,0.7,0.85,0.76,0.52,0.83,0.65,0.63,0.48,0.7,0.71,0.71
SL000271,Comenius University Bratislava,Italy,Slovakia,Male,18,B1,76.2,0.87,Medium,Other,0.22,0,0.1,BuddyProgram,1,Completed,Psychology,2025-11-02T11:58:26Z,0.71,0.79,0.71,0.57,0.67,0.72,0.87,0.72,0.81,0.8,0.99,0.91,0.79,0.78,0.77,0.68,0.84,0.68,0.75,0.83,0.81,0.82,0.68,0.6,0.81,0.7,0.71,0.83,0.74,0.67,0.58,0.72
LA000246,Daugavpils University,Bangladesh,Latvia,Prefer not to say,27,C2,69.5,0.82,High,Single,0.36,1,0.6,Tutoring,0,Dropped Out,Psychology,2025-11-02T11:58:25Z,0.61,0.8,0.52,0.81,0.46,0.58,0.83,0.7,0.49,0.71,0.77,0.96,0.8,0.83,0.91,0.71,0.54,0.75,0.7,0.78,0.7,0.68,0.88,0.54,0.76,0.68,0.58,0.66,0.79,0.66,0.65,0.72
LA000595,TSI Riga,Sri Lanka,Latvia,Female,26,A2,67.7,0.97,Low,Married,0.78,0,0.6,None,0,Failed Exams,Psychology,2025-11-02T11:58:25Z,0.52,0.76,0.82,0.64,0.92,0.7,0.73,0.65,0.69,0.72,0.4,0.77,0.86,0.68,0.65,0.54,0.46,0.45,0.77,0.51,0.33,0.49,0.4,0.42,0.8,0.87,0.61,0.82,0.4,0.59,0.7,0.79
SL000255,Slovak Tech,Vietnam,Slovakia,Female,30,C2,85.2,0.84,High,Single,0.19,1,0.6,Tutoring,0,Dropped Out,Engineering,2025-11-02T11:58:26Z,0.83,0.58,0.42,0.89,0.71,0.84,0.66,0.69,0.53,0.81,0.8,0.57,0.62,0.79,0.54,0.89,0.6,0.64,0.94,0.73,0.68,1.0,0.84,0.76,0.64,0.65,0.52,0.72,0.55,0.75,0.55,0.88
LA000126,TSI Riga,Italy,Latvia,Prefer not to say,21,B2,64.3,0.84,High,Married,0.32,0,0.1,None,1,Completed,Engineering,2025-11-02T11:58:25Z,0.75,0.63,0.94,0.83,0.72,0.64,0.72,0.66,0.83,0.59,0.64,0.7,0.77,0.94,0.93,0.97,0.71,0.7,0.56,0.8,0.61,0.53,0.63,0.69,0.71,0.71,0.66,0.67,0.55,0.59,0.7,0.86
LA000506,TSI Riga,Brazil,Latvia,Female,25,A2,90.7,0.98,High,Other,0.42,1,0.5,LanguageMentor,0,Dropped Out,Psychology,2025-11-02T11:58:25Z,0.6,0.58,0.73,0.93,0.47,0.7,0.68,0.67,0.79,0.39,0.67,0.56,0.64,0.58,0.67,0.45,0.83,0.83,0.58,0.66,0.73,0.71,0.77,0.68,0.62,0.64,1.0,0.7,0.72,0.72,0.88,0.9
SL000277,Slovak Tech,Slovakia,Slovakia,Male,20,C1,63.0,0.95,Medium,Married,0.21,0,0.1,Counseling,1,Completed,Computer Science,2025-11-02T11:58:26Z,0.68,0.88,0.83,0.73,0.82,0.51,0.99,0.74,0.67,0.52,0.79,0.75,0.79,0.61,0.73,0.82,0.76,0.79,0.97,0.83,0.87,0.69,0.74,0.58,0.77,0.84,0.68,0.84,0.9,0.78,0.51,0.73
IT000251,University of Messina,India,Italy,Other,26,C1,71.8,0.88,Low,Other,0.44,0,0.6,BuddyProgram,1,Ongoing,English Philology,2025-11-02T11:58:25Z,0.7,1.0,0.64,0.63,0.93,0.69,0.79,0.82,0.97,0.68,0.81,0.73,0.55,0.42,0.75,0.85,0.58,0.9,0.73,0.57,0.56,0.61,0.64,0.64,0.66,0.88,0.91,0.72,0.43,0.73,0.79,0.68
SL000156,Slovak Tech,Spain,Slovakia,Female,32,B1,73.7,0.97,High,Married,0.56,0,0.1,LanguageMentor,1,Completed,Economics,2025-11-02T11:58:26Z,0.52,0.68,0.74,0.74,0.56,0.91,0.72,0.86,0.81,0.77,0.72,0.86,0.76,0.76,0.6,0.78,0.8,0.88,0.72,0.72,0.7,0.7,0.68,0.78,0.82,0.6,0.74,0.78,0.68,0.82,0.85,0.69
SL000428,Slovak Tech,Latvia,Slovakia,Prefer not to say,24,B1,73.6,0.93,Low,Other,0.12,0,0.1,BuddyProgram,1,Completed,Economics,2025-11-02T11:58:26Z,0.73,0.58,0.67,0.68,0.75,0.59,0.82,0.65,0.83,0.93,0.73,0.68,1.0,0.77,0.86,0.75,0.91,0.7,0.67,0.69,0.79,0.7,0.74,0.8,0.83,0.64,0.71,0.78,0.82,0.72,0.79,1.0
IT000207,University of Messina,Ukraine,Italy,Male,24,C2,96.4,0.88,Medium,Married,0.45,0,0.1,Tutoring,1,Completed,Data Science,2025-11-02T11:58:25Z,0.56,0.48,0.81,0.77,0.55,0.69,0.64,0.83,0.89,0.88,0.55,0.7,0.75,0.77,0.8,0.66,0.77,0.79,0.72,0.63,0.74,0.69,0.61,0.56,0.62,0.72,0.83,0.61,0.73,0.87,0.58,0.71
LA000227,Daugavpils University,Nigeria,Latvia,Female,28,C1,67.5,1.0,Medium,Single,0.44,0,0.7,None,1,Completed,Economics,2025-11-02T11:58:25Z,0.77,0.8,0.71,0.69,0.63,0.91,0.85,0.88,0.8,0.75,0.49,0.7,0.71,0.76,0.71,0.83,0.54,0.78,0.83,0.84,0.56,0.87,0.7,0.76,0.52,0.72,0.86,0.72,0.66,0.65,0.54,0.81
LA000253,Daugavpils University,Sri Lanka,Latvia,Male,20,C1,76.4,0.94,Medium,Single,0.24,0,0.6,None,1,Completed,Engineering,2025-11-02T11:58:25Z,0.81,0.6,0.58,0.79,0.66,0.79,0.8,0.58,0.85,0.62,0.78,0.65,0.58,0.91,0.61,0.57,0.63,0.8,0.76,0.87,0.9,0.81,0.66,1.0,0.48,0.93,0.72,0.46,0.73,0.6,0.71,0.45
LA000262,TSI Riga,Latvia,Latvia,Female,23,C1,64.7,1.0,Medium,Married,0.27,0,0.1,LanguageMentor,1,Completed,Engineering,2025-11-02T11:58:25Z,0.91,0.52,0.67,0.66,0.8,1.0,0.72,0.76,0.71,0.72,0.66,0.56,0.91,0.68,0.77,0.49,0.75,0.93,0.71,0.81,0.69,0.52,0.68,0.69,0.62,0.72,0.72,0.72,0.56,0.64,0.82,0.68
LA000580,TSI Riga,Italy,Latvia,Prefer not to say,31,A2,74.7,0.81,Medium,Single,0.54,0,0.1,Counseling,1,Completed,Engineering,2025-11-02T11:58:25Z,0.78,0.7,0.67,0.75,0.75,0.92,0.69,0.76,0.79,0.54,0.31,0.86,0.58,0.78,0.68,0.77,0.73,0.71,0.77,0.62,0.66,0.78,0.7,0.71,0.48,0.69,0.77,0.56,0.49,0.71,0.75,0.93
LA000018,Daugavpils University,USA,Latvia,Other,20,C1,67.9,0.87,Medium,Other,0.43,0,0.3,BuddyProgram,0,Failed Exams,English Philology,2025-11-02T11:58:25Z,0.59,0.86,0.84,0.39,0.61,0.62,0.67,0.74,0.66,0.85,0.63,0.69,0.75,0.58,0.75,0.72,0.71,0.57,0.48,0.7,1.0,0.73,0.9,0.79,0.66,0.7,0.48,0.84,0.93,0.94,0.79,0.75
SL000327,Slovak Tech,Brazil,Slovakia,Male,27,C1,61.8,1.0,High,Single,0.64,0,0.5,LanguageMentor,1,Completed,Business,2025-11-02T11:58:26Z,0.65,0.6,0.65,0.52,0.67,0.64,0.92,0.73,0.57,0.61,0.52,0.7,0.8,0.71,0.66,0.68,0.47,0.46,0.45,0.56,0.51,0.28,0.65,0.53,0.7,0.84,0.61,0.89,0.7,0.49,0.46,0.54
IT000377,University of Messina,Bangladesh,Italy,Male,26,B1,68.8,0.96,Low,Married,0.21,0,0.6,LanguageMentor,1,Completed,Engineering,2025-11-02T11:58:25Z,0.89,0.58,0.63,0.52,0.53,0.69,0.61,0.78,0.64,0.59,0.79,0.97,0.97,0.81,0.76,0.9,0.56,0.85,0.72,0.89,0.9,0.77,0.87,0.72,0.66,0.66,0.91,0.62,0.8,0.58,0.57,0.56
LA000036,TSI Riga,Bangladesh,Latvia,Female,25,C2,52.1,0.89,High,Single,0.28,0,0.6,BuddyProgram,1,Completed,English Philology,2025-11-02T11:58:25Z,0.92,0.54,0.88,0.67,0.97,0.76,0.74,0.7,0.99,0.41,0.83,0.74,0.76,0.7,0.52,0.79,0.53,0.44,0.71,0.66,0.84,0.69,0.61,0.71,0.9,0.59,0.95,0.87,0.75,0.43,0.51,0.71
LA000288,Daugavpils University,Slovakia,Latvia,Other,21,C1,79.6,0.89,High,Married,0.37,0,0.1,None,1,Completed,Business,2025-11-02T11:58:25Z,0.72,0.64,0.83,0.79,0.76,0.84,0.74,0.79,0.67,0.63,0.68,0.79,0.67,0.57,0.52,0.65,0.81,0.69,0.66,0.54,0.82,0.74,0.65,0.9,0.77,0.98,0.96,0.85,0.7,0.75,0.69,1.0
SL000432,Slovak Tech,Slovakia,Slovakia,Female,22,C1,65.4,0.9,Low,Other,0.13,0,0.1,LanguageMentor,1,Completed,Economics,2025-11-02T11:58:26Z,1.0,0.71,0.76,0.7,0.67,0.59,0.78,0.79,0.4,1.0,0.8,0.68,0.62,0.79,0.76,0.74,0.92,0.82,0.68,0.76,0.79,0.79,0.57,0.99,0.84,0.7,0.67,0.59,1.0,0.42,0.32,0.71
SL000348,Comenius University Bratislava,Vietnam,Slovakia,Other,27,B2,63.3,1.0,Medium,Single,0.11,0,0.6,None,1,Completed,Computer Science,2025-11-02T11:58:26Z,0.52,0.81,0.67,0.64,0.9,0.7,1.0,1.0,0.79,0.75,0.41,0.86,0.82,0.52,0.78,0.79,0.62,0.61,0.85,0.67,0.6,0.86,0.47,0.72,0.73,0.68,0.58,0.66,0.73,0.65,0.79,0.66
SL000181,Slovak Tech,Pakistan,Slovakia,Other,23,C1,72.0,0.81,High,Other,0.17,0,0.6,None,1,Ongoing,Psychology,2025-11-02T11:58:26Z,0.69,0.58,0.73,0.69,0.87,0.83,0.87,0.43,0.68,0.82,0.81,0.69,0.38,0.66,0.65,0.99,0.93,0.67,0.69,0.81,0.53,0.6,0.77,0.6,0.69,0.68,0.59,0.65,0.59,0.56,0.86,0.8
SL000129,Comenius University Bratislava,Spain,Slovakia,Prefer not to say,24,C2,72.5,0.84,Medium,Married,0.5,0,0.1,LanguageMentor,1,Completed,Psychology,2025-11-02T11:58:26Z,0.81,0.72,0.71,0.64,0.67,0.7,0.72,0.76,0.64,0.76,0.61,0.88,0.6,0.61,0.63,0.73,0.7,0.73,0.59,0.82,0.77,0.58,0.6,0.85,0.85,0.82,0.68,0.8,0.86,0.79,0.67,0.78
LA000250,TSI Riga,India,Latvia,Female,20,B1,73.7,0.92,Medium,Single,0.32,0,0.6,BuddyProgram,0,Transferred,Logistics,2025-11-02T11:58:25Z,0.88,1.0,0.46,0.72,0.83,0.53,0.82,0.78,0.61,0.68,0.6,0.53,0.84,0.71,0.93,0.65,0.6,0.77,0.83,0.68,0.5,0.73,0.62,0.7,0.77,0.94,0.84,0.6,0.91,0.85,0.7,0.75
LA000206,TSI Riga,Pakistan,Latvia,Other,24,C1,78.9,0.96,Low,Other,0.18,0,0.6,LanguageMentor,1,Completed,English Philology,2025-11-02T11:58:25Z,0.88,0.34,0.52,0.66,0.65,0.7,0.85,0.34,0.82,1.0,0.73,0.87,0.59,0.54,0.88,0.79,0.77,0.69,0.54,1.0,0.7,0.71,0.65,0.79,0.62,0.77,0.69,0.73,0.66,0.8,0.64,0.77
SL000046,Slovak Tech,Slovakia,Slovakia,Other,26,B1,87.1,0.81,Low,Single,0.49,0,0.1,None,1,Completed,English Philology,2025-11-02T11:58:25Z,0.84,0.74,0.58,0.85,0.45,0.54,0.94,0.77,0.61,0.76,0.57,0.53,0.7,0.75,1.0,0.78,0.73,0.74,0.79,0.58,0.75,0.72,0.77,0.94,0.83,0.8,0.53,1.0,0.74,0.6,0.64,0.63
IT000204,Politecnico di Torino,Slovakia,Italy,Female,21,B1,71.4,0.93,Medium,Other,0.25,0,0.1,Counseling,1,Completed,Business,2025-11-02T11:58:25Z,0.81,0.8,0.8,0.97,0.84,0.48,0.98,0.69,0.64,0.54,0.64,0.96,0.69,0.72,0.5,0.98,0.57,0.74,0.69,0.63,0.55,0.82,0.73,0.7,0.77,0.7,0.73,0.69,0.65,0.52,0.55,0.66
IT000418,University of Messina,Sri Lanka,Italy,Female,25,C1,67.7,0.71,Low,Other,0.24,0,0.6,BuddyProgram,0,Transferred,Logistics,2025-11-02T11:58:25Z,0.62,0.58,0.83,0.78,0.83,0.38,0.83,0.84,0.67,0.61,0.87,0.65,0.58,0.47,0.7,0.72,0.78,0.52,0.64,0.58,0.76,0.67,0.55,0.69,0.68,0.63,0.62,0.49,0.91,0.74,0.75,0.74
LA000237,Daugavpils University,Latvia,Latvia,Prefer not to say,22,B1,77.8,0.78,High,Married,0.1,0,0.1,BuddyProgram,0,Transferred,Business,2025-11-02T11:58:25Z,0.66,0.72,0.7,0.74,0.78,0.77,0.77,0.77,0.77,0.86,0.75,0.67,1.0,0.63,0.74,0.64,0.72,0.76,0.86,0.93,0.71,0.69,0.58,0.72,0.69,0.88,0.86,0.92,0.74,0.78,0.73,0.68
IT000372,Politecnico di Torino,Spain,Italy,Male,27,B2,56.5,0.73,Low,Married,0.31,0,0.1,BuddyProgram,1,Completed,Economics,2025-11-02T11:58:25Z,0.73,0.52,0.68,0.64,0.57,0.55,0.59,0.68,0.55,0.69,0.84,0.73,0.83,0.88,0.69,0.56,0.96,0.56,0.79,0.89,0.95,0.5,0.91,0.68,0.48,0.46,0.72,0.69,0.95,0.62,0.74,0.64
LA000566,TSI Riga,Bangladesh,Latvia,Male,27,A2,67.1,0.83,Medium,Single,0.22,0,0.6,LanguageMentor,1,Completed,Data Science,2025-11-02T11:58:25Z,0.81,0.82,0.74,0.75,0.79,0.65,0.74,0.98,0.34,0.87,0.55,0.84,0.69,0.51,0.65,0.65,0.75,0.64,0.57,0.62,0.79,0.78,0.87,0.79,0.68,0.6,0.84,0.9,0.58,0.61,0.68,0.71
IT000412,Politecnico di Torino,Ukraine,Italy,Prefer not to say,25,B2,74.6,0.88,Low,Single,0.12,0,0.1,Counseling,1,Completed,Computer Science,2025-11-02T11:58:25Z,1.0,0.79,0.9,0.64,0.76,0.71,0.84,0.94,0.74,0.66,0.43,0.98,0.69,0.63,0.75,0.74,0.8,0.62,0.86,0.97,0.64,0.81,0.66,0.6,0.53,0.65,0.56,0.68,0.97,0.59,0.9,0.82
SL000093,Comenius University Bratislava,Pakistan,Slovakia,Female,20,C2,50.6,0.83,High,Other,0.21,0,0.6,LanguageMentor,0,Failed Exams,Business,2025-11-02T11:58:26Z,0.65,0.65,0.58,0.79,0.74,0.84,0.72,0.79,0.67,0.72,0.74,0.73,0.71,0.84,0.71,0.76,0.66,0.68,0.57,0.67,0.8,0.83,0.86,0.88,0.74,0.72,0.45,0.57,0.78,0.87,0.65,0.45
LA000038,Daugavpils University,Bangladesh,Latvia,Prefer not to say,23,B1,90.9,1.0,Medium,Married,0.17,0,0.6,None,1,Completed,Data Science,2025-11-02T11:58:25Z,0.47,0.44,0.54,0.74,0.7,0.66,0.78,0.87,0.63,1.0,0.72,0.66,0.71,0.84,0.66,0.76,0.76,0.72,0.83,0.76,0.67,0.89,0.8,0.8,0.76,0.79,0.64,0.77,0.81,0.69,0.76,0.77
IT000068,Politecnico di Torino,Sri Lanka,Italy,Female,27,B2,75.5,0.96,High,Single,0.54,0,0.6,LanguageMentor,1,Ongoing,English Philology,2025-11-02T11:58:25Z,0.9,0.82,0.69,0.86,0.72,0.75,1.0,0.88,0.93,0.78,0.9,0.72,0.75,0.77,0.7,0.46,0.64,0.75,0.62,0.47,0.91,0.5,0.68,0.63,0.84,0.83,0.62,0.76,1.0,0.64,0.73,0.79
IT000081,University of Messina,Pakistan,Italy,Female,28,B2,77.1,0.89,Low,Single,0.42,0,0.6,LanguageMentor,1,Completed,Psychology,2025-11-02T11:58:25Z,0.67,0.71,0.73,0.72,0.96,0.71,0.96,0.63,0.8,0.51,0.75,0.83,0.82,0.88,0.56,0.83,0.9,0.67,0.69,0.77,0.58,0.79,0.66,0.77,0.48,0.74,0.8,0.85,0.73,0.92,0.76,0.73
LA000456,TSI Riga,Sri Lanka,Latvia,Male,23,B2,85.0,0.87,High,Married,0.43,1,0.6,None,0,Dropped Out,Logistics,2025-11-02T11:58:25Z,0.42,0.77,0.81,0.7,0.72,0.72,0.86,0.97,1.0,0.7,0.56,0.5,0.75,0.9,0.71,0.66,0.66,0.59,0.74,0.66,0.58,0.8,0.46,0.62,0.63,0.83,0.62,0.89,0.5,0.84,0.6,0.58
LA000258,Daugavpils University,Pakistan,Latvia,Prefer not to say,32,A2,75.0,0.83,High,Other,0.2,1,0.6,None,0,Dropped Out,Psychology,2025-11-02T11:58:25Z,0.65,0.51,0.74,0.82,0.72,0.84,0.78,0.66,0.7,0.7,0.71,0.91,0.57,0.64,0.75,0.57,0.7,0.85,0.65,0.7,1.0,0.72,0.51,0.79,0.77,1.0,0.85,0.62,0.5,0.71,0.54,0.64
IT000247,University of Messina,Brazil,Italy,Male,26,B1,50.5,0.81,Medium,Other,0.23,0,0.5,BuddyProgram,1,Completed,Data Science,2025-11-02T11:58:25Z,0.78,0.87,0.6,0.75,0.74,0.61,0.49,0.75,0.84,0.78,0.92,0.63,0.63,0.43,0.7,0.75,0.69,0.85,0.91,0.66,0.74,0.94,0.64,0.57,0.82,0.75,0.52,0.67,0.76,0.48,0.48,0.77
IT000137,Politecnico di Torino,Spain,Italy,Other,23,B2,87.3,1.0,High,Married,0.4,0,0.1,None,1,Completed,Data Science,2025-11-02T11:58:25Z,0.89,0.75,0.66,0.7,0.88,0.69,0.8,0.73,0.84,0.9,0.6,0.72,0.81,0.53,0.73,0.67,0.63,0.77,0.64,0.67,0.8,0.89,0.66,0.7,0.64,0.71,0.85,0.68,0.71,0.76,0.68,0.76
LA000380,TSI Riga,Brazil,Latvia,Prefer not to say,25,B1,77.6,0.88,High,Married,0.12,1,0.5,LanguageMentor,0,Dropped Out,Psychology,2025-11-02T11:58:25Z,0.75,0.75,0.79,0.45,0.66,0.85,0.66,0.7,0.77,0.68,0.7,0.78,0.64,0.67,0.77,0.81,0.88,0.76,0.76,0.71,0.72,0.78,0.83,0.59,0.81,0.76,0.7,0.66,0.8,0.69,0.92,0.6
SL000098,Comenius University Bratislava,Vietnam,Slovakia,Other,21,A2,83.5,0.87,High,Other,0.05,0,0.6,None,1,Completed,Data Science,2025-11-02T11:58:26Z,0.69,0.99,0.63,0.64,0.83,0.84,0.84,0.49,0.63,0.64,0.95,0.79,0.64,0.48,0.5,0.64,0.75,0.72,0.72,0.84,0.76,0.63,0.68,0.81,0.75,0.87,0.82,0.58,0.78,0.59,0.71,0.72
LA000511,TSI Riga,Spain,Latvia,Prefer not to say,26,A2,75.6,0.81,Medium,Single,0.26,1,0.1,None,0,Dropped Out,Logistics,2025-11-02T11:58:25Z,0.58,0.54,0.67,0.95,0.46,0.48,0.67,0.78,0.29,1.0,0.89,0.58,0.7,0.77,0.88,0.64,0.69,0.78,0.55,0.81,0.66,0.95,0.8,0.75,0.59,0.82,0.8,0.73,0.64,0.7,0.66,0.95
LA000043,TSI Riga,India,Latvia,Male,22,B2,69.1,0.9,High,Single,0.68,0,0.6,None,1,Completed,English Philology,2025-11-02T11:58:25Z,0.82,0.59,0.9,0.72,0.49,0.83,0.84,0.83,0.45,0.55,0.87,0.63,0.74,0.77,0.7,0.86,0.59,0.36,0.7,0.74,0.76,0.34,0.56,0.6,0.9,0.7,0.77,0.79,0.7,0.84,0.66,0.74
SL000288,Slovak Tech,Pakistan,Slovakia,Other,22,B1,75.3,0.87,High,Other,0.61,0,0.6,LanguageMentor,1,Completed,Engineering,2025-11-02T11:58:26Z,0.72,0.46,0.83,0.78,0.94,0.77,0.47,0.75,0.62,0.66,0.8,0.8,0.73,0.76,0.59,0.68,0.69,0.41,0.56,0.69,0.61,0.51,0.46,0.49,0.73,0.7,0.77,0.74,0.58,0.63,0.71,0.73
IT000310,University of Messina,Slovakia,Italy,Male,25,C2,77.0,0.83,Medium,Married,0.1,0,0.1,Tutoring,1,Completed,Economics,2025-11-02T11:58:25Z,0.72,0.64,0.86,0.61,0.65,0.7,0.71,0.71,0.83,0.84,0.66,0.74,0.77,0.79,0.75,0.71,0.55,0.79,0.83,0.99,0.52,0.59,0.7,0.62,0.86,0.77,0.8,0.71,0.47,0.56,0.29,0.55
LA000239,TSI Riga,Italy,Latvia,Male,22,B1,61.9,0.94,High,Married,0.32,1,0.1,BuddyProgram,0,Left Country,Computer Science,2025-11-02T11:58:25Z,0.84,0.6,0.72,0.85,0.8,0.81,0.7,0.7,0.67,0.63,0.93,0.76,0.65,0.94,0.72,0.61,0.43,0.63,0.9,0.83,0.93,0.68,0.62,0.82,0.75,0.55,0.71,0.63,0.59,0.69,0.62,0.77
IT000419,University of Messina,Brazil,Italy,Female,23,C2,78.8,0.77,Medium,Married,0.33,1,0.5,BuddyProgram,0,Left Country,Psychology,2025-11-02T11:58:25Z,0.72,0.68,0.68,0.82,0.63,0.6,0.79,0.61,0.77,0.77,0.68,0.88,0.62,0.57,0.88,0.65,0.54,0.76,0.7,0.87,0.72,0.5,1.0,0.57,0.74,0.5,0.71,0.87,0.92,0.72,0.74,0.82
SL000157,Slovak Tech,Latvia,Slovakia,Male,22,C2,67.5,1.0,Low,Married,0.58,0,0.1,Tutoring,1,Completed,Engineering,2025-11-02T11:58:26Z,0.7,0.94,0.72,0.86,0.76,0.76,0.7,0.64,0.74,0.78,0.77,0.64,0.79,0.73,0.91,0.49,0.81,0.71,0.79,0.85,0.71,0.71,0.64,0.61,0.62,0.81,0.51,0.71,0.76,0.9,0.79,0.94
SL000291,Slovak Tech,Ukraine,Slovakia,Female,23,C2,74.3,0.82,Low,Other,0.51,0,0.1,LanguageMentor,0,Transferred,Data Science,2025-11-02T11:58:26Z,0.83,0.77,0.74,0.63,0.77,0.76,0.56,0.75,1.0,0.74,0.71,0.74,0.67,0.86,0.95,0.6,0.69,0.79,0.71,0.45,0.8,0.58,0.78,0.87,0.63,0.75,0.63,0.71,0.71,0.85,0.71,0.67
LA000457,TSI Riga,Italy,Latvia,Prefer not to say,20,B1,80.2,0.77,High,Single,0.58,1,0.1,None,0,Administrative Withdrawal,English Philology,2025-11-02T11:58:25Z,0.86,0.61,0.59,0.74,0.72,0.93,0.74,0.62,0.47,0.89,0.64,0.62,0.75,0.8,0.7,0.65,0.59,0.7,0.57,0.78,0.78,0.65,0.8,0.78,0.96,0.78,0.87,0.78,0.57,0.74,0.85,0.94
SL000151,Comenius University Bratislava,Vietnam,Slovakia,Prefer not to say,24,C1,76.6,0.79,High,Single,0.24,1,0.6,None,0,Left Country,Economics,2025-11-02T11:58:26Z,0.95,0.9,0.78,0.64,0.87,0.71,0.84,0.86,0.77,0.6,0.43,0.64,0.7,0.6,0.7,0.77,0.73,0.53,0.56,0.73,0.69,0.85,0.49,0.65,0.73,0.75,0.64,0.76,0.74,1.0,0.62,0.79
IT000380,Politecnico di Torino,Vietnam,Italy,Female,22,C1,79.5,0.93,Medium,Other,0.28,0,0.6,None,1,Completed,Engineering,2025-11-02T11:58:25Z,0.88,0.73,0.54,0.74,0.86,0.67,0.6,0.9,0.48,0.87,0.86,0.46,0.88,0.86,0.83,0.88,0.71,0.67,0.87,0.84,0.68,0.78,0.58,0.74,0.87,0.61,0.89,1.0,0.66,0.79,0.7,0.55
LA000070,Daugavpils University,Pakistan,Latvia,Prefer not to say,20,C2,68.8,0.85,High,Single,0.34,0,0.6,LanguageMentor,1,Completed,Economics,2025-11-02T11:58:25Z,0.47,0.69,0.86,0.75,0.61,0.74,0.86,0.81,0.92,0.74,0.78,0.77,0.81,0.62,0.6,0.5,0.79,0.67,0.84,0.49,0.7,0.46,0.86,0.73,0.7,0.74,0.69,0.82,0.44,0.49,0.49,0.85
SL000443,Slovak Tech,Nigeria,Slovakia,Male,23,A2,76.2,0.87,Low,Other,0.08,1,0.7,LanguageMentor,0,Dropped Out,Logistics,2025-11-02T11:58:26Z,0.74,0.79,0.69,0.81,0.62,0.75,0.59,0.86,0.85,0.68,0.61,1.0,0.72,0.89,0.77,0.68,0.74,0.68,0.83,0.68,0.77,0.47,0.67,0.72,0.82,0.47,0.9,0.57,0.64,0.64,0.78,0.84
LA000600,TSI Riga,Ukraine,Latvia,Female,27,C2,65.6,0.81,High,Single,0.45,0,0.1,BuddyProgram,1,Completed,Engineering,2025-11-02T11:58:25Z,0.67,0.74,0.56,0.74,0.86,0.82,0.82,0.87,0.65,0.64,0.77,0.63,0.79,0.65,0.53,0.63,0.76,0.53,0.76,0.67,0.45,0.82,0.95,0.71,0.68,0.75,0.49,0.8,0.79,0.75,0.64,0.85
LA000419,TSI Riga,Slovakia,Latvia,Other,23,C1,76.7,0.91,High,Other,0.03,0,0.1,LanguageMentor,1,Ongoing,Computer Science,2025-11-02T11:58:25Z,0.86,0.46,0.74,0.62,0.71,0.81,0.46,0.71,0.67,0.82,0.83,0.91,0.94,0.75,0.91,0.93,0.78,0.77,0.74,0.87,0.69,0.73,0.71,0.82,0.68,0.68,0.94,0.96,0.64,0.74,0.72,0.72
IT000266,University of Messina,Nigeria,Italy,Prefer not to say,26,B2,64.8,0.95,Low,Other,0.28,0,0.7,Tutoring,1,Completed,Business,2025-11-02T11:58:25Z,0.7,0.77,1.0,0.66,0.65,0.55,0.58,0.7,0.79,0.79,0.89,0.62,0.78,0.69,0.51,0.82,0.68,1.0,0.54,0.71,0.68,0.87,0.89,0.75,0.54,0.65,0.7,0.66,0.78,0.96,1.0,0.74
SL000172,Comenius University Bratislava,Slovakia,Slovakia,Prefer not to say,21,B2,71.6,0.86,High,Single,0.33,1,0.1,BuddyProgram,0,Dropped Out,Logistics,2025-11-02T11:58:26Z,0.79,0.9,0.73,0.92,0.8,0.83,0.57,0.7,0.69,0.56,0.95,0.6,0.61,0.65,0.77,0.83,0.51,0.6,0.66,0.8,0.71,0.71,0.81,0.83,0.78,0.71,0.59,0.84,0.71,0.82,0.7,0.72
LA000530,Daugavpils University,Nigeria,Latvia,Other,25,C2,76.0,0.99,Medium,Other,0.19,0,0.7,Tutoring,1,Completed,Psychology,2025-11-02T11:58:25Z,0.72,0.55,0.77,0.79,0.84,0.71,0.55,0.86,0.85,0.69,0.84,0.76,0.56,0.73,0.68,0.77,0.68,0.55,0.65,0.56,0.7,0.79,0.67,0.83,0.87,0.7,0.83,0.67,0.73,0.85,0.82,0.99
LA000012,Daugavpils University,Bangladesh,Latvia,Other,18,A2,66.9,0.93,Low,Other,0.25,1,0.6,None,0,Left Country,English Philology,2025-11-02T11:58:25Z,0.83,0.83,0.66,0.64,0.65,0.77,0.67,0.64,0.9,0.74,0.85,0.71,0.94,0.58,0.83,0.52,0.57,0.88,0.83,0.65,0.75,0.73,0.81,0.79,0.92,1.0,0.87,0.89,0.39,0.73,0.66,0.58
IT000288,Politecnico di Torino,India,Italy,Male,24,C2,78.6,0.78,Medium,Single,0.05,1,0.6,LanguageMentor,0,Dropped Out,Logistics,2025-11-02T11:58:25Z,0.6,0.75,0.58,0.49,0.54,0.83,0.62,0.69,0.57,0.58,0.62,0.58,0.74,0.78,0.74,0.75,0.82,0.71,0.83,0.81,0.73,0.84,0.75,0.63,0.62,0.97,0.71,0.69,0.92,0.69,0.82,0.73
LA000054,Daugavpils University,Slovakia,Latvia,Male,24,B1,73.4,0.79,High,Other,0.27,0,0.1,Tutoring,1,Completed,Business,2025-11-02T11:58:25Z,0.72,0.7,0.67,0.81,0.75,0.66,0.6,0.57,0.66,0.6,0.75,0.83,0.67,0.66,0.65,1.0,0.49,0.96,0.73,0.56,0.67,0.63,0.73,0.63,0.63,0.84,0.74,0.68,0.55,0.77,0.52,0.67
SL000217,Slovak Tech,Italy,Slovakia,Male,27,A2,59.2,0.88,Medium,Other,0.08,0,0.1,Tutoring,1,Completed,Psychology,2025-11-02T11:58:26Z,0.74,0.96,0.69,0.62,0.85,0.81,0.58,0.8,0.62,0.73,0.65,0.58,0.79,0.61,0.88,0.77,0.66,0.66,0.73,0.71,0.74,0.47,0.76,0.85,0.84,0.73,0.63,0.65,0.82,0.76,0.64,0.79
IT000246,University of Messina,Sri Lanka,Italy,Female,23,C2,78.2,0.72,Medium,Married,0.27,0,0.6,None,0,Failed Exams,Logistics,2025-11-02T11:58:25Z,0.99,0.67,0.89,0.72,1.0,0.75,0.91,0.48,0.69,0.44,0.76,0.83,0.66,0.78,0.94,0.61,0.63,0.97,0.88,0.82,0.81,0.76,0.8,0.96,0.77,1.0,0.79,0.81,0.67,0.8,0.97,0.64
IT000292,Politecnico di Torino,Spain,Italy,Female,26,C2,59.8,0.88,High,Other,0.37,0,0.1,Tutoring,1,Completed,Computer Science,2025-11-02T11:58:25Z,0.78,0.59,1.0,0.61,0.78,0.82,0.65,0.86,0.81,0.74,0.8,0.78,0.81,0.62,0.57,0.69,0.74,1.0,0.85,0.57,0.73,0.71,0.81,0.63,0.74,0.62,0.67,1.0,0.67,0.6,0.52,0.37
SL000389,Slovak Tech,Italy,Slovakia,Female,26,B1,71.5,0.89,High,Married,0.41,1,0.1,LanguageMentor,0,Administrative Withdrawal,Data Science,2025-11-02T11:58:26Z,0.75,0.72,0.63,0.87,0.87,0.96,0.69,0.8,0.81,0.72,0.7,0.76,0.85,0.92,0.77,0.85,0.92,0.59,0.78,0.92,0.46,0.71,0.73,0.96,0.84,0.72,0.86,0.97,0.71,0.91,0.61,0.61
LA000529,TSI Riga,Bangladesh,Latvia,Other,23,B2,82.6,0.99,Medium,Single,0.52,0,0.6,Tutoring,1,Completed,Computer Science,2025-11-02T11:58:25Z,0.73,0.89,0.74,0.8,0.75,0.83,0.82,0.91,0.85,0.85,0.61,0.71,0.82,0.57,0.78,0.67,0.83,0.69,0.68,0.6,0.62,0.83,0.66,0.8,0.75,0.77,0.65,0.93,0.83,0.63,0.64,0.81
LA000132,Daugavpils University,Latvia,Latvia,Prefer not to say,20,B1,65.0,0.95,Medium,Other,0.42,0,0.1,None,0,Failed Exams,Psychology,2025-11-02T11:58:25Z,0.4,0.72,0.68,0.83,0.69,0.84,0.91,0.56,0.64,0.73,0.71,0.77,0.64,0.45,0.69,0.66,0.71,0.56,0.8,0.7,0.7,0.66,0.95,0.57,0.55,0.64,0.59,0.61,0.76,0.72,0.91,0.63
SL000396,Comenius University Bratislava,Vietnam,Slovakia,Male,23,C1,76.2,0.81,Medium,Single,0.48,0,0.6,None,0,Transferred,Data Science,2025-11-02T11:58:26Z,0.73,0.52,0.57,0.64,1.0,0.74,0.71,0.72,0.46,0.97,0.51,0.67,0.7,0.73,0.57,0.55,0.8,0.88,0.88,0.58,0.77,0.9,0.76,0.78,0.9,0.69,0.74,0.83,0.74,0.92,0.82,0.49
IT000061,Politecnico di Torino,Vietnam,Italy,Female,22,C1,62.1,1.0,Medium,Married,0.32,0,0.6,LanguageMentor,1,Completed,English Philology,2025-11-02T11:58:25Z,0.63,0.77,0.53,0.9,0.88,0.73,0.7,0.76,0.91,0.89,0.67,0.7,0.65,0.86,0.67,0.86,0.73,0.6,0.62,0.89,0.7,0.65,0.77,0.62,0.66,0.53,0.64,0.87,0.74,0.8,0.9,0.81
IT000006,Politecnico di Torino,Brazil,Italy,Prefer not to say,24,C2,71.0,0.72,Medium,Single,0.15,0,0.5,LanguageMentor,1,Completed,Economics,2025-11-02T11:58:25Z,0.88,1.0,0.5,0.65,0.58,0.82,0.68,0.98,0.76,0.58,0.64,0.51,0.8,0.75,0.66,0.69,0.7,0.53,1.0,0.77,0.81,0.7,0.73,0.89,0.38,0.7,0.76,0.59,0.72,0.51,0.94,0.54
SL000135,Comenius University Bratislava,Vietnam,Slovakia,Female,24,B2,83.5,0.94,Medium,Other,0.43,0,0.6,Tutoring,1,Completed,Computer Science,2025-11-02T11:58:26Z,0.71,0.69,0.95,0.58,0.62,0.75,0.81,0.73,0.76,0.7,0.75,0.68,0.53,0.68,0.7,0.62,0.76,0.61,0.82,0.7,0.59,0.73,0.68,0.79,0.64,0.91,0.58,0.54,0.64,0.78,0.89,0.66
LA000370,TSI Riga,Vietnam,Latvia,Other,25,A2,84.4,0.9,High,Married,0.68,0,0.6,LanguageMentor,1,Completed,Engineering,2025-11-02T11:58:25Z,0.92,0.98,0.96,0.79,0.62,0.88,0.91,0.68,0.67,0.85,0.64,0.71,0.63,0.5,0.69,0.63,0.56,0.64,0.7,0.65,0.47,0.23,0.74,0.46,0.56,0.75,0.49,0.78,0.64,1.0,0.87,0.77
SL000159,Slovak Tech,Ukraine,Slovakia,Female,20,C2,66.0,0.92,High,Other,0.23,1,0.1,None,0,Dropped Out,Logistics,2025-11-02T11:58:26Z,0.72,0.65,0.82,0.57,0.69,0.81,0.75,0.65,0.85,0.83,0.92,0.72,0.51,0.92,0.58,0.87,0.58,0.66,1.0,0.87,0.67,1.0,1.0,0.69,0.63,0.66,0.78,0.62,0.63,0.82,0.71,0.69
IT000037,University of Messina,Bangladesh,Italy,Other,19,C1,67.6,0.83,High,Married,0.3,0,0.6,None,1,Completed,Psychology,2025-11-02T11:58:25Z,0.76,0.75,0.65,0.7,0.77,0.62,1.0,0.74,0.55,0.88,0.56,0.6,0.85,0.78,0.86,0.95,0.79,0.79,0.82,0.78,0.67,0.68,0.81,0.92,0.88,0.67,0.81,0.72,0.74,0.74,0.77,0.82
SL000037,Slovak Tech,Nigeria,Slovakia,Female,28,B1,68.5,0.89,Low,Single,0.32,1,0.7,Tutoring,0,Dropped Out,Economics,2025-11-02T11:58:25Z,0.58,0.96,0.48,0.71,0.61,0.83,0.66,0.64,0.74,0.74,0.68,0.93,0.87,0.81,0.73,0.79,0.58,0.87,0.55,0.45,0.64,0.53,0.85,0.55,0.71,0.62,0.74,0.82,0.8,0.65,0.76,0.89
IT000161,University of Messina,Sri Lanka,Italy,Female,20,B1,68.6,0.91,Medium,Single,0.05,1,0.6,None,0,Dropped Out,English Philology,2025-11-02T11:58:25Z,0.68,0.92,0.84,0.67,0.58,0.82,0.81,0.66,0.71,0.69,1.0,0.62,0.93,0.91,0.77,0.78,0.83,0.6,0.73,0.72,0.73,0.6,0.87,0.73,0.63,0.8,0.8,0.64,0.59,0.8,0.71,0.66
LA000058,Daugavpils University,India,Latvia,Male,25,B1,62.3,0.84,High,Single,0.23,0,0.6,LanguageMentor,1,Completed,Psychology,2025-11-02T11:58:25Z,0.6,0.76,0.89,0.68,0.66,0.81,0.87,0.81,0.83,0.67,0.81,0.74,0.62,0.86,0.79,0.42,0.41,0.92,0.33,0.84,0.7,0.7,0.69,0.81,0.75,0.73,0.85,0.75,0.61,0.77,0.55,0.87
LA000526,TSI Riga,Bangladesh,Latvia,Other,23,B1,77.3,0.97,Medium,Other,0.64,0,0.6,Tutoring,1,Completed,English Philology,2025-11-02T11:58:25Z,0.72,0.64,0.7,0.59,0.86,0.64,0.69,0.94,0.67,0.49,0.68,0.76,0.71,0.65,0.63,0.58,0.57,0.54,0.43,0.57,0.8,0.3,0.64,0.52,0.6,0.72,0.67,0.81,0.91,0.73,0.87,0.7
LA000356,TSI Riga,Slovakia,Latvia,Male,22,C1,79.5,0.71,High,Other,0.12,0,0.1,BuddyProgram,0,Failed Exams,Logistics,2025-11-02T11:58:25Z,0.61,0.97,0.65,0.75,0.85,0.84,0.74,0.65,0.86,0.87,0.56,0.7,0.7,0.7,0.63,0.77,0.94,0.87,0.61,0.73,0.78,0.53,0.89,0.57,0.76,0.55,0.71,0.61,0.69,0.92,0.66,1.0
IT000046,University of Messina,Italy,Italy,Male,27,A2,68.2,0.69,Low,Married,0.4,1,0.1,Tutoring,0,Dropped Out,Psychology,2025-11-02T11:58:25Z,0.76,0.71,0.78,0.91,0.94,0.78,0.69,0.78,0.67,0.64,0.8,0.75,0.64,0.78,0.77,0.65,0.67,0.45,0.66,0.74,0.8,0.45,0.54,0.89,0.8,0.64,0.68,0.39,0.58,0.66,0.67,0.88
SL000209,Comenius University Bratislava,India,Slovakia,Prefer not to say,22,B1,82.0,0.9,Low,Married,0.43,0,0.6,Counseling,1,Completed,Computer Science,2025-11-02T11:58:26Z,0.69,0.68,0.94,0.63,0.73,0.72,0.63,0.77,0.91,0.74,0.66,0.71,0.76,0.78,0.54,0.74,0.89,0.62,0.83,0.71,0.64,0.74,0.9,0.66,0.94,0.73,0.71,0.69,0.66,0.71,0.5,0.79
IT000234,Politecnico di Torino,Italy,Italy,Other,21,B2,79.1,0.88,Low,Single,0.22,0,0.1,Tutoring,1,Completed,Engineering,2025-11-02T11:58:25Z,0.58,0.86,0.91,0.76,0.75,0.66,0.89,0.87,0.84,0.58,0.76,0.78,0.63,0.75,0.8,0.54,0.68,0.58,0.9,0.49,0.9,0.69,0.67,0.59,0.65,0.56,0.62,0.86,0.65,0.59,0.65,0.66
SL000165,Slovak Tech,USA,Slovakia,Other,22,C2,82.7,0.73,High,Other,0.2,0,0.3,Tutoring,1,Completed,Business,2025-11-02T11:58:26Z,0.56,0.6,0.53,0.68,0.63,0.51,0.68,0.76,0.69,0.65,0.77,0.94,0.86,0.96,1.0,0.53,0.95,0.65,0.81,0.79,0.87,0.73,0.7,0.68,0.8,0.61,0.96,0.63,0.86,0.83,0.75,0.77
SL000487,Slovak Tech,USA,Slovakia,Female,21,C1,63.8,0.84,High,Married,0.55,0,0.3,Tutoring,1,Completed,Data Science,2025-11-02T11:58:26Z,0.6,0.71,1.0,0.65,0.6,0.72,0.97,0.92,0.69,0.75,0.76,0.92,0.62,0.72,0.64,0.86,0.97,0.69,0.69,0.77,0.48,0.72,0.8,0.61,0.71,0.8,0.58,0.74,0.73,0.54,0.67,0.75
IT000487,University of Messina,Bangladesh,Italy,Prefer not to say,23,C1,70.9,0.85,High,Single,0.12,0,0.6,None,1,Completed,Economics,2025-11-02T11:58:25Z,0.84,0.54,0.48,0.68,0.84,0.71,0.79,0.69,0.99,0.82,0.76,0.75,0.82,0.9,0.59,1.0,0.8,0.81,0.75,0.93,0.65,0.74,0.79,0.59,0.73,0.53,0.8,0.55,0.7,0.77,0.81,0.68
LA000453,Daugavpils University,Slovakia,Latvia,Prefer not to say,23,B2,84.3,0.79,Low,Other,0.13,0,0.1,Tutoring,1,Completed,Business,2025-11-02T11:58:25Z,0.68,0.81,0.61,0.84,0.98,0.65,0.48,0.62,0.68,0.69,0.81,0.77,0.8,0.77,0.86,0.57,0.67,0.66,0.51,0.73,0.9,0.61,0.89,0.82,0.79,0.78,0.66,0.6,1.0,0.7,0.53,0.66
SL000477,Comenius University Bratislava,Spain,Slovakia,Female,28,C2,73.9,1.0,High,Other,0.28,0,0.1,Tutoring,0,Failed Exams,Psychology,2025-11-02T11:58:26Z,0.8,0.52,0.7,0.6,0.71,0.65,0.92,0.69,0.56,0.67,0.51,0.65,0.55,0.83,0.67,0.97,0.57,0.86,0.8,0.51,0.74,0.76,0.63,0.59,0.7,0.69,0.65,0.76,0.76,0.67,0.42,0.58
SL000263,Comenius University Bratislava,Nigeria,Slovakia,Prefer not to say,25,B1,64.4,0.91,Low,Single,0.34,0,0.7,None,0,Transferred,Logistics,2025-11-02T11:58:26Z,0.58,0.84,0.46,0.53,0.71,0.69,0.85,0.8,0.49,0.85,0.79,0.77,0.85,0.63,0.64,0.64,0.47,0.7,0.69,0.78,0.63,0.78,0.7,0.47,0.65,0.57,0.75,0.77,0.65,0.54,0.76,0.78
LA000265,Daugavpils University,Italy,Latvia,Male,28,A2,67.2,0.97,Low,Single,0.24,0,0.1,None,1,Completed,Engineering,2025-11-02T11:58:25Z,0.59,0.65,0.81,0.81,0.67,0.75,0.75,0.71,0.58,0.96,0.74,0.69,0.87,0.79,0.77,0.64,0.78,0.73,1.0,0.85,0.7,0.62,0.85,0.83,0.69,0.71,0.44,0.75,0.8,0.53,0.78,0.65
LA000057,Daugavpils University,Ukraine,Latvia,Other,25,B1,68.7,0.87,Low,Single,0.35,0,0.1,Tutoring,1,Completed,Psychology,2025-11-02T11:58:25Z,0.54,0.91,0.82,0.78,0.59,0.6,0.76,0.61,0.64,0.49,0.87,0.52,0.73,0.82,1.0,0.85,0.62,0.79,0.75,0.65,0.53,0.68,0.83,0.61,0.66,0.77,0.85,0.77,0.46,0.81,0.59,0.93
SL000032,Comenius University Bratislava,Brazil,Slovakia,Other,26,C2,78.9,0.76,High,Single,0.02,0,0.5,None,1,Completed,English Philology,2025-11-02T11:58:25Z,0.51,0.77,0.61,0.77,0.76,0.58,0.78,0.64,0.65,0.75,0.71,0.56,0.74,0.84,0.7,0.88,0.56,0.72,0.69,0.74,0.71,0.9,0.56,0.78,0.9,0.86,0.43,0.67,0.78,0.95,0.76,0.78
IT000415,University of Messina,Nigeria,Italy,Other,25,B1,84.3,0.99,Medium,Other,0.18,0,0.7,None,1,Completed,Business,2025-11-02T11:58:25Z,0.73,0.75,0.81,0.64,0.66,0.82,0.76,0.87,0.75,0.91,0.82,0.7,0.22,0.65,0.58,0.76,0.66,0.68,0.69,0.6,0.63,0.68,0.85,0.87,0.65,0.81,0.64,0.9,0.76,0.68,0.75,0.75
IT000052,Politecnico di Torino,Nigeria,Italy,Other,29,B1,57.7,0.81,Medium,Married,0.17,0,0.7,None,1,Completed,English Philology,2025-11-02T11:58:25Z,0.59,0.6,0.65,0.63,0.7,0.85,0.78,0.62,0.7,0.84,0.91,0.74,0.66,0.89,0.82,0.7,0.61,0.54,0.56,0.71,0.69,0.58,0.64,0.76,0.74,0.69,0.84,0.62,0.96,0.5,0.61,1.0
LA000389,TSI Riga,Spain,Latvia,Female,27,A2,80.9,0.84,Medium,Single,0.12,0,0.1,Tutoring,0,Failed Exams,Logistics,2025-11-02T11:58:25Z,0.55,0.76,0.83,0.74,0.9,0.59,0.62,0.73,0.64,0.6,0.63,0.69,0.83,0.68,0.63,0.83,0.91,0.7,0.86,0.68,0.68,0.7,0.82,0.8,0.69,0.61,0.69,0.76,0.91,0.55,0.53,0.7
LA000184,Daugavpils University,Slovakia,Latvia,Female,26,C1,73.7,1.0,Medium,Other,0.07,0,0.1,Tutoring,1,Completed,Data Science,2025-11-02T11:58:25Z,0.59,0.72,0.98,0.73,0.83,0.8,0.79,0.88,0.93,0.77,0.96,0.91,0.84,0.61,0.7,1.0,0.71,0.85,0.7,0.77,0.87,0.82,0.86,0.72,0.74,0.69,0.99,0.56,0.58,0.55,0.61,0.53
LA000452,TSI Riga,Slovakia,Latvia,Other,23,A2,73.5,0.79,Medium,Married,0.42,1,0.1,Tutoring,0,Dropped Out,English Philology,2025-11-02T11:58:25Z,0.68,0.69,0.79,0.78,0.77,0.67,0.78,0.81,0.59,0.66,0.65,0.75,0.74,0.85,0.83,0.61,0.59,0.81,0.88,0.77,0.63,0.87,0.71,0.71,0.92,0.61,0.72,0.67,0.64,0.72,0.74,0.79
LA000067,TSI Riga,Slovakia,Latvia,Female,26,B1,78.5,0.87,Medium,Single,0.35,1,0.1,BuddyProgram,0,Dropped Out,Economics,2025-11-02T11:58:25Z,0.92,0.87,0.72,0.53,0.45,0.83,0.73,0.83,0.53,0.69,0.87,0.54,0.66,0.73,0.83,0.95,0.8,0.77,0.76,0.83,0.49,0.57,0.66,0.64,0.83,0.67,0.88,0.84,0.83,0.92,0.68,0.62
IT000186,Politecnico di Torino,Ukraine,Italy,Male,21,B2,63.0,0.82,High,Other,0.11,0,0.1,LanguageMentor,1,Completed,Economics,2025-11-02T11:58:25Z,0.79,0.86,0.62,0.79,0.86,0.68,0.67,0.62,0.59,0.76,0.83,0.85,0.54,0.78,0.8,0.75,0.64,0.86,0.82,0.76,0.58,0.79,0.75,0.69,0.77,0.96,0.55,0.75,0.77,0.8,0.67,0.7
SL000314,Slovak Tech,Sri Lanka,Slovakia,Other,18,A2,75.7,0.79,High,Other,0.15,1,0.6,None,0,Dropped Out,Psychology,2025-11-02T11:58:26Z,0.73,0.44,0.85,0.78,1.0,0.71,0.74,0.85,0.97,0.96,0.77,0.75,0.76,0.61,0.8,0.69,0.76,0.7,0.57,0.67,0.54,0.97,0.73,0.76,0.64,0.5,0.46,0.67,0.5,1.0,0.8,0.72
IT000082,University of Messina,Vietnam,Italy,Prefer not to say,18,A2,68.0,0.83,Medium,Single,0.41,0,0.6,None,1,Completed,Data Science,2025-11-02T11:58:25Z,0.9,0.66,0.97,0.69,0.66,0.73,0.58,0.63,0.41,0.98,0.73,0.71,0.75,0.79,0.8,0.96,0.68,0.69,0.75,0.83,0.74,0.68,0.77,0.73,0.59,0.5,0.82,0.48,0.67,0.69,0.73,0.91
SL000454,Comenius University Bratislava,Italy,Slovakia,Female,26,A2,67.9,1.0,Low,Other,0.29,0,0.1,None,1,Completed,Psychology,2025-11-02T11:58:26Z,0.5,0.68,0.58,0.64,0.72,1.0,0.69,0.75,0.81,0.84,0.85,0.76,0.57,0.56,0.6,0.73,0.87,0.9,0.86,0.67,0.86,0.75,0.5,0.74,0.78,0.61,0.82,0.86,0.66,0.63,0.68,0.62
IT000333,University of Messina,Bangladesh,Italy,Prefer not to say,26,C1,74.7,0.84,Medium,Married,0.29,1,0.6,Tutoring,0,Dropped Out,Data Science,2025-11-02T11:58:25Z,0.85,0.79,0.95,1.0,0.83,0.79,0.8,0.69,0.7,0.83,0.89,0.78,0.89,0.69,0.52,0.72,0.53,0.88,0.81,0.71,0.87,0.71,0.8,0.64,0.6,0.8,0.62,0.7,0.72,0.8,0.82,0.74
IT000004,University of Messina,Brazil,Italy,Female,23,B2,61.2,0.97,Low,Single,0.48,1,0.5,Tutoring,0,Dropped Out,Computer Science,2025-11-02T11:58:25Z,0.67,0.57,0.73,0.75,0.73,0.66,0.59,0.72,0.73,0.89,0.8,0.59,0.99,0.54,0.64,0.64,0.67,0.82,0.67,0.75,0.66,0.6,0.75,0.7,0.91,0.6,0.73,0.87,0.7,0.69,0.75,0.54
SL000299,Comenius University Bratislava,Spain,Slovakia,Prefer not to say,24,C1,77.3,0.83,Medium,Married,0.25,0,0.1,LanguageMentor,0,Transferred,Economics,2025-11-02T11:58:26Z,0.79,0.84,0.68,0.95,0.6,0.79,0.54,0.45,0.72,0.83,0.54,0.81,0.78,0.53,0.62,0.7,0.76,0.77,0.8,0.63,0.58,0.92,0.91,0.58,0.73,0.67,0.71,0.8,0.58,0.67,0.64,0.74
SL000249,Comenius University Bratislava,Slovakia,Slovakia,Prefer not to say,26,C1,84.5,0.91,High,Married,0.11,0,0.1,None,1,Completed,Psychology,2025-11-02T11:58:26Z,0.79,0.81,0.69,0.97,0.67,0.72,0.75,0.64,0.85,0.56,0.65,1.0,0.8,0.67,0.72,0.86,0.84,0.86,0.64,0.71,0.71,0.64,0.69,0.81,0.79,0.68,0.69,0.73,0.66,0.72,0.7,0.6
LA000082,Daugavpils University,USA,Latvia,Female,25,C1,67.5,0.84,High,Married,0.29,0,0.3,None,1,Ongoing,Logistics,2025-11-02T11:58:25Z,0.9,0.91,0.75,0.7,0.76,0.99,0.79,0.56,0.72,0.85,0.77,0.5,0.58,0.93,0.87,1.0,0.63,0.81,0.76,0.53,0.73,0.74,0.62,0.62,0.57,0.74,0.67,0.86,0.72,0.55,0.9,0.71
IT000411,University of Messina,Bangladesh,Italy,Prefer not to say,21,C1,56.2,0.72,Low,Other,0.38,1,0.6,None,0,Administrative Withdrawal,Computer Science,2025-11-02T11:58:25Z,0.77,0.62,0.95,0.6,0.79,0.84,0.55,0.91,0.61,0.55,0.84,0.61,0.83,0.8,0.74,0.77,0.69,0.65,0.83,0.89,0.63,0.71,0.58,0.54,0.6,0.55,0.72,0.68,0.8,0.83,0.81,0.78
IT000468,University of Messina,Latvia,Italy,Female,18,C1,71.3,0.89,High,Married,0.31,0,0.1,None,1,Completed,Logistics,2025-11-02T11:58:25Z,0.86,0.8,0.7,0.56,0.74,0.66,0.71,0.68,0.58,0.82,0.7,0.81,0.7,0.67,0.87,0.8,0.84,0.8,0.64,0.58,0.85,0.57,0.66,0.78,0.9,0.57,0.71,0.74,1.0,0.63,0.41,0.7
LA000542,TSI Riga,USA,Latvia,Other,25,C2,77.2,0.84,Medium,Single,0.34,0,0.3,None,1,Completed,Logistics,2025-11-02T11:58:25Z,0.66,0.78,0.54,0.88,0.69,0.77,0.87,0.66,0.97,0.7,0.61,0.52,0.79,0.61,0.61,0.96,0.74,0.5,0.95,0.64,0.64,0.54,0.54,0.58,0.65,0.64,0.69,0.54,0.64,0.78,0.8,0.65
SL000042,Comenius University Bratislava,Sri Lanka,Slovakia,Other,28,B2,78.2,0.82,High,Single,0.26,0,0.6,None,1,Completed,Computer Science,2025-11-02T11:58:25Z,0.77,0.74,0.91,0.54,0.49,0.67,0.7,0.67,0.72,0.68,0.54,0.7,0.7,0.76,0.78,0.75,0.63,0.81,0.74,0.83,0.91,1.0,0.62,0.75,0.55,0.68,0.51,0.71,0.66,0.54,0.84,0.81
SL000134,Slovak Tech,Bangladesh,Slovakia,Prefer not to say,21,B2,84.3,0.77,Low,Married,0.33,1,0.6,Tutoring,0,Dropped Out,Logistics,2025-11-02T11:58:26Z,0.72,0.69,0.85,0.59,0.9,0.59,0.77,0.65,0.72,0.88,0.91,0.79,0.76,0.62,0.85,0.65,0.84,0.86,0.67,0.53,0.71,0.89,0.63,0.8,0.59,0.57,0.6,0.84,0.74,0.86,0.6,0.85
LA000401,TSI Riga,Bangladesh,Latvia,Prefer not to say,28,C1,84.5,0.74,High,Married,0.4,0,0.6,Counseling,1,Completed,Computer Science,2025-11-02T11:58:25Z,0.67,0.84,0.5,1.0,0.61,0.72,0.65,0.91,0.52,0.87,0.88,0.78,0.56,0.62,0.82,0.81,0.8,0.74,1.0,0.78,0.9,0.71,0.67,0.75,0.76,0.73,0.84,0.64,0.81,0.92,0.75,0.81
IT000513,University of Messina,Spain,Italy,Female,24,A2,76.1,0.86,High,Single,0.22,0,0.1,LanguageMentor,0,Failed Exams,Engineering,2025-11-02T11:58:25Z,0.95,0.55,0.76,0.81,0.73,0.67,0.82,0.62,0.62,0.55,0.54,0.7,0.75,0.81,0.61,0.53,0.69,0.73,0.71,0.63,0.95,0.66,0.54,0.44,0.49,0.96,0.98,0.83,0.99,0.57,0.7,1.0
LA000560,TSI Riga,Vietnam,Latvia,Other,31,C2,76.8,0.84,Low,Married,0.23,0,0.6,Tutoring,1,Completed,English Philology,2025-11-02T11:58:25Z,0.62,0.93,0.75,0.7,0.62,0.8,0.74,0.88,0.65,0.92,1.0,0.69,0.76,0.73,0.89,0.64,0.68,0.61,0.44,0.52,0.36,0.87,0.91,0.42,0.9,0.71,0.63,0.79,0.91,0.86,0.77,0.91
IT000491,University of Messina,Nigeria,Italy,Prefer not to say,18,C1,58.0,0.84,High,Other,0.03,0,0.7,None,1,Completed,Business,2025-11-02T11:58:25Z,0.58,0.9,0.79,0.72,0.91,0.92,0.58,0.53,0.75,1.0,0.71,0.65,0.52,0.84,0.65,0.65,0.82,0.8,0.94,0.89,0.53,0.8,0.75,0.84,0.82,0.61,1.0,0.7,0.82,0.88,0.84,0.89
LA000479,Daugavpils University,India,Latvia,Female,23,C2,78.2,0.89,Low,Married,0.44,0,0.6,LanguageMentor,1,Completed,Logistics,2025-11-02T11:58:25Z,0.73,0.83,0.82,0.8,0.39,0.64,0.65,0.48,0.8,0.64,0.78,0.91,0.54,0.7,0.6,0.66,0.74,0.87,0.92,0.65,0.56,0.66,0.76,0.77,0.63,0.74,0.91,0.56,0.7,0.65,0.59,0.84
SL000435,Slovak Tech,Brazil,Slovakia,Other,18,A2,79.8,0.91,Medium,Married,0.11,0,0.5,None,1,Completed,Data Science,2025-11-02T11:58:26Z,0.6,0.66,0.66,0.76,0.7,0.78,0.6,0.53,0.77,0.7,0.64,0.71,0.69,0.95,0.8,0.74,0.56,0.62,0.77,0.57,0.77,0.82,0.98,0.49,0.65,0.75,0.68,0.69,0.61,0.65,0.94,0.44
IT000151,Politecnico di Torino,Vietnam,Italy,Male,23,C1,86.5,1.0,High,Married,0.38,0,0.6,LanguageMentor,1,Completed,Computer Science,2025-11-02T11:58:25Z,0.69,0.62,0.92,0.89,0.67,0.65,0.73,0.83,0.7,0.65,0.74,0.55,1.0,0.85,0.94,1.0,0.74,0.66,0.7,0.66,0.98,0.94,0.74,0.82,0.78,0.57,0.62,0.73,0.69,0.68,0.62,0.71
LA000408,Daugavpils University,Nigeria,Latvia,Prefer not to say,24,C1,89.2,0.88,High,Married,0.17,0,0.7,None,1,Completed,Business,2025-11-02T11:58:25Z,0.78,0.8,0.48,0.65,0.71,0.74,0.92,0.79,0.99,0.94,0.95,0.59,0.8,0.81,0.73,0.85,0.78,0.79,0.63,0.93,0.91,0.85,0.75,0.69,0.73,0.74,0.55,0.69,0.72,0.43,0.79,0.87
LA000450,Daugavpils University,Latvia,Latvia,Male,22,B1,65.3,0.81,High,Single,0.65,0,0.1,BuddyProgram,0,Failed Exams,Logistics,2025-11-02T11:58:25Z,0.89,0.67,0.96,0.64,0.55,0.74,0.86,0.7,0.55,0.87,0.72,0.66,0.69,0.53,0.59,0.8,0.75,0.39,0.59,0.41,0.45,0.66,0.65,0.52,0.85,0.48,0.82,0.59,0.77,0.71,0.8,0.8
LA000347,Daugavpils University,Nigeria,Latvia,Prefer not to say,23,B2,86.3,0.9,High,Other,0.52,0,0.7,None,1,Completed,Psychology,2025-11-02T11:58:25Z,0.5,0.63,0.77,0.6,0.77,0.84,0.79,0.81,0.62,0.67,0.83,0.86,0.71,0.8,0.73,0.87,0.9,0.82,0.87,0.57,0.82,0.73,0.73,0.63,0.74,1.0,0.81,0.62,0.78,0.59,0.98,0.6
IT000542,Politecnico di Torino,USA,Italy,Other,22,C1,72.3,0.77,Low,Single,0.55,0,0.3,Tutoring,0,Failed Exams,Business,2025-11-02T11:58:25Z,0.94,0.89,0.93,0.75,0.82,0.68,0.76,0.87,0.47,0.99,0.76,0.63,0.89,0.78,0.82,0.98,0.8,0.96,0.67,0.74,0.88,0.69,0.67,0.76,0.89,0.65,0.85,0.66,0.76,0.98,0.78,0.75
SL000353,Comenius University Bratislava,Sri Lanka,Slovakia,Prefer not to say,22,C2,84.4,0.9,Low,Single,0.26,0,0.6,Tutoring,1,Ongoing,English Philology,2025-11-02T11:58:26Z,0.85,0.43,0.65,0.71,0.52,0.76,0.69,0.85,0.69,0.63,0.92,0.62,0.44,0.77,0.48,0.65,0.7,0.87,0.69,0.64,0.76,0.87,0.65,0.61,0.78,0.8,0.95,0.72,0.58,0.91,0.59,0.7
SL000077,Comenius University Bratislava,Pakistan,Slovakia,Prefer not to say,20,C1,64.7,0.91,Low,Married,0.25,0,0.6,BuddyProgram,1,Completed,Economics,2025-11-02T11:58:26Z,0.86,0.57,0.73,0.68,0.84,0.7,1.0,0.77,0.79,0.81,0.6,0.89,0.92,0.81,0.87,0.76,0.73,0.68,0.69,0.81,0.78,0.71,0.78,0.69,0.64,0.79,0.59,0.6,0.76,0.75,0.58,0.56
SL000146,Slovak Tech,Nigeria,Slovakia,Female,25,C1,88.5,0.96,Low,Single,0.3,0,0.7,None,1,Completed,Business,2025-11-02T11:58:26Z,0.73,0.86,0.83,0.93,0.69,0.58,0.7,0.95,0.74,0.84,0.9,0.82,0.69,0.75,0.61,0.74,0.7,0.73,0.89,0.59,0.85,0.67,0.67,0.68,0.61,0.7,0.68,0.57,0.56,0.61,0.91,0.79
IT000059,University of Messina,Latvia,Italy,Male,23,C2,73.0,0.9,Low,Single,0.45,0,0.1,None,1,Completed,Data Science,2025-11-02T11:58:25Z,0.79,0.74,0.8,0.62,0.71,0.62,0.84,0.54,0.64,0.89,0.76,0.8,0.81,0.67,0.92,0.65,0.92,0.68,0.58,0.8,0.82,0.79,0.42,0.7,0.61,0.64,0.56,0.98,0.58,0.67,0.47,0.95
SL000070,Slovak Tech,Bangladesh,Slovakia,Female,24,A2,75.1,0.94,Medium,Married,0.25,0,0.6,Tutoring,1,Completed,Psychology,2025-11-02T11:58:26Z,0.62,0.7,0.68,0.75,0.9,0.91,0.54,0.75,0.73,0.89,0.55,0.64,0.8,0.69,0.56,0.64,0.89,0.59,0.65,0.79,0.79,0.64,0.72,0.79,0.88,0.71,0.74,0.8,0.75,0.48,0.7,0.7
IT000064,Politecnico di Torino,Nigeria,Italy,Prefer not to say,24,C1,72.0,0.85,High,Married,0.06,1,0.7,None,0,Dropped Out,Economics,2025-11-02T11:58:25Z,0.75,0.81,0.66,0.9,0.77,0.9,0.68,0.6,0.78,0.74,0.6,0.47,0.8,0.82,0.56,0.78,0.67,0.87,0.91,0.87,0.63,0.69,0.59,0.88,0.57,0.72,0.7,0.78,0.72,0.68,0.78,0.66
SL000247,Slovak Tech,USA,Slovakia,Male,26,B2,58.0,1.0,High,Married,0.31,0,0.3,LanguageMentor,1,Completed,Psychology,2025-11-02T11:58:26Z,0.63,0.73,0.7,0.63,0.79,0.72,0.66,0.77,0.82,0.72,0.67,0.88,0.61,0.66,0.82,0.32,0.78,0.7,0.8,0.74,0.74,0.72,0.53,0.62,0.71,0.72,0.75,0.66,0.74,0.73,0.98,0.63
SL000200,Comenius University Bratislava,Latvia,Slovakia,Male,18,B1,97.8,0.99,High,Married,0.15,0,0.1,Counseling,1,Completed,English Philology,2025-11-02T11:58:26Z,0.58,0.43,0.64,0.76,0.54,0.88,0.64,0.53,0.9,0.85,0.85,0.58,0.74,0.83,0.78,0.89,0.81,0.65,0.86,0.7,0.79,0.72,1.0,0.93,0.77,0.49,0.74,0.76,0.74,0.82,0.81,0.6
LA000302,TSI Riga,Brazil,Latvia,Prefer not to say,25,B2,68.5,0.84,Low,Other,0.44,1,0.5,BuddyProgram,0,Dropped Out,Engineering,2025-11-02T11:58:25Z,0.77,0.66,1.0,0.83,0.75,0.77,0.8,0.66,0.68,0.8,0.55,0.74,0.51,0.76,0.7,0.63,1.0,0.82,0.84,0.74,0.62,0.61,0.63,0.82,0.82,0.55,0.54,0.57,0.89,0.74,0.74,0.7
SL000408,Comenius University Bratislava,India,Slovakia,Male,25,B1,70.8,0.92,Medium,Married,0.14,1,0.6,None,0,Dropped Out,Economics,2025-11-02T11:58:26Z,0.65,0.72,0.84,0.76,0.52,0.66,0.55,0.72,0.76,0.67,0.69,0.79,0.72,0.72,0.7,0.87,0.82,0.72,0.73,0.6,0.94,0.86,0.68,0.76,0.83,0.83,0.7,0.7,1.0,0.89,0.68,0.66
SL000203,Slovak Tech,Latvia,Slovakia,Male,20,A2,54.0,0.95,Medium,Married,0.28,1,0.1,Tutoring,0,Dropped Out,English Philology,2025-11-02T11:58:26Z,0.81,0.85,0.6,0.62,0.68,0.8,1.0,0.71,0.75,0.74,0.56,0.83,0.84,0.75,0.6,0.95,0.81,0.69,0.73,0.8,0.81,0.7,0.62,0.99,0.77,0.63,0.84,0.66,0.37,0.85,0.62,0.57
SL000039,Comenius University Bratislava,India,Slovakia,Female,23,C1,64.5,0.76,High,Married,0.66,1,0.6,Counseling,0,Dropped Out,Business,2025-11-02T11:58:25Z,0.33,0.81,0.67,0.76,0.78,0.74,0.75,0.87,0.81,0.83,0.49,0.65,0.64,0.47,0.72,0.66,0.46,0.45,0.56,0.4,0.58,0.45,0.6,0.51,0.47,0.58,0.84,0.68,0.66,0.85,0.42,0.59
LA000095,Daugavpils University,Slovakia,Latvia,Other,26,A2,74.0,0.84,Medium,Married,0.04,0,0.1,None,1,Completed,Economics,2025-11-02T11:58:25Z,0.71,0.74,0.79,0.55,0.89,0.99,0.7,0.6,0.56,0.77,0.74,0.64,0.79,0.87,0.43,0.72,0.94,0.66,0.86,0.79,0.69,0.98,0.73,0.98,0.96,0.71,0.6,0.68,0.63,0.88,0.67,0.59
SL000088,Slovak Tech,Ukraine,Slovakia,Male,25,C1,69.8,1.0,High,Single,0.15,0,0.1,Tutoring,1,Completed,English Philology,2025-11-02T11:58:26Z,0.68,0.77,0.7,0.78,0.93,0.7,0.9,0.83,0.95,0.57,0.72,0.67,0.78,0.93,0.95,0.93,0.62,1.0,0.74,0.61,0.63,0.76,0.77,0.77,0.67,0.85,0.54,0.67,0.78,0.8,0.99,0.85
LA000492,TSI Riga,Vietnam,Latvia,Other,25,C1,87.3,0.86,Medium,Other,0.71,0,0.6,LanguageMentor,1,Completed,Data Science,2025-11-02T11:58:25Z,0.81,0.72,0.62,0.63,0.83,0.92,0.84,0.94,0.81,0.95,0.64,0.63,0.75,0.51,0.66,0.37,0.59,0.49,0.52,0.43,0.45,0.52,0.46,0.51,0.85,0.51,0.72,0.96,0.92,0.85,0.78,0.74
LA000264,Daugavpils University,Bangladesh,Latvia,Male,20,B1,50.3,0.97,Low,Other,0.64,1,0.6,None,0,Dropped Out,Computer Science,2025-11-02T11:58:25Z,0.92,0.63,0.95,0.79,0.67,0.72,0.87,0.62,0.72,0.87,0.87,0.53,0.88,0.77,0.46,0.44,0.67,0.53,0.83,0.51,0.63,0.54,0.48,0.56,0.79,0.64,0.57,0.58,0.74,0.71,0.87,0.57
SL000429,Comenius University Bratislava,USA,Slovakia,Prefer not to say,22,C1,74.6,0.79,Low,Single,0.15,1,0.3,Tutoring,0,Dropped Out,English Philology,2025-11-02T11:58:26Z,0.5,0.78,0.82,0.74,0.79,0.54,0.76,0.95,0.72,0.66,0.74,0.82,0.77,0.78,0.79,0.72,0.7,0.78,0.78,0.9,0.8,0.81,0.83,0.92,0.85,0.8,0.81,0.74,0.57,0.84,0.58,0.97
IT000390,University of Messina,India,Italy,Male,18,C1,55.6,0.87,High,Other,0.51,0,0.6,LanguageMentor,1,Completed,Economics,2025-11-02T11:58:25Z,0.78,0.42,0.59,0.81,1.0,0.61,0.69,0.65,0.58,0.79,0.74,0.68,0.73,0.66,0.8,0.69,0.74,0.55,0.52,0.82,0.8,0.71,0.27,0.77,0.76,0.64,0.74,0.65,0.67,0.68,0.63,0.84
SL000481,Slovak Tech,Italy,Slovakia,Prefer not to say,28,C2,72.7,1.0,High,Single,0.34,0,0.1,None,1,Completed,Engineering,2025-11-02T11:58:26Z,0.85,0.64,0.61,0.93,0.77,0.68,0.94,0.48,0.6,0.73,0.59,0.55,0.71,0.67,0.57,0.82,0.64,0.85,0.72,0.71,0.8,0.66,0.91,0.69,0.88,0.71,0.74,0.66,0.67,0.66,0.6,0.7
IT000337,Politecnico di Torino,Spain,Italy,Prefer not to say,30,C1,72.1,0.91,Medium,Married,0.32,0,0.1,None,1,Completed,Data Science,2025-11-02T11:58:25Z,0.6,0.76,0.68,0.85,0.97,0.93,0.67,0.88,0.69,0.66,0.61,0.71,0.96,0.69,0.85,0.57,0.74,0.88,0.54,0.62,0.56,0.79,0.41,0.59,0.47,0.75,0.82,0.76,0.66,0.59,0.59,0.6
LA000141,TSI Riga,Latvia,Latvia,Female,23,B2,76.9,0.77,High,Married,0.51,1,0.1,LanguageMentor,0,Left Country,Business,2025-11-02T11:58:25Z,0.85,0.73,0.54,0.76,0.72,0.7,0.95,0.66,0.72,0.79,0.71,0.64,0.81,0.6,0.71,0.78,0.67,0.61,0.75,0.57,0.8,0.91,0.62,0.35,0.73,0.77,0.87,0.88,0.69,0.74,0.53,0.94
IT000312,Politecnico di Torino,Brazil,Italy,Other,27,B1,86.4,0.82,Low,Married,0.12,0,0.5,BuddyProgram,1,Completed,English Philology,2025-11-02T11:58:25Z,0.79,0.61,0.85,0.64,0.77,0.81,0.72,0.6,0.47,0.79,0.71,0.65,0.79,0.68,0.84,0.47,0.63,0.75,0.68,0.99,0.68,0.65,0.52,0.65,0.73,0.58,0.76,0.98,0.53,0.77,0.75,0.76
SL000279,Slovak Tech,Brazil,Slovakia,Female,23,B2,77.6,1.0,High,Single,0.51,0,0.5,Tutoring,1,Completed,Logistics,2025-11-02T11:58:26Z,0.69,0.84,0.89,0.73,0.8,0.72,0.89,0.62,0.76,0.69,0.63,0.82,0.65,0.93,0.57,0.65,0.8,0.74,0.76,0.57,0.83,0.89,0.72,0.53,0.68,1.0,0.65,0.69,0.81,0.74,0.79,0.77
IT000387,University of Messina,Sri Lanka,Italy,Female,28,C1,61.1,0.89,High,Other,0.3,0,0.6,BuddyProgram,1,Completed,Economics,2025-11-02T11:58:25Z,0.77,0.74,0.72,0.72,0.39,0.64,0.61,0.73,0.75,0.59,0.76,0.66,0.6,0.61,0.75,0.45,0.7,0.65,0.86,0.69,0.67,0.72,0.85,0.72,0.96,0.96,1.0,0.75,0.87,0.87,0.78,0.76
IT000022,Politecnico di Torino,Pakistan,Italy,Male,22,A2,81.7,0.87,High,Other,0.55,0,0.6,None,1,Completed,English Philology,2025-11-02T11:58:25Z,0.7,0.8,0.65,0.85,0.73,0.88,0.73,0.92,0.86,0.84,0.61,0.6,0.75,0.52,0.86,0.64,0.87,0.7,0.83,0.56,0.36,0.65,0.81,1.0,0.5,0.77,0.69,0.96,0.81,0.68,0.54,0.78
LA000596,Daugavpils University,Vietnam,Latvia,Other,22,C2,70.3,0.97,Low,Other,0.06,0,0.6,None,1,Completed,Logistics,2025-11-02T11:58:25Z,0.64,0.56,0.6,0.72,0.89,0.72,0.56,0.78,0.73,0.94,0.66,0.46,0.69,0.67,0.71,0.52,0.84,1.0,0.98,0.91,0.93,0.68,0.72,0.8,0.6,0.71,0.84,0.91,0.64,0.68,0.63,0.66
IT000454,University of Messina,Italy,Italy,Other,23,B1,77.4,0.98,High,Married,0.25,0,0.1,None,1,Ongoing,Logistics,2025-11-02T11:58:25Z,0.72,0.68,0.72,0.65,0.86,0.66,0.97,0.67,0.82,0.7,0.92,0.62,0.5,0.55,0.83,0.56,0.68,0.81,0.75,0.69,0.65,0.76,0.78,0.87,0.81,0.68,0.78,0.79,0.75,0.66,0.67,0.79
LA000104,Daugavpils University,Vietnam,Latvia,Female,28,B2,59.0,0.96,Medium,Single,0.59,0,0.6,BuddyProgram,1,Completed,Business,2025-11-02T11:58:25Z,1.0,0.78,0.62,0.6,0.74,0.69,0.81,0.93,0.77,0.81,0.69,0.56,0.7,0.86,0.75,0.83,0.85,0.64,0.71,0.65,0.58,0.99,0.75,1.0,0.55,0.79,0.63,0.69,0.7,0.8,0.9,0.62
SL000469,Comenius University Bratislava,Italy,Slovakia,Male,21,A2,79.4,0.92,Medium,Single,0.15,0,0.1,None,1,Completed,Engineering,2025-11-02T11:58:26Z,0.66,0.52,0.92,0.37,0.74,0.57,0.63,0.9,0.78,0.79,0.87,0.74,0.97,0.76,0.56,0.52,0.57,0.71,0.81,0.7,0.81,0.51,0.81,0.89,0.6,1.0,0.64,0.8,0.92,0.7,0.62,0.53
LA000270,Daugavpils University,Slovakia,Latvia,Female,19,A2,79.4,0.93,High,Married,0.18,1,0.1,None,0,Administrative Withdrawal,English Philology,2025-11-02T11:58:25Z,0.76,0.44,0.66,0.72,0.79,0.73,0.4,0.54,1.0,0.87,0.54,0.86,0.69,0.67,0.77,0.79,0.69,0.66,0.87,0.76,0.7,0.78,0.76,0.81,0.63,0.75,0.54,0.8,0.67,0.67,0.86,0.62
LA000216,TSI Riga,Vietnam,Latvia,Prefer not to say,26,B2,70.3,0.86,Medium,Married,0.28,0,0.6,LanguageMentor,1,Completed,Psychology,2025-11-02T11:58:25Z,0.75,0.75,0.8,0.53,0.5,0.69,0.65,0.99,0.81,0.71,0.7,0.84,0.8,0.71,0.56,0.76,0.83,0.57,0.74,0.55,0.51,0.64,0.93,0.9,0.65,0.65,0.75,0.61,0.72,0.64,0.77,0.66
LA000486,Daugavpils University,Bangladesh,Latvia,Other,22,B2,63.7,0.84,Medium,Single,0.29,0,0.6,LanguageMentor,0,Transferred,Economics,2025-11-02T11:58:25Z,0.71,0.75,0.91,0.82,0.79,0.83,0.71,0.61,0.42,0.73,0.76,0.67,0.9,0.73,0.65,0.57,0.79,0.68,0.59,0.91,0.75,0.81,0.87,0.83,0.56,0.62,0.71,0.81,0.73,0.78,0.65,0.69
LA000468,TSI Riga,Nigeria,Latvia,Male,20,C1,72.9,0.76,High,Married,0.22,0,0.7,None,0,Failed Exams,Psychology,2025-11-02T11:58:25Z,0.56,0.74,0.71,0.42,0.73,0.79,0.87,0.71,0.5,0.58,0.58,0.84,0.85,0.65,0.64,0.83,0.74,0.4,0.58,0.52,0.86,0.6,0.98,0.62,0.75,0.58,0.76,0.92,0.89,0.65,0.53,0.78
SL000079,Slovak Tech,Pakistan,Slovakia,Prefer not to say,22,C2,85.5,0.86,High,Married,0.48,0,0.6,Tutoring,1,Completed,Business,2025-11-02T11:58:26Z,0.74,0.69,0.68,0.65,0.71,0.86,0.68,0.82,0.75,0.78,0.77,0.55,0.64,0.47,0.7,0.58,0.94,0.88,0.54,1.0,1.0,0.82,0.51,0.88,0.91,0.72,0.91,0.81,0.71,0.87,0.79,0.74
LA000333,TSI Riga,Pakistan,Latvia,Prefer not to say,24,B1,76.1,0.91,Medium,Married,0.48,0,0.6,LanguageMentor,1,Completed,Engineering,2025-11-02T11:58:25Z,0.65,0.86,0.68,0.7,0.81,0.93,0.9,0.84,0.83,0.87,0.81,0.75,0.77,0.87,0.56,0.88,0.71,0.81,0.83,0.5,0.79,0.72,0.67,0.68,0.84,0.85,1.0,0.79,0.79,0.69,0.65,0.78
IT000187,Politecnico di Torino,India,Italy,Male,25,B2,73.8,0.8,Medium,Married,0.48,1,0.6,None,0,Left Country,Computer Science,2025-11-02T11:58:25Z,0.78,1.0,0.82,0.47,0.83,0.6,0.78,0.87,0.82,0.68,0.68,0.67,0.81,0.6,0.79,0.58,0.79,0.62,0.68,0.71,0.94,0.88,0.68,0.87,0.71,0.66,1.0,0.76,0.82,0.84,0.69,0.57
IT000199,University of Messina,USA,Italy,Prefer not to say,24,B1,77.6,0.69,High,Single,0.33,0,0.3,Tutoring,1,Completed,Psychology,2025-11-02T11:58:25Z,0.69,0.78,0.77,0.73,0.96,0.61,0.9,0.82,0.72,0.8,0.73,0.56,0.64,0.95,0.68,0.93,0.45,0.64,0.71,0.85,0.57,0.66,0.93,0.79,0.79,0.54,0.67,0.79,0.89,0.76,0.68,0.61
SL000096,Slovak Tech,Pakistan,Slovakia,Prefer not to say,23,B1,81.4,0.79,Medium,Other,0.26,0,0.6,LanguageMentor,0,Transferred,English Philology,2025-11-02T11:58:26Z,0.43,1.0,0.77,0.79,0.78,1.0,0.71,0.66,0.71,0.66,0.66,0.94,0.84,1.0,0.7,0.63,0.63,0.75,0.49,0.64,0.79,0.57,0.74,0.61,0.72,0.82,0.76,0.44,0.54,0.76,0.71,0.66
IT000097,Politecnico di Torino,Nigeria,Italy,Other,26,B1,69.6,0.97,Low,Other,0.14,1,0.7,Tutoring,0,Dropped Out,Data Science,2025-11-02T11:58:25Z,0.73,1.0,0.82,0.34,0.79,0.72,0.54,0.82,0.97,0.7,0.73,0.76,0.91,0.8,0.7,0.57,0.82,0.69,0.77,0.51,0.66,0.62,0.57,0.85,0.92,0.48,0.63,0.83,0.65,0.84,0.76,0.57
IT000541,Politecnico di Torino,Italy,Italy,Female,21,C1,73.7,0.87,Low,Other,0.29,0,0.1,LanguageMentor,1,Completed,Logistics,2025-11-02T11:58:25Z,0.7,0.91,0.66,0.57,0.71,0.73,0.73,0.87,0.93,0.6,0.84,0.65,0.92,0.67,0.59,0.91,0.47,0.77,0.86,0.68,0.42,0.67,0.9,0.56,0.79,0.5,0.6,0.44,0.7,0.87,0.86,0.67
IT000382,Politecnico di Torino,Ukraine,Italy,Prefer not to say,26,A2,74.3,0.84,High,Single,0.03,1,0.1,None,0,Dropped Out,Engineering,2025-11-02T11:58:25Z,0.66,0.57,0.83,0.88,0.56,0.73,0.86,0.92,0.69,0.61,0.68,0.84,0.82,0.8,0.83,0.89,0.71,0.7,0.41,0.8,0.81,0.72,0.7,0.58,0.88,0.74,0.77,0.68,0.65,0.55,0.71,0.86
LA000271,Daugavpils University,Sri Lanka,Latvia,Male,19,B1,50.0,0.97,High,Other,0.22,0,0.6,Tutoring,0,Failed Exams,Computer Science,2025-11-02T11:58:25Z,0.87,0.8,0.7,0.7,0.59,1.0,0.73,0.67,0.69,0.91,0.51,0.71,0.83,1.0,0.72,0.8,0.61,0.75,0.82,0.82,0.79,0.74,0.61,0.8,0.68,0.79,0.74,0.96,0.53,0.64,0.57,0.7
SL000398,Comenius University Bratislava,Slovakia,Slovakia,Other,24,B2,64.0,0.92,Medium,Other,0.14,0,0.1,None,1,Completed,Economics,2025-11-02T11:58:26Z,0.78,0.79,0.69,0.8,0.92,0.5,0.64,0.66,0.87,0.86,0.75,0.61,0.87,0.69,0.84,0.68,0.8,0.97,0.76,0.59,0.94,0.39,0.89,0.72,0.48,0.41,0.77,0.49,0.67,0.53,0.97,0.73
LA000559,Daugavpils University,India,Latvia,Prefer not to say,20,B1,52.2,0.84,Medium,Married,0.05,0,0.6,Counseling,1,Completed,English Philology,2025-11-02T11:58:25Z,0.81,0.88,0.62,0.73,0.75,0.85,0.66,0.81,0.71,0.91,0.51,0.8,0.64,0.59,0.61,0.58,0.68,0.8,0.94,0.79,0.63,0.85,0.67,0.9,0.65,0.86,0.77,0.89,0.69,0.53,0.91,0.68
SL000108,Slovak Tech,Latvia,Slovakia,Female,21,B1,84.1,0.89,High,Married,0.23,0,0.1,LanguageMentor,1,Completed,Business,2025-11-02T11:58:26Z,0.7,0.7,0.74,0.51,0.91,0.76,0.92,0.92,0.69,0.79,0.51,0.75,0.62,0.84,0.73,0.83,0.57,0.72,0.58,0.75,0.63,0.74,0.51,0.82,0.76,0.53,0.74,0.97,0.69,0.67,0.63,0.56
LA000245,Daugavpils University,Sri Lanka,Latvia,Other,23,B1,65.7,0.92,Medium,Married,0.39,0,0.6,LanguageMentor,0,Transferred,Logistics,2025-11-02T11:58:25Z,0.89,0.8,0.93,0.79,0.74,0.8,0.84,0.64,1.0,0.47,0.54,0.9,0.96,0.76,0.66,0.51,0.87,0.72,0.72,0.9,0.78,1.0,0.72,0.72,0.69,0.71,0.78,0.72,0.76,0.47,0.58,0.78
LA000022,TSI Riga,Vietnam,Latvia,Prefer not to say,18,B2,72.1,1.0,Medium,Other,0.5,0,0.6,LanguageMentor,1,Ongoing,Data Science,2025-11-02T11:58:25Z,0.8,1.0,0.6,0.71,0.87,0.64,0.72,0.93,0.62,0.6,0.89,0.79,0.7,0.61,0.85,0.5,0.68,0.65,0.81,1.0,0.87,0.54,0.88,0.71,0.75,0.71,0.58,0.53,0.77,0.99,0.88,0.91
IT000499,Politecnico di Torino,Vietnam,Italy,Male,23,B2,84.0,0.98,High,Other,0.51,0,0.6,None,1,Completed,English Philology,2025-11-02T11:58:25Z,0.95,0.59,0.98,0.75,0.71,0.7,0.77,0.83,0.79,0.69,0.71,0.65,0.54,0.52,0.71,0.73,0.76,0.92,0.75,0.84,0.72,0.74,0.71,0.8,0.89,0.6,0.86,0.64,0.5,0.63,0.74,0.61
LA000190,Daugavpils University,Slovakia,Latvia,Prefer not to say,23,C2,67.9,0.81,Low,Other,0.06,0,0.1,BuddyProgram,1,Completed,Psychology,2025-11-02T11:58:25Z,0.79,0.71,0.38,0.85,0.69,0.77,0.86,0.6,0.75,0.73,0.72,0.57,0.72,0.66,0.81,0.59,0.88,0.82,0.94,0.88,0.39,0.68,0.81,0.6,0.73,0.68,0.69,0.76,0.67,0.78,0.55,0.59
SL000208,Slovak Tech,Slovakia,Slovakia,Female,24,A2,78.7,0.93,High,Single,0.29,0,0.1,Tutoring,0,Failed Exams,Computer Science,2025-11-02T11:58:26Z,0.77,0.73,1.0,0.75,0.71,0.71,0.56,0.73,0.75,0.49,1.0,0.56,0.91,0.79,0.71,0.7,0.69,0.67,0.84,0.57,0.7,0.71,0.65,0.77,0.56,0.61,0.56,0.75,0.58,0.89,0.72,0.65
LA000008,TSI Riga,Slovakia,Latvia,Prefer not to say,27,C2,66.8,0.83,Medium,Other,0.1,1,0.1,LanguageMentor,0,Dropped Out,Business,2025-11-02T11:58:25Z,0.82,0.9,0.76,0.67,0.84,0.78,0.74,0.65,0.73,0.6,0.43,0.76,0.64,0.6,0.55,0.84,0.74,0.95,0.73,0.4,0.82,0.8,0.57,0.58,0.73,0.71,0.71,0.78,1.0,0.52,0.73,0.56
LA000143,Daugavpils University,Slovakia,Latvia,Male,26,C1,81.3,0.7,Low,Other,0.26,1,0.1,LanguageMentor,0,Left Country,Economics,2025-11-02T11:58:25Z,0.94,0.73,0.88,0.61,0.59,0.61,0.55,1.0,0.87,0.8,0.79,0.78,0.62,0.88,0.74,0.62,0.83,0.71,0.55,0.75,0.82,0.73,0.73,0.72,0.64,0.58,0.83,0.71,0.82,0.6,0.56,0.91
LA000409,TSI Riga,Nigeria,Latvia,Prefer not to say,21,C2,87.8,0.88,High,Other,0.17,0,0.7,Counseling,1,Completed,Psychology,2025-11-02T11:58:25Z,0.66,0.78,0.67,0.55,0.68,0.89,0.83,0.63,0.47,0.63,0.77,0.93,0.66,0.58,0.7,0.91,0.67,0.74,0.71,0.77,0.74,0.42,0.81,0.72,0.7,0.62,0.47,0.82,0.97,0.51,0.69,0.75
IT000360,University of Messina,India,Italy,Female,24,C1,60.9,0.84,High,Married,0.12,1,0.6,Tutoring,0,Dropped Out,Psychology,2025-11-02T11:58:25Z,0.5,0.78,0.84,1.0,1.0,0.63,0.63,0.65,0.76,0.77,0.64,0.65,0.62,0.47,0.59,0.73,0.7,0.5,0.57,0.86,0.76,0.84,0.85,0.73,0.63,0.76,0.81,0.94,0.86,0.69,0.58,0.59
IT000075,University of Messina,USA,Italy,Prefer not to say,23,B1,68.6,0.99,Low,Married,0.43,0,0.3,None,0,Transferred,Psychology,2025-11-02T11:58:25Z,0.73,0.54,0.74,0.52,0.78,0.84,0.64,0.77,0.56,0.92,0.58,0.81,0.7,0.95,0.75,0.74,0.67,0.83,0.8,0.97,0.86,0.86,0.69,0.93,0.72,0.82,0.61,0.61,0.6,0.81,0.7,0.7
IT000526,Politecnico di Torino,Latvia,Italy,Other,21,B1,73.1,0.85,Medium,Single,0.14,0,0.1,Tutoring,0,Transferred,Psychology,2025-11-02T11:58:25Z,0.74,0.82,0.67,0.61,0.69,0.73,0.84,0.79,0.56,0.65,0.65,0.8,0.51,0.45,0.65,0.7,0.89,0.4,0.8,0.77,0.67,0.74,0.66,0.6,0.69,0.64,0.55,0.94,0.72,0.84,0.39,0.85
LA000303,Daugavpils University,Ukraine,Latvia,Male,18,A2,69.7,0.74,High,Married,0.4,1,0.1,Tutoring,0,Dropped Out,Psychology,2025-11-02T11:58:25Z,0.85,0.75,0.83,0.53,0.78,0.65,0.93,0.79,0.42,0.56,0.86,0.79,0.89,0.72,0.89,0.83,0.57,0.85,0.65,0.72,0.74,0.84,0.87,0.65,0.84,0.81,0.63,0.53,0.65,0.77,0.6,0.78
IT000195,University of Messina,Sri Lanka,Italy,Male,25,B2,67.4,0.81,High,Other,0.35,0,0.6,LanguageMentor,1,Completed,Computer Science,2025-11-02T11:58:25Z,0.77,0.93,0.78,0.94,0.92,0.66,0.77,0.7,0.64,0.67,0.72,0.5,0.88,0.83,0.6,0.81,0.82,0.85,0.79,0.75,0.87,0.78,1.0,0.68,0.75,0.87,0.59,0.65,0.63,0.55,0.57,0.82
IT000405,University of Messina,Vietnam,Italy,Female,26,B2,72.9,0.82,High,Married,0.21,0,0.6,None,1,Completed,English Philology,2025-11-02T11:58:25Z,0.61,0.7,0.83,0.77,0.75,0.76,0.66,0.67,0.59,1.0,1.0,0.77,0.6,0.68,0.97,0.53,0.54,0.72,0.82,0.96,0.66,0.64,0.89,0.67,0.75,0.8,0.73,0.58,0.74,0.48,0.74,0.53
SL000441,Slovak Tech,Bangladesh,Slovakia,Other,21,B1,66.5,0.92,Medium,Married,0.22,1,0.6,None,0,Left Country,Business,2025-11-02T11:58:26Z,0.89,0.6,0.81,0.73,0.58,0.73,0.61,0.63,0.67,0.82,0.49,0.78,0.92,0.84,0.84,0.58,0.73,0.67,1.0,0.58,0.74,0.76,0.92,0.87,0.85,0.63,0.84,0.83,0.67,0.6,0.79,0.62
IT000322,University of Messina,USA,Italy,Female,22,C2,67.4,0.92,Medium,Single,0.32,1,0.3,Tutoring,0,Dropped Out,Data Science,2025-11-02T11:58:25Z,0.64,0.83,0.62,0.81,0.76,0.84,0.86,0.79,0.61,0.54,0.81,0.73,0.94,0.76,0.68,0.66,0.98,0.69,0.51,0.83,0.84,0.7,0.8,1.0,0.53,0.96,0.52,0.8,0.85,0.7,0.83,0.61
LA000196,TSI Riga,Brazil,Latvia,Prefer not to say,23,C2,74.1,0.88,Medium,Single,0.31,0,0.5,Counseling,1,Completed,Computer Science,2025-11-02T11:58:25Z,0.85,0.68,0.4,0.74,0.66,0.63,0.88,0.76,0.97,0.52,0.87,0.67,0.89,0.51,0.63,0.58,0.84,0.74,0.76,0.71,0.93,0.78,0.71,0.79,1.0,0.79,0.99,0.63,0.54,0.7,0.84,0.82
LA000175,Daugavpils University,Spain,Latvia,Female,22,C1,78.3,0.93,Medium,Other,0.16,0,0.1,None,1,Completed,Psychology,2025-11-02T11:58:25Z,0.83,0.74,0.87,0.79,0.76,0.89,0.86,0.89,0.69,0.79,0.73,0.68,0.78,0.73,0.73,0.8,0.85,0.71,0.68,0.73,0.79,0.55,0.5,0.79,0.63,0.85,0.78,0.6,0.59,0.87,0.7,0.77
IT000226,University of Messina,Slovakia,Italy,Female,24,B2,69.6,0.85,Low,Single,0.54,0,0.1,Tutoring,1,Completed,Economics,2025-11-02T11:58:25Z,1.0,1.0,0.86,0.54,0.59,0.74,0.77,0.52,0.76,0.92,0.81,0.67,0.66,0.61,0.82,0.65,0.51,0.87,0.56,0.9,0.65,0.81,0.62,1.0,0.67,0.73,0.58,0.86,0.46,0.88,0.71,0.8
LA000198,TSI Riga,Sri Lanka,Latvia,Prefer not to say,25,A2,85.1,0.92,High,Married,0.09,0,0.6,None,1,Completed,Computer Science,2025-11-02T11:58:25Z,0.51,0.74,0.79,0.88,0.79,0.62,0.53,0.84,0.8,0.53,0.54,0.7,0.82,1.0,0.81,0.89,0.63,0.63,0.57,0.47,1.0,0.48,0.64,0.76,0.78,0.57,0.48,0.7,0.7,0.65,0.69,0.72
IT000265,University of Messina,Italy,Italy,Prefer not to say,23,B1,70.8,0.97,Low,Single,0.23,1,0.1,LanguageMentor,0,Dropped Out,Logistics,2025-11-02T11:58:25Z,0.47,0.42,0.76,0.53,0.88,0.73,0.54,0.82,0.73,0.79,1.0,0.92,0.65,0.67,0.78,0.62,0.93,0.87,0.68,0.85,0.77,0.95,0.78,0.9,0.49,0.75,0.79,0.9,0.74,0.73,0.85,0.62
IT000276,Politecnico di Torino,Vietnam,Italy,Male,22,A2,57.1,0.87,High,Married,0.17,1,0.6,LanguageMentor,0,Dropped Out,Economics,2025-11-02T11:58:25Z,0.81,0.62,0.69,0.62,0.65,0.59,0.94,0.73,0.74,0.75,0.86,0.89,0.74,0.56,1.0,0.63,0.92,0.48,0.44,0.75,0.86,0.71,0.66,0.87,0.82,0.68,0.64,0.79,0.87,0.59,0.83,0.94
LA000131,Daugavpils University,Ukraine,Latvia,Other,20,C1,68.5,0.88,High,Married,0.28,1,0.1,LanguageMentor,0,Dropped Out,Engineering,2025-11-02T11:58:25Z,0.5,0.66,0.78,0.93,0.58,0.74,0.56,0.82,0.77,0.68,0.72,0.84,0.68,0.8,0.7,0.87,0.49,0.99,0.49,0.77,0.68,0.5,0.67,0.68,0.62,0.65,0.6,0.87,0.52,0.71,0.81,0.99
SL000005,Slovak Tech,Sri Lanka,Slovakia,Female,20,C2,55.2,0.89,High,Other,0.06,0,0.6,None,1,Completed,Logistics,2025-11-02T11:58:25Z,0.86,0.65,0.54,0.8,0.67,0.8,1.0,0.62,0.72,0.61,0.73,0.65,0.68,0.69,1.0,0.92,0.76,0.62,0.99,0.88,0.78,0.76,0.81,0.58,0.7,0.73,0.84,0.39,0.85,0.51,0.78,0.8
IT000073,University of Messina,Vietnam,Italy,Female,20,C2,75.3,0.85,Medium,Single,0.24,0,0.6,LanguageMentor,1,Completed,Computer Science,2025-11-02T11:58:25Z,0.61,1.0,0.66,0.93,0.74,1.0,1.0,0.58,0.77,0.67,0.69,0.8,0.81,0.68,0.71,0.91,0.74,0.85,0.77,0.85,0.76,0.61,1.0,0.76,0.91,0.74,0.7,0.73,0.61,0.56,0.8,0.79
SL000063,Slovak Tech,Bangladesh,Slovakia,Female,22,A2,76.0,0.77,Medium,Other,0.23,1,0.6,Tutoring,0,Left Country,Economics,2025-11-02T11:58:26Z,0.85,0.59,0.92,1.0,1.0,0.95,0.58,0.85,0.82,0.91,0.71,0.73,0.8,0.85,0.71,0.57,0.66,0.72,0.75,0.66,0.87,0.68,0.65,0.52,0.8,0.63,0.61,0.59,0.73,0.82,0.64,0.75
LA000194,TSI Riga,USA,Latvia,Prefer not to say,21,C1,71.3,0.91,Medium,Other,0.01,0,0.3,None,1,Completed,Business,2025-11-02T11:58:25Z,0.74,0.7,0.79,0.74,0.68,0.92,0.56,0.92,0.73,0.73,0.79,0.89,0.81,0.73,0.74,0.73,0.79,0.73,0.66,0.63,0.91,0.8,0.74,0.68,0.96,0.85,0.87,0.87,0.66,0.57,0.73,0.61
SL000423,Comenius University Bratislava,Ukraine,Slovakia,Prefer not to say,18,C1,75.1,0.92,High,Other,0.17,0,0.1,None,1,Completed,Psychology,2025-11-02T11:58:26Z,0.86,0.7,0.83,0.66,0.76,0.88,0.9,0.62,0.73,0.82,0.72,0.83,0.78,0.81,0.6,0.88,0.72,0.53,0.86,0.97,0.93,0.7,0.79,0.59,0.93,0.82,0.7,0.61,0.56,0.9,0.71,0.55
SL000047,Slovak Tech,Slovakia,Slovakia,Male,20,B2,74.4,0.92,Low,Other,0.31,0,0.1,Counseling,1,Completed,Logistics,2025-11-02T11:58:25Z,0.65,1.0,0.8,0.66,0.72,0.88,0.64,0.75,0.79,0.82,0.5,0.85,0.75,0.7,0.87,0.86,0.72,0.71,0.54,0.76,0.73,0.84,0.79,0.59,0.55,0.72,0.48,0.72,0.78,0.75,0.71,0.71
LA000083,TSI Riga,Nigeria,Latvia,Female,25,C1,73.5,0.77,Medium,Single,0.61,0,0.7,Tutoring,1,Completed,Computer Science,2025-11-02T11:58:25Z,0.75,0.66,0.55,0.83,0.9,0.98,0.83,0.78,0.79,0.61,0.82,0.41,0.71,0.57,0.78,0.55,0.62,0.64,0.36,0.42,0.49,0.55,0.44,0.53,0.67,0.68,0.67,0.54,0.66,0.94,0.68,0.58
LA000179,TSI Riga,India,Latvia,Female,23,C1,76.6,0.97,High,Single,0.16,0,0.6,None,1,Ongoing,Business,2025-11-02T11:58:25Z,0.69,0.72,0.62,0.67,0.88,0.63,0.86,0.87,0.71,0.85,0.65,0.78,0.8,0.81,0.86,0.58,0.54,0.63,0.75,0.87,0.57,0.59,0.6,0.8,0.77,0.82,0.69,0.91,0.95,0.76,0.86,0.66
SL000197,Comenius University Bratislava,Latvia,Slovakia,Male,23,C1,81.4,0.81,Low,Married,0.16,0,0.1,LanguageMentor,1,Completed,English Philology,2025-11-02T11:58:26Z,0.69,0.89,0.82,0.94,0.86,0.87,0.41,0.59,0.88,0.78,0.63,0.72,0.78,0.71,0.9,0.78,0.73,0.68,0.76,0.63,0.9,0.71,0.79,0.66,1.0,0.6,0.6,0.85,0.6,0.8,0.68,0.61
LA000432,Daugavpils University,Pakistan,Latvia,Prefer not to say,26,C2,60.3,0.69,High,Married,0.31,1,0.6,None,0,Administrative Withdrawal,Economics,2025-11-02T11:58:25Z,0.8,0.96,0.55,0.72,0.84,0.96,0.75,0.92,0.69,0.72,0.54,0.63,0.72,0.87,0.74,0.69,0.63,0.55,0.66,0.8,0.72,0.54,0.87,0.76,0.7,0.73,0.72,0.78,0.59,0.6,0.82,0.61
SL000412,Slovak Tech,Pakistan,Slovakia,Male,28,B2,72.4,0.94,Medium,Other,0.23,1,0.6,None,0,Left Country,Logistics,2025-11-02T11:58:26Z,0.92,0.81,0.75,0.48,0.54,0.76,0.79,0.49,0.98,0.51,0.65,0.75,0.73,1.0,0.71,0.91,0.79,0.74,0.77,0.81,0.6,0.8,0.52,0.48,0.94,0.48,0.72,0.75,0.86,0.67,0.71,0.5
IT000264,Politecnico di Torino,USA,Italy,Male,28,B2,78.5,0.93,Medium,Other,0.23,1,0.3,BuddyProgram,0,Dropped Out,Data Science,2025-11-02T11:58:25Z,0.6,0.71,0.69,0.73,0.73,0.99,0.64,0.95,0.7,0.77,0.97,0.71,0.82,0.61,0.61,0.84,0.97,0.84,0.81,0.8,0.69,0.71,0.79,0.7,0.61,0.7,0.62,0.91,0.59,0.89,0.83,0.68
IT000486,University of Messina,Ukraine,Italy,Prefer not to say,27,C2,60.6,0.95,Medium,Other,0.33,0,0.1,BuddyProgram,1,Completed,Computer Science,2025-11-02T11:58:25Z,0.69,0.73,0.74,0.41,0.84,0.89,0.62,0.73,0.78,0.8,0.57,0.57,0.59,0.65,0.68,0.88,0.66,0.94,0.81,0.51,0.59,0.76,0.75,0.82,0.69,0.51,0.67,0.58,0.64,0.71,0.65,0.78
IT000015,University of Messina,Brazil,Italy,Other,21,A2,76.4,0.92,Medium,Married,0.52,0,0.5,None,1,Completed,Business,2025-11-02T11:58:25Z,0.76,0.79,0.68,0.7,0.66,0.35,0.68,0.85,0.74,0.81,0.83,0.67,0.83,0.74,0.97,0.83,0.66,0.79,0.76,0.81,0.74,0.42,0.76,0.68,0.73,0.9,0.63,0.81,0.74,0.66,0.64,0.63
SL000176,Comenius University Bratislava,Sri Lanka,Slovakia,Prefer not to say,19,B2,82.2,0.87,Low,Married,0.09,0,0.6,None,1,Completed,Business,2025-11-02T11:58:26Z,0.65,0.91,0.75,0.71,0.72,0.75,0.46,0.67,0.89,1.0,0.76,0.99,0.84,0.62,0.58,0.74,0.68,0.7,0.64,0.88,0.84,0.9,0.63,0.67,0.82,0.65,0.61,0.77,0.88,0.77,0.88,0.98
SL000235,Slovak Tech,Vietnam,Slovakia,Prefer not to say,23,B2,73.6,0.78,Medium,Other,0.09,1,0.6,Tutoring,0,Dropped Out,Engineering,2025-11-02T11:58:26Z,0.76,0.48,0.79,0.89,1.0,0.61,0.7,0.75,0.49,0.45,0.68,0.6,0.97,0.83,0.59,0.54,0.72,0.85,0.79,0.76,0.51,0.69,0.93,0.91,1.0,0.55,0.52,0.6,0.74,0.84,0.61,0.85
SL000239,Comenius University Bratislava,Latvia,Slovakia,Prefer not to say,23,B2,75.1,0.88,Medium,Single,0.34,0,0.1,Tutoring,1,Completed,English Philology,2025-11-02T11:58:26Z,0.59,0.73,0.91,0.72,0.86,0.59,0.58,0.89,0.8,0.49,0.97,0.83,0.66,0.9,0.77,0.46,0.9,0.79,0.89,0.74,0.85,0.77,0.7,0.8,0.67,0.64,0.76,0.87,0.6,0.69,0.81,0.73
SL000499,Slovak Tech,Sri Lanka,Slovakia,Female,22,B1,70.2,0.69,Medium,Married,0.06,0,0.6,LanguageMentor,1,Ongoing,Data Science,2025-11-02T11:58:26Z,0.73,0.84,0.86,0.71,0.97,0.52,0.76,0.67,0.7,0.73,0.58,0.69,0.71,0.8,0.62,0.62,0.87,0.83,0.51,0.52,0.41,0.87,0.84,0.53,0.7,0.93,0.57,0.75,0.37,0.84,0.76,0.64
LA000122,Daugavpils University,Brazil,Latvia,Other,22,A2,60.0,0.81,Medium,Other,0.18,1,0.5,LanguageMentor,0,Dropped Out,Computer Science,2025-11-02T11:58:25Z,0.84,0.82,0.71,0.76,0.84,0.65,0.53,0.81,0.99,0.52,0.72,0.93,0.84,0.83,0.75,0.47,1.0,0.54,0.81,0.65,0.77,0.88,0.84,0.73,0.74,0.72,0.57,0.85,0.45,0.52,0.67,0.76
LA000064,TSI Riga,Slovakia,Latvia,Other,21,C1,56.8,0.9,Medium,Single,0.04,0,0.1,None,1,Completed,Engineering,2025-11-02T11:58:25Z,0.51,0.64,0.75,0.47,0.78,0.81,0.79,0.52,0.89,0.79,0.63,0.89,0.66,0.98,0.87,0.7,0.65,0.88,0.87,0.72,0.51,0.6,0.81,0.77,0.52,0.66,0.85,0.86,0.78,0.65,0.6,0.77
IT000289,Politecnico di Torino,Sri Lanka,Italy,Male,23,C1,84.2,0.85,High,Other,0.26,0,0.6,BuddyProgram,1,Completed,English Philology,2025-11-02T11:58:25Z,0.58,0.42,0.49,0.46,1.0,0.68,0.78,0.87,0.88,0.47,0.81,0.51,0.59,0.77,0.63,0.82,0.6,0.69,0.67,0.79,0.91,0.89,1.0,0.68,0.75,0.67,0.66,0.67,0.83,0.58,0.74,0.65
IT000408,University of Messina,India,Italy,Other,25,B2,72.1,0.88,High,Married,0.24,0,0.6,Counseling,1,Completed,Logistics,2025-11-02T11:58:25Z,0.5,0.75,0.92,0.68,0.85,0.62,1.0,0.82,0.69,0.76,0.86,0.85,0.76,0.77,0.73,0.74,0.66,0.78,0.67,0.66,0.89,0.66,0.6,0.81,0.5,1.0,0.67,0.69,0.61,0.72,0.43,0.73
SL000205,Slovak Tech,Spain,Slovakia,Male,25,A2,64.3,0.87,Low,Single,0.02,0,0.1,Tutoring,0,Failed Exams,English Philology,2025-11-02T11:58:26Z,0.71,0.81,0.78,0.87,0.48,0.67,0.73,0.77,0.73,0.85,0.84,0.88,0.89,0.9,0.5,0.7,0.51,0.7,0.79,0.45,0.66,0.8,0.79,0.81,0.93,0.8,0.55,0.74,0.86,0.88,0.86,0.94
LA000551,Daugavpils University,India,Latvia,Female,27,C1,80.1,0.91,High,Other,0.27,0,0.6,None,1,Completed,Computer Science,2025-11-02T11:58:25Z,0.7,0.58,0.79,0.73,0.44,0.78,0.73,0.63,0.68,0.66,0.71,0.85,0.89,0.71,0.6,0.62,0.75,0.84,0.67,0.87,0.75,0.65,0.83,0.62,0.5,0.85,0.83,0.55,0.59,0.43,0.7,0.75
LA000558,TSI Riga,Pakistan,Latvia,Prefer not to say,23,B2,75.2,0.95,Low,Married,0.45,0,0.6,None,1,Completed,Logistics,2025-11-02T11:58:25Z,0.64,0.87,0.69,0.72,0.82,0.55,0.47,0.74,0.89,0.92,0.77,0.82,0.84,0.72,0.68,0.5,0.64,0.62,0.58,0.87,0.69,0.79,0.91,0.7,0.66,0.76,0.87,0.77,0.92,0.79,0.53,0.83
SL000040,Slovak Tech,Vietnam,Slovakia,Male,27,C2,79.4,0.77,Low,Other,0.46,0,0.6,BuddyProgram,0,Failed Exams,Engineering,2025-11-02T11:58:25Z,0.62,0.92,0.93,0.73,0.61,0.62,0.59,0.83,0.72,0.72,0.8,0.83,0.78,0.54,0.71,0.64,0.44,0.77,0.64,0.51,0.67,0.53,0.69,1.0,0.59,0.56,0.82,0.64,0.8,0.68,0.88,0.99
SL000161,Slovak Tech,Bangladesh,Slovakia,Male,20,A2,84.4,0.88,High,Married,0.17,0,0.6,None,1,Completed,Data Science,2025-11-02T11:58:26Z,0.72,0.57,0.48,0.84,0.88,0.8,0.78,0.53,0.56,0.7,0.68,0.78,0.66,0.75,0.9,0.59,0.79,0.53,0.66,0.62,0.85,0.89,0.83,0.92,0.82,0.87,0.83,0.88,0.5,0.72,0.69,0.6
SL000216,Slovak Tech,Latvia,Slovakia,Prefer not to say,24,B1,80.8,0.81,High,Single,0.15,0,0.1,None,0,Failed Exams,Computer Science,2025-11-02T11:58:26Z,0.67,0.71,0.91,0.58,0.82,0.72,0.76,0.67,0.53,0.8,0.89,0.64,0.69,0.75,0.91,0.74,0.79,0.8,0.94,0.67,0.69,0.67,0.59,0.7,0.78,0.79,0.91,0.75,0.71,0.66,0.55,1.0
IT000462,University of Messina,Slovakia,Italy,Male,18,B1,70.1,0.85,Low,Other,0.39,0,0.1,None,1,Completed,Logistics,2025-11-02T11:58:25Z,0.67,0.81,0.63,0.58,0.67,0.62,0.98,0.56,0.67,0.53,0.66,0.77,0.82,0.85,0.9,0.69,0.77,0.53,0.66,0.87,0.73,0.78,0.67,0.53,0.84,0.75,0.59,0.94,0.7,0.9,0.83,0.7
SL000417,Slovak Tech,Latvia,Slovakia,Prefer not to say,23,B2,66.2,0.87,Low,Other,0.24,1,0.1,None,0,Dropped Out,English Philology,2025-11-02T11:58:26Z,0.54,0.69,0.61,0.61,0.79,0.93,0.73,0.9,0.59,0.75,0.75,0.82,0.84,0.82,0.68,0.68,0.87,0.95,0.76,0.83,0.76,0.83,0.52,0.69,0.61,0.73,0.57,0.83,0.67,0.62,0.83,0.68
SL000365,Comenius University Bratislava,Ukraine,Slovakia,Prefer not to say,20,A2,70.1,0.86,High,Married,0.42,0,0.1,BuddyProgram,0,Transferred,Engineering,2025-11-02T11:58:26Z,0.83,0.81,0.67,0.69,0.71,0.79,0.75,0.69,0.68,0.9,0.74,0.67,0.66,0.61,1.0,0.79,0.53,0.76,0.68,0.78,0.73,0.79,0.79,0.72,0.69,0.81,0.85,0.53,1.0,0.66,0.81,0.67
SL000067,Comenius University Bratislava,Italy,Slovakia,Female,23,C2,61.1,0.76,High,Married,0.05,0,0.1,None,0,Transferred,Computer Science,2025-11-02T11:58:26Z,0.86,1.0,0.53,0.87,0.67,0.72,0.62,0.53,0.82,1.0,0.8,0.83,0.79,0.65,0.62,0.84,0.87,0.86,0.65,0.66,0.53,0.72,0.64,0.96,0.74,0.92,0.53,0.63,0.77,0.78,0.97,0.75
IT000356,Politecnico di Torino,Nigeria,Italy,Other,28,B2,82.5,0.95,High,Married,0.2,0,0.7,None,1,Completed,English Philology,2025-11-02T11:58:25Z,0.76,0.7,0.64,0.62,0.67,0.65,0.71,0.78,0.99,0.64,0.61,0.64,0.56,0.65,0.71,0.79,0.58,0.67,0.8,0.69,0.81,0.88,0.8,0.63,0.72,0.97,0.63,0.62,0.76,0.81,0.77,0.82
IT000091,Politecnico di Torino,Sri Lanka,Italy,Other,21,C1,83.4,0.83,High,Married,0.14,0,0.6,None,1,Completed,Logistics,2025-11-02T11:58:25Z,0.59,0.59,0.66,0.86,0.8,0.69,0.26,0.72,0.75,0.85,0.71,0.76,0.67,0.63,0.76,0.75,0.65,0.77,0.79,0.92,0.78,0.72,0.94,0.79,0.56,0.76,0.5,0.43,0.9,0.82,0.67,0.86
LA000521,Daugavpils University,Latvia,Latvia,Prefer not to say,19,A2,71.6,1.0,Low,Other,0.47,1,0.1,BuddyProgram,0,Left Country,Engineering,2025-11-02T11:58:25Z,0.68,0.67,0.57,0.67,0.86,0.72,0.71,0.64,0.73,0.81,0.64,0.38,0.62,1.0,0.8,0.84,0.96,0.79,0.93,0.87,0.53,0.8,0.75,0.92,0.6,0.71,0.85,0.65,0.93,0.95,0.8,0.59
IT000245,Politecnico di Torino,Slovakia,Italy,Other,19,B1,62.0,0.95,Medium,Married,0.15,0,0.1,None,0,Failed Exams,Psychology,2025-11-02T11:58:25Z,0.83,0.82,0.61,0.73,0.82,0.91,0.73,0.9,0.7,0.94,1.0,0.7,0.71,0.82,0.87,0.76,0.87,0.64,1.0,0.57,0.58,0.87,0.65,0.81,0.73,0.52,0.73,0.68,0.75,0.62,0.74,0.79
SL000023,Comenius University Bratislava,Slovakia,Slovakia,Prefer not to say,20,B2,70.0,0.9,High,Single,0.1,0,0.1,None,1,Completed,Engineering,2025-11-02T11:58:25Z,0.81,0.62,0.81,0.81,0.84,0.7,0.7,0.9,0.71,0.74,0.6,0.86,0.75,0.85,0.79,0.72,0.68,0.98,0.79,0.78,0.95,0.74,0.87,0.8,0.43,1.0,0.9,0.63,0.53,0.77,0.65,0.67
LA000434,TSI Riga,Sri Lanka,Latvia,Prefer not to say,19,C1,81.2,0.62,High,Married,0.05,0,0.6,Tutoring,1,Completed,English Philology,2025-11-02T11:58:25Z,0.77,0.62,0.53,0.93,0.78,0.57,0.97,0.55,0.8,1.0,0.68,0.81,1.0,0.49,0.71,0.77,0.68,0.71,0.7,0.63,0.41,0.56,0.73,0.81,0.54,0.5,0.85,0.65,0.8,0.51,0.49,0.53
IT000054,University of Messina,Bangladesh,Italy,Other,22,B2,64.0,0.97,High,Other,0.31,0,0.6,Counseling,1,Completed,Economics,2025-11-02T11:58:25Z,0.7,0.53,0.67,1.0,0.94,0.92,0.73,0.8,0.6,0.84,0.94,0.83,0.67,0.72,0.89,0.69,0.72,0.8,0.73,0.68,0.83,0.92,0.91,0.87,0.85,0.83,0.72,0.79,0.56,0.57,0.48,0.71
SL000282,Slovak Tech,Ukraine,Slovakia,Other,30,B1,71.7,0.8,Low,Single,0.16,1,0.1,BuddyProgram,0,Left Country,Logistics,2025-11-02T11:58:26Z,0.43,0.84,0.65,0.66,0.69,0.83,0.6,0.66,0.91,0.66,0.75,0.77,0.64,0.8,0.83,0.59,0.7,0.88,0.88,1.0,0.75,0.86,0.79,0.8,0.66,0.75,0.88,0.35,0.94,0.78,0.81,0.91
LA000344,TSI Riga,Ukraine,Latvia,Other,22,B2,86.7,0.85,Low,Single,0.64,0,0.1,Tutoring,1,Completed,English Philology,2025-11-02T11:58:25Z,0.75,0.65,0.66,0.87,0.62,0.46,0.72,0.56,0.75,0.76,0.86,0.83,0.74,0.79,0.76,0.76,0.41,0.61,0.43,0.54,0.52,0.55,0.62,0.41,0.81,0.58,0.91,0.45,0.73,0.7,0.86,0.76
SL000399,Slovak Tech,Latvia,Slovakia,Female,20,B2,62.4,0.89,Low,Other,0.49,0,0.1,None,1,Completed,Business,2025-11-02T11:58:26Z,0.83,0.79,0.8,0.73,0.33,0.7,0.72,0.74,0.83,0.72,0.75,0.92,0.78,0.69,0.64,0.74,0.71,0.98,0.84,0.79,0.86,0.79,0.6,0.7,0.64,0.75,0.84,0.77,0.75,0.72,0.73,0.6
IT000133,Politecnico di Torino,India,Italy,Other,23,B1,63.9,0.78,Medium,Single,0.51,0,0.6,None,1,Completed,Logistics,2025-11-02T11:58:25Z,0.95,0.73,0.73,0.61,0.8,0.73,0.89,0.64,0.8,0.62,0.64,0.85,0.78,0.61,0.79,0.71,0.8,0.81,0.63,0.8,0.93,0.9,0.86,0.65,0.7,0.62,0.7,0.72,0.73,0.62,0.88,0.75
SL000450,Slovak Tech,Brazil,Slovakia,Prefer not to say,20,A2,57.6,0.86,Medium,Married,0.58,0,0.5,BuddyProgram,0,Failed Exams,Logistics,2025-11-02T11:58:26Z,0.67,0.78,0.54,0.82,0.75,0.62,0.76,0.56,0.79,0.49,0.93,0.75,0.73,0.46,0.71,0.72,0.88,0.68,0.93,0.61,0.83,1.0,0.59,0.77,0.8,0.68,0.68,0.63,0.7,0.58,0.78,0.69
LA000368,TSI Riga,Pakistan,Latvia,Prefer not to say,20,A2,70.4,0.9,Low,Single,0.09,1,0.6,None,0,Dropped Out,Business,2025-11-02T11:58:25Z,0.76,0.59,0.76,0.84,0.66,0.8,0.58,0.52,0.66,0.83,0.77,0.5,0.86,1.0,0.63,0.69,0.67,0.77,0.74,0.94,0.92,0.71,0.82,0.64,0.81,0.9,0.83,0.76,0.78,0.68,0.8,0.47
IT000171,University of Messina,Slovakia,Italy,Other,25,A2,65.3,0.81,Low,Single,0.11,0,0.1,LanguageMentor,1,Completed,Logistics,2025-11-02T11:58:25Z,0.74,0.84,0.73,0.59,0.63,0.9,0.43,0.66,0.75,0.87,0.88,0.72,0.59,0.49,0.85,0.75,0.45,0.83,0.82,0.75,0.72,0.7,0.52,0.79,0.84,0.73,0.71,0.81,0.72,0.92,0.77,0.97
LA000035,TSI Riga,Vietnam,Latvia,Other,19,C2,67.7,0.73,Medium,Married,0.39,1,0.6,Counseling,0,Dropped Out,Economics,2025-11-02T11:58:25Z,0.71,0.76,0.78,0.72,0.68,0.64,0.56,0.88,1.0,0.78,0.92,0.81,0.57,0.66,0.9,0.8,0.65,0.66,0.78,0.7,0.74,0.52,0.86,0.94,0.71,0.4,0.76,0.81,0.8,0.96,0.59,0.63
SL000080,Comenius University Bratislava,Sri Lanka,Slovakia,Other,21,C1,73.2,0.88,High,Other,0.31,0,0.6,BuddyProgram,1,Completed,Engineering,2025-11-02T11:58:26Z,0.64,0.68,0.66,0.66,0.68,0.62,0.81,0.62,0.79,0.81,0.84,0.84,0.91,0.75,0.75,0.84,0.72,0.76,0.7,0.79,0.58,0.41,0.71,0.75,0.7,0.82,0.8,0.77,0.74,0.52,0.9,0.79
SL000188,Slovak Tech,Nigeria,Slovakia,Female,20,A2,73.3,0.94,Low,Other,0.19,0,0.7,Tutoring,1,Completed,English Philology,2025-11-02T11:58:26Z,0.86,0.72,0.72,0.68,0.75,0.67,0.75,0.67,0.7,0.68,0.77,0.8,0.75,0.65,0.69,0.67,0.86,0.74,0.67,0.7,0.72,0.67,0.61,0.66,0.64,0.58,0.8,0.7,0.75,0.82,0.75,0.63
IT000016,University of Messina,Nigeria,Italy,Other,25,C2,90.3,0.89,Low,Single,0.17,0,0.7,LanguageMentor,0,Failed Exams,Data Science,2025-11-02T11:58:25Z,0.51,0.61,0.88,0.86,0.56,0.84,0.73,0.74,0.69,0.8,0.95,0.73,0.73,0.79,0.69,0.58,0.61,0.91,0.65,0.76,0.61,0.8,0.7,0.57,0.73,0.82,0.72,0.75,0.42,0.62,0.76,0.61
LA000591,Daugavpils University,Pakistan,Latvia,Prefer not to say,28,A2,65.2,0.91,High,Married,0.32,0,0.6,BuddyProgram,1,Completed,Economics,2025-11-02T11:58:25Z,0.73,0.69,0.54,0.79,0.82,0.64,0.66,0.63,0.63,0.72,0.72,0.52,0.58,0.92,0.68,0.79,0.78,0.63,0.78,0.74,0.59,0.72,0.8,0.7,0.76,0.85,0.88,0.64,0.69,0.91,0.69,0.83
LA000301,Daugavpils University,USA,Latvia,Prefer not to say,23,B1,72.2,0.86,Low,Single,0.08,1,0.3,BuddyProgram,0,Dropped Out,English Philology,2025-11-02T11:58:25Z,0.8,0.64,0.72,0.83,0.54,0.6,0.76,0.84,0.53,0.84,0.77,0.88,0.71,0.59,0.86,0.63,0.5,0.8,0.65,0.77,0.68,0.65,0.64,0.73,1.0,0.75,0.82,0.91,0.71,0.75,0.58,0.84
IT000071,Politecnico di Torino,Slovakia,Italy,Prefer not to say,26,C2,83.5,0.86,Medium,Married,0.15,0,0.1,Tutoring,1,Completed,Logistics,2025-11-02T11:58:25Z,0.29,0.75,0.77,0.81,0.72,0.74,0.68,0.69,0.66,0.69,0.6,0.74,0.8,0.4,0.69,0.82,0.68,0.73,0.69,0.76,0.74,0.76,0.72,0.8,0.84,0.48,0.63,0.72,0.83,0.74,0.83,0.67
IT000400,Politecnico di Torino,Vietnam,Italy,Female,21,B1,72.1,0.9,High,Married,0.33,0,0.6,Tutoring,1,Completed,Economics,2025-11-02T11:58:25Z,0.69,0.68,0.93,0.64,0.73,0.8,0.63,0.71,0.66,1.0,0.81,1.0,0.96,0.89,0.84,0.76,0.61,0.35,0.99,0.75,0.83,0.71,0.71,0.87,0.81,0.67,0.65,0.74,0.89,0.68,0.71,0.48
IT000294,Politecnico di Torino,Italy,Italy,Female,21,B2,71.8,0.91,High,Other,0.53,0,0.1,Tutoring,1,Completed,Economics,2025-11-02T11:58:25Z,0.68,0.49,0.73,0.82,0.94,0.97,0.83,0.69,0.71,0.89,0.59,0.63,0.71,0.74,0.73,0.59,0.84,0.5,0.86,1.0,0.87,0.64,0.56,0.68,0.86,0.64,0.47,0.56,0.83,0.75,0.83,0.54
IT000108,University of Messina,India,Italy,Female,25,B2,47.2,0.92,Medium,Single,0.51,0,0.6,None,1,Completed,English Philology,2025-11-02T11:58:25Z,0.7,0.65,0.69,0.61,0.7,0.98,0.84,0.61,0.79,0.81,0.92,0.77,0.81,0.84,0.91,0.51,0.84,0.58,0.66,0.64,0.65,0.68,0.71,0.64,0.81,0.83,0.64,0.83,0.8,0.61,0.8,0.83
SL000461,Comenius University Bratislava,Italy,Slovakia,Female,24,C1,91.2,0.92,Low,Single,0.13,0,0.1,BuddyProgram,1,Completed,English Philology,2025-11-02T11:58:26Z,0.97,0.59,0.74,0.92,0.69,0.51,0.61,0.69,0.43,0.8,0.82,0.86,0.79,0.53,0.98,1.0,0.65,1.0,0.55,0.69,0.81,0.63,0.81,0.83,0.93,0.8,0.65,0.8,0.97,0.71,0.91,0.73
LA000174,Daugavpils University,Slovakia,Latvia,Other,25,A2,72.8,1.0,High,Other,0.15,0,0.1,Tutoring,1,Completed,Psychology,2025-11-02T11:58:25Z,0.58,0.79,0.88,0.73,0.6,0.43,0.55,0.69,0.46,0.99,0.63,0.78,0.84,0.38,0.94,0.93,0.79,0.87,0.69,0.74,0.78,0.82,0.54,0.71,0.53,0.69,0.61,0.82,0.65,0.6,0.81,0.69
IT000353,Politecnico di Torino,Sri Lanka,Italy,Other,23,C1,80.3,0.92,Low,Other,0.23,1,0.6,BuddyProgram,0,Left Country,English Philology,2025-11-02T11:58:25Z,0.81,0.84,0.91,0.53,0.93,0.76,0.64,0.87,0.91,0.77,0.7,0.93,0.56,0.7,0.52,0.76,0.68,0.84,0.9,0.66,0.52,0.83,0.83,0.81,0.8,0.68,0.71,0.78,0.76,0.57,1.0,0.88
LA000139,TSI Riga,Italy,Latvia,Female,22,C1,60.0,0.87,High,Single,0.36,0,0.1,None,1,Completed,Engineering,2025-11-02T11:58:25Z,0.8,0.8,0.76,0.58,0.86,0.6,0.76,0.76,0.68,0.8,0.87,0.61,0.65,0.61,0.74,0.71,0.7,0.74,0.55,0.73,0.58,0.93,0.78,0.81,0.62,0.83,0.66,0.68,0.55,0.71,0.78,0.87
SL000422,Slovak Tech,Ukraine,Slovakia,Female,25,C1,72.4,0.96,High,Other,0.49,0,0.1,Tutoring,0,Transferred,Computer Science,2025-11-02T11:58:26Z,0.87,0.69,0.76,0.82,0.63,0.71,0.75,0.72,0.74,0.89,0.64,0.79,0.84,0.62,0.86,0.82,1.0,0.77,0.84,0.84,0.6,0.65,0.97,0.73,0.81,0.61,0.74,0.73,0.69,0.67,0.65,0.61
SL000017,Slovak Tech,Pakistan,Slovakia,Male,24,B2,80.7,0.89,High,Other,0.05,0,0.6,None,1,Completed,English Philology,2025-11-02T11:58:25Z,0.64,0.9,0.77,0.85,0.93,0.69,0.55,0.43,0.73,0.74,1.0,0.83,0.78,0.72,0.66,0.7,0.83,0.67,0.65,0.6,0.68,0.54,0.8,0.82,0.88,0.59,0.65,0.94,0.77,0.79,0.87,0.55
LA000286,TSI Riga,Brazil,Latvia,Male,22,B1,66.6,0.88,High,Married,0.34,1,0.5,Counseling,0,Dropped Out,Data Science,2025-11-02T11:58:25Z,0.85,0.63,0.68,0.82,0.72,0.86,1.0,0.71,0.76,0.96,0.95,1.0,0.74,0.88,0.67,0.98,0.86,0.63,0.67,0.61,0.62,0.8,0.81,0.65,0.66,0.75,0.73,0.74,0.39,0.73,0.78,0.94
SL000303,Comenius University Bratislava,Vietnam,Slovakia,Prefer not to say,23,B2,64.9,1.0,Low,Single,0.29,0,0.6,BuddyProgram,1,Completed,Economics,2025-11-02T11:58:26Z,0.88,0.59,0.54,0.7,0.7,0.66,0.67,0.76,0.61,0.95,0.58,0.86,0.46,0.77,0.8,0.91,0.73,0.65,0.47,0.87,0.62,0.69,0.68,0.73,0.78,0.55,0.66,0.63,0.42,0.87,0.64,0.83
IT000191,Politecnico di Torino,Brazil,Italy,Other,25,A2,77.1,0.89,Low,Other,0.56,0,0.5,Tutoring,1,Completed,Engineering,2025-11-02T11:58:25Z,0.88,0.61,0.75,0.99,0.77,0.95,0.87,0.85,0.61,0.58,0.75,0.85,0.9,0.64,0.73,0.75,0.67,0.84,0.78,0.68,0.89,0.99,0.65,0.78,0.78,0.72,0.76,0.68,0.75,0.73,0.82,0.58
LA000572,TSI Riga,Sri Lanka,Latvia,Female,26,A2,73.0,0.9,Low,Other,0.36,1,0.6,BuddyProgram,0,Left Country,Engineering,2025-11-02T11:58:25Z,0.6,0.66,0.74,0.65,0.69,0.72,0.85,0.56,0.8,0.55,0.69,0.77,0.64,0.63,0.55,0.75,0.83,0.83,0.75,0.61,0.82,0.67,0.64,0.91,0.9,0.61,0.7,0.68,0.73,0.79,0.77,0.66
SL000122,Comenius University Bratislava,Brazil,Slovakia,Other,24,B2,73.8,0.92,Low,Single,0.67,0,0.5,Tutoring,1,Ongoing,Business,2025-11-02T11:58:26Z,0.68,0.48,0.66,0.72,0.75,0.88,0.96,0.56,0.7,0.66,0.49,0.74,0.62,0.53,0.69,0.55,0.67,0.7,0.59,0.58,0.56,0.4,0.69,0.4,0.53,0.67,0.93,0.87,0.8,0.78,0.65,0.83
IT000514,University of Messina,Nigeria,Italy,Other,24,C2,63.1,0.88,Medium,Single,0.19,0,0.7,Tutoring,1,Ongoing,Logistics,2025-11-02T11:58:25Z,0.57,0.63,0.86,0.79,0.69,0.97,0.41,0.66,0.76,0.78,1.0,0.69,0.64,0.66,0.69,0.82,0.84,0.58,0.93,0.75,0.83,0.65,0.84,0.73,0.96,0.45,0.84,0.83,0.71,0.78,0.84,0.72
LA000072,Daugavpils University,Italy,Latvia,Other,19,B2,72.2,0.9,High,Single,0.24,0,0.1,BuddyProgram,0,Transferred,Engineering,2025-11-02T11:58:25Z,0.84,0.71,0.85,0.65,0.6,0.98,0.87,0.8,0.72,0.42,0.73,0.61,0.68,0.55,0.72,0.86,0.58,0.78,0.86,0.34,0.7,0.87,0.78,0.73,0.65,0.76,0.68,0.65,0.69,0.65,0.83,0.65
IT000255,University of Messina,Nigeria,Italy,Female,20,C2,85.5,0.91,Medium,Married,0.39,0,0.7,LanguageMentor,1,Completed,Data Science,2025-11-02T11:58:25Z,0.94,0.82,0.93,0.69,0.72,0.54,0.58,0.8,0.88,0.49,0.76,0.64,0.58,0.78,0.75,0.68,0.43,0.78,0.81,0.52,0.48,0.66,0.54,0.87,0.76,0.67,0.79,0.6,0.66,0.87,0.76,0.91
SL000064,Comenius University Bratislava,Sri Lanka,Slovakia,Male,21,B2,77.9,0.9,Low,Other,0.24,0,0.6,None,1,Completed,Computer Science,2025-11-02T11:58:26Z,0.68,0.52,0.88,0.58,0.67,1.0,0.67,0.79,0.45,0.95,0.78,0.7,0.66,0.73,0.74,1.0,0.64,0.66,0.66,0.92,0.76,1.0,0.67,0.71,0.99,0.65,0.83,0.59,0.66,0.65,0.72,0.95
LA000208,Daugavpils University,India,Latvia,Prefer not to say,23,C1,92.0,0.83,Medium,Married,0.18,0,0.6,BuddyProgram,1,Completed,Business,2025-11-02T11:58:25Z,0.75,0.88,0.86,0.84,0.62,0.75,0.69,0.73,0.73,0.64,0.73,0.81,0.71,0.87,0.64,0.91,0.74,0.9,0.61,0.46,0.86,0.71,0.58,0.5,1.0,0.75,0.6,0.72,0.79,0.88,0.76,0.55
IT000200,University of Messina,USA,Italy,Other,30,C1,79.2,0.79,Medium,Other,0.35,0,0.3,LanguageMentor,1,Completed,Data Science,2025-11-02T11:58:25Z,0.78,0.71,0.89,0.91,0.89,0.57,0.73,0.87,0.7,0.69,0.75,1.0,0.73,1.0,0.6,0.74,0.93,0.78,0.79,0.7,0.82,0.95,0.64,0.61,0.63,0.8,0.92,0.87,0.54,0.88,0.76,0.64
IT000074,Politecnico di Torino,Pakistan,Italy,Prefer not to say,25,B2,69.2,0.96,High,Single,0.22,0,0.6,LanguageMentor,1,Completed,Logistics,2025-11-02T11:58:25Z,0.71,0.89,0.66,0.68,0.72,0.65,0.76,0.66,0.75,0.68,0.63,0.71,0.67,0.76,0.65,0.7,0.68,0.74,0.68,0.53,0.76,0.79,0.72,0.54,0.87,0.73,0.64,0.8,0.63,0.6,0.47,0.67
LA000484,TSI Riga,Pakistan,Latvia,Other,25,B2,79.4,0.81,Medium,Married,0.25,0,0.6,BuddyProgram,0,Failed Exams,Engineering,2025-11-02T11:58:25Z,0.68,0.67,0.81,0.76,0.52,0.92,0.42,0.5,0.74,0.66,0.44,0.58,0.83,0.84,0.9,0.72,0.88,0.83,0.6,0.79,0.61,0.3,0.73,0.71,0.75,0.71,0.81,0.69,0.76,0.68,0.86,0.54
SL000375,Comenius University Bratislava,Latvia,Slovakia,Prefer not to say,20,C1,69.1,0.84,Medium,Single,0.62,1,0.1,BuddyProgram,0,Dropped Out,Economics,2025-11-02T11:58:26Z,0.9,0.59,0.49,0.84,0.66,0.62,0.58,0.89,0.54,0.47,0.6,0.87,0.57,0.52,0.62,0.71,0.44,0.72,0.57,0.45,0.55,0.46,0.37,0.51,0.61,0.8,0.74,0.82,0.75,0.69,0.74,0.49
SL000478,Slovak Tech,Nigeria,Slovakia,Female,21,C1,73.9,0.81,Medium,Other,0.34,0,0.7,Tutoring,1,Completed,Logistics,2025-11-02T11:58:26Z,0.61,0.76,0.5,0.55,0.9,0.45,0.67,0.8,0.74,0.8,0.71,0.69,0.66,0.76,0.46,0.64,0.85,0.8,0.72,0.54,0.58,0.67,0.69,0.65,0.61,0.81,0.77,0.99,0.73,0.82,0.96,0.98
IT000080,Politecnico di Torino,Slovakia,Italy,Prefer not to say,26,A2,77.3,0.82,Medium,Other,0.57,1,0.1,None,0,Dropped Out,Engineering,2025-11-02T11:58:25Z,0.67,0.8,0.71,0.73,0.87,0.78,0.46,0.77,0.75,0.84,0.56,0.87,0.84,0.85,0.64,0.78,0.79,0.63,0.93,0.65,0.77,0.7,0.8,0.77,0.79,0.73,0.58,0.65,0.72,0.63,0.63,0.58
IT000220,Politecnico di Torino,Sri Lanka,Italy,Other,24,B2,76.6,0.83,High,Other,0.52,0,0.6,LanguageMentor,1,Completed,Business,2025-11-02T11:58:25Z,0.65,0.83,0.68,0.63,0.73,0.64,0.64,0.71,0.65,0.77,0.94,0.67,0.61,0.64,0.75,0.73,0.77,0.76,0.57,0.89,1.0,0.77,0.68,0.74,0.69,0.83,0.88,0.58,0.69,1.0,0.67,0.78
IT000111,Politecnico di Torino,Pakistan,Italy,Female,22,A2,88.2,0.93,High,Other,0.61,0,0.6,None,1,Completed,Data Science,2025-11-02T11:58:25Z,0.66,0.69,0.69,0.76,0.83,0.53,0.61,0.67,0.74,0.62,0.54,0.93,0.62,0.49,0.54,0.64,0.64,0.58,0.36,0.38,0.34,0.52,0.61,0.62,0.61,0.81,0.55,0.97,0.83,0.79,0.63,0.62
LA000241,TSI Riga,Sri Lanka,Latvia,Other,22,B1,71.6,0.86,Medium,Single,0.61,1,0.6,LanguageMentor,0,Dropped Out,English Philology,2025-11-02T11:58:25Z,1.0,0.68,0.67,1.0,0.72,0.92,0.7,0.76,0.61,0.72,0.74,0.7,0.88,0.64,0.69,0.62,0.44,0.62,0.83,0.39,0.48,0.45,0.4,0.36,0.7,0.56,0.76,0.72,0.69,0.55,0.82,0.85
LA000283,Daugavpils University,Bangladesh,Latvia,Female,25,A2,68.3,0.88,Medium,Other,0.32,1,0.6,LanguageMentor,0,Dropped Out,English Philology,2025-11-02T11:58:25Z,0.83,0.73,0.59,0.4,0.61,0.68,0.68,0.79,1.0,0.63,0.87,0.78,0.93,0.77,0.73,0.61,0.74,0.56,0.68,0.84,0.77,0.52,0.64,0.75,0.72,0.59,0.79,0.72,0.76,0.8,0.78,0.67
IT000018,University of Messina,Vietnam,Italy,Prefer not to say,23,C2,52.9,0.95,High,Single,0.12,0,0.6,None,0,Transferred,Business,2025-11-02T11:58:25Z,0.59,0.76,0.87,0.66,0.73,0.67,0.59,0.48,0.9,0.84,0.83,0.68,0.76,0.66,0.62,0.7,0.68,0.76,0.78,0.58,0.86,0.9,0.81,0.96,0.92,0.51,0.86,0.66,0.68,0.93,0.84,0.55
SL000257,Comenius University Bratislava,Ukraine,Slovakia,Male,22,B2,67.2,0.81,High,Other,0.28,1,0.1,Tutoring,0,Left Country,Data Science,2025-11-02T11:58:26Z,0.71,0.88,0.77,0.65,0.78,0.92,0.59,0.77,0.47,0.6,0.68,0.55,0.7,0.81,0.85,0.78,0.63,0.69,0.75,0.79,0.7,0.62,0.42,0.42,0.59,0.71,0.8,0.8,0.89,0.77,0.68,0.62
LA000507,Daugavpils University,Slovakia,Latvia,Female,18,C1,76.4,0.8,Medium,Married,0.35,0,0.1,None,1,Completed,Engineering,2025-11-02T11:58:25Z,0.76,0.81,0.62,0.62,0.78,0.96,0.93,0.69,0.56,0.58,0.35,0.64,0.8,0.73,0.56,0.74,0.88,0.51,0.48,0.71,0.71,0.79,0.67,0.89,0.82,0.73,0.8,0.77,0.57,0.78,0.8,0.77
SL000456,Slovak Tech,Pakistan,Slovakia,Male,21,B1,73.7,0.99,Medium,Other,0.31,0,0.6,Tutoring,1,Completed,Economics,2025-11-02T11:58:26Z,0.83,0.64,0.57,0.73,0.78,0.75,0.59,0.79,0.67,0.65,0.83,0.7,0.67,0.84,0.74,1.0,0.88,0.57,0.8,0.81,0.86,0.75,0.78,0.85,0.67,0.71,0.88,0.7,0.68,0.85,0.49,0.45
LA000099,TSI Riga,USA,Latvia,Other,23,B1,74.1,1.0,Medium,Married,0.17,0,0.3,BuddyProgram,1,Ongoing,Logistics,2025-11-02T11:58:25Z,0.5,0.72,0.61,0.59,0.67,0.66,0.72,0.92,0.66,0.59,0.79,0.7,0.75,0.66,0.73,0.59,0.9,0.62,0.81,0.6,0.74,0.73,0.67,0.68,0.8,0.77,0.58,0.64,0.74,0.64,0.52,0.69
IT000101,Politecnico di Torino,Spain,Italy,Female,28,C2,68.8,0.84,High,Other,0.1,0,0.1,BuddyProgram,1,Completed,Data Science,2025-11-02T11:58:25Z,0.89,0.72,0.68,0.6,0.78,0.56,0.6,0.9,0.67,0.58,0.75,0.77,0.73,0.69,0.7,0.82,0.84,0.89,0.66,0.78,0.55,0.89,0.49,0.72,0.9,0.81,0.77,0.86,1.0,0.83,0.82,0.77
SL000092,Slovak Tech,USA,Slovakia,Male,27,C2,75.3,0.82,Low,Single,0.08,0,0.3,None,0,Failed Exams,English Philology,2025-11-02T11:58:26Z,0.52,0.79,0.76,0.75,0.95,0.74,0.82,0.62,0.77,0.81,0.51,0.45,0.67,0.81,0.89,0.55,0.68,0.87,0.64,0.66,0.63,0.62,0.65,0.66,0.58,0.52,0.8,0.67,0.57,0.8,0.46,0.71
SL000500,Comenius University Bratislava,Pakistan,Slovakia,Other,20,C2,65.9,0.89,Medium,Other,0.56,0,0.6,BuddyProgram,1,Completed,English Philology,2025-11-02T11:58:26Z,0.9,0.72,0.61,0.7,0.66,0.74,0.86,0.62,0.68,0.75,0.55,0.78,1.0,0.9,0.91,0.81,0.77,0.71,0.71,0.6,0.77,0.63,0.56,0.71,0.89,0.73,0.75,0.71,0.74,0.78,0.73,0.84
LA000469,Daugavpils University,Spain,Latvia,Other,21,A2,75.1,0.95,Medium,Single,0.39,0,0.1,Tutoring,1,Completed,Psychology,2025-11-02T11:58:25Z,0.58,0.72,0.48,0.69,0.52,0.97,0.8,0.96,0.94,0.71,0.8,0.75,0.79,0.78,0.93,0.75,0.62,0.78,0.55,0.86,0.86,0.57,0.65,0.77,0.5,0.54,0.48,0.83,0.71,0.83,0.84,0.9
SL000395,Slovak Tech,Vietnam,Slovakia,Prefer not to say,19,B1,79.7,0.98,Low,Single,0.36,0,0.6,LanguageMentor,1,Completed,Computer Science,2025-11-02T11:58:26Z,0.61,0.6,0.68,0.71,0.72,0.63,0.69,0.65,0.61,0.78,0.74,0.92,0.69,0.8,0.78,0.72,0.63,0.77,0.74,0.78,0.42,0.85,0.74,0.81,0.82,0.86,0.78,0.65,0.99,0.48,0.63,0.84
SL000298,Slovak Tech,Nigeria,Slovakia,Prefer not to say,23,B2,71.6,0.9,Low,Other,0.26,0,0.7,LanguageMentor,0,Transferred,Psychology,2025-11-02T11:58:26Z,0.67,0.82,0.76,0.83,0.84,0.8,0.55,0.58,0.93,0.61,0.86,0.65,0.52,0.69,1.0,0.45,0.65,1.0,0.91,0.91,0.53,0.61,0.64,0.87,0.51,0.83,0.84,0.77,1.0,0.68,0.68,0.61
SL000001,Slovak Tech,Sri Lanka,Slovakia,Male,25,B1,76.4,0.8,Medium,Married,0.1,0,0.6,BuddyProgram,0,Failed Exams,English Philology,2025-11-02T11:58:25Z,0.69,0.81,0.84,0.56,0.74,0.93,0.61,0.53,0.6,0.66,0.79,0.62,0.76,0.44,0.72,0.72,0.78,0.77,0.86,0.82,0.6,0.72,0.64,0.78,0.98,1.0,0.65,0.7,0.64,0.79,0.88,0.7
LA000009,Daugavpils University,India,Latvia,Male,20,C2,74.7,0.99,Low,Single,0.22,0,0.6,BuddyProgram,1,Completed,Data Science,2025-11-02T11:58:25Z,0.7,0.65,0.91,0.87,0.7,0.62,0.54,0.7,0.7,0.87,0.63,0.52,0.84,0.81,0.76,0.78,0.63,0.74,0.52,0.78,0.65,0.81,0.75,0.8,0.92,0.74,0.86,0.66,0.49,0.67,0.81,0.73
SL000497,Slovak Tech,Brazil,Slovakia,Other,27,C2,59.0,0.85,Medium,Other,0.46,1,0.5,None,0,Administrative Withdrawal,Computer Science,2025-11-02T11:58:26Z,0.64,0.75,0.83,0.87,0.77,0.72,0.73,0.73,0.6,0.77,0.72,0.51,0.86,0.68,0.83,0.97,0.75,0.83,0.75,0.59,0.71,0.86,0.83,0.99,0.9,0.8,0.76,0.81,0.76,0.68,0.95,0.8
LA000273,Daugavpils University,USA,Latvia,Female,28,B2,84.0,0.9,Low,Other,0.46,0,0.3,LanguageMentor,1,Completed,Computer Science,2025-11-02T11:58:25Z,0.86,0.79,0.63,0.96,0.55,0.69,0.73,0.7,0.84,0.61,0.81,0.44,0.61,0.7,0.78,0.69,0.88,0.79,0.96,0.95,0.74,0.66,0.97,0.61,0.64,0.69,0.65,0.74,0.58,0.98,0.71,0.69
LA000005,Daugavpils University,Italy,Latvia,Other,24,C1,74.4,0.79,High,Married,0.28,0,0.1,LanguageMentor,1,Completed,English Philology,2025-11-02T11:58:25Z,0.57,0.8,0.64,0.63,0.74,1.0,0.7,0.62,0.74,0.57,0.71,0.71,0.74,0.72,0.79,0.69,0.56,0.72,0.72,0.6,0.68,0.36,0.57,0.61,0.81,0.75,0.47,0.6,0.6,0.61,0.86,0.83
IT000183,University of Messina,Spain,Italy,Male,20,B2,76.9,0.96,Low,Single,0.11,0,0.1,Tutoring,1,Completed,Logistics,2025-11-02T11:58:25Z,0.59,0.83,0.81,0.7,0.87,0.74,0.62,0.43,0.93,0.81,0.59,0.72,0.7,0.56,0.65,1.0,0.67,0.51,0.84,0.73,0.9,0.93,0.43,0.73,0.48,0.81,0.68,0.92,0.73,0.56,0.7,0.85
IT000420,Politecnico di Torino,Brazil,Italy,Female,24,C2,59.9,0.92,Medium,Single,0.11,0,0.5,None,1,Completed,Business,2025-11-02T11:58:25Z,0.89,0.5,0.77,0.58,0.75,0.98,0.62,0.98,0.57,0.83,0.64,0.7,0.74,0.66,0.76,0.64,0.82,0.73,0.66,0.52,0.67,0.59,0.76,0.65,0.95,0.74,0.96,0.87,0.81,0.77,0.89,0.94
LA000199,Daugavpils University,India,Latvia,Female,21,B1,68.9,0.95,Low,Single,0.49,0,0.6,None,0,Transferred,Engineering,2025-11-02T11:58:25Z,0.74,0.91,0.6,0.57,0.43,0.6,0.76,0.8,0.69,0.92,0.75,0.52,0.64,0.64,0.68,0.89,0.72,0.88,0.86,0.76,0.78,0.84,0.66,0.77,0.73,0.79,0.54,0.78,0.76,0.7,0.74,0.74
LA000355,TSI Riga,Vietnam,Latvia,Prefer not to say,20,C2,78.2,0.89,Low,Single,0.13,0,0.6,Tutoring,1,Completed,Business,2025-11-02T11:58:25Z,0.61,0.94,0.55,0.5,0.91,0.8,0.79,0.72,0.77,0.76,0.78,0.83,0.76,1.0,1.0,0.77,0.73,0.75,0.56,0.83,0.84,0.79,0.91,0.6,0.72,0.78,0.69,0.76,0.73,0.69,0.67,0.66
IT000105,University of Messina,Sri Lanka,Italy,Prefer not to say,29,B1,80.9,0.96,Medium,Other,0.46,0,0.6,None,1,Completed,Engineering,2025-11-02T11:58:25Z,0.84,0.78,0.84,0.78,0.87,0.72,0.51,0.74,0.7,0.74,0.56,0.85,0.51,0.72,0.81,0.69,0.67,0.59,0.77,0.72,0.74,0.92,0.61,0.95,0.84,0.92,0.62,0.85,1.0,0.81,0.66,0.73
SL000462,Slovak Tech,Slovakia,Slovakia,Male,19,C2,80.6,0.88,Low,Other,0.35,0,0.1,LanguageMentor,1,Completed,Logistics,2025-11-02T11:58:26Z,0.67,0.69,0.81,0.71,0.85,0.65,0.77,0.59,0.72,0.73,0.82,0.84,0.61,0.76,0.84,0.62,0.8,0.85,0.85,0.79,0.53,0.74,0.73,0.64,0.74,0.73,0.72,0.45,0.89,0.76,0.54,0.81
SL000269,Slovak Tech,India,Slovakia,Prefer not to say,24,B2,91.4,0.99,Low,Other,0.17,0,0.6,Tutoring,1,Completed,Economics,2025-11-02T11:58:26Z,0.76,0.7,0.95,0.65,0.4,0.72,0.68,0.71,0.76,0.86,0.78,0.67,0.94,0.51,0.73,0.75,0.66,0.59,0.82,0.87,0.81,0.64,0.91,0.79,0.74,0.77,0.55,0.86,0.75,0.51,0.73,0.73
SL000026,Comenius University Bratislava,Sri Lanka,Slovakia,Female,21,A2,66.8,1.0,Low,Single,0.5,0,0.6,LanguageMentor,0,Failed Exams,Computer Science,2025-11-02T11:58:25Z,0.8,0.76,0.92,0.62,0.84,0.83,0.57,0.8,0.71,0.91,0.88,0.76,0.57,0.71,0.7,0.54,0.74,0.62,0.47,0.79,0.52,0.7,0.65,0.73,0.61,0.83,0.68,0.65,0.71,0.85,0.88,0.68
IT000384,Politecnico di Torino,Sri Lanka,Italy,Other,22,C1,86.6,1.0,High,Other,0.13,0,0.6,None,1,Completed,Computer Science,2025-11-02T11:58:25Z,0.75,0.76,0.69,0.91,0.72,0.79,0.46,0.64,0.53,0.77,0.77,0.72,0.62,0.83,1.0,0.52,0.67,0.73,0.74,0.86,0.73,0.58,0.76,0.65,0.48,0.61,0.76,0.62,0.59,0.66,0.88,0.77
IT000098,Politecnico di Torino,Sri Lanka,Italy,Prefer not to say,24,C1,86.3,0.86,High,Other,0.19,0,0.6,Tutoring,1,Completed,Economics,2025-11-02T11:58:25Z,0.67,0.82,0.53,0.72,0.66,0.86,0.67,0.7,0.72,0.74,1.0,0.65,0.78,0.82,0.85,0.58,0.92,0.81,0.75,0.91,0.71,0.76,1.0,0.88,0.86,0.56,0.83,0.85,0.51,0.74,0.7,0.82
LA000372,TSI Riga,Bangladesh,Latvia,Male,23,B2,48.9,0.84,Low,Single,0.11,0,0.6,BuddyProgram,1,Completed,Logistics,2025-11-02T11:58:25Z,0.9,0.49,0.75,1.0,0.7,0.87,0.5,0.59,0.6,0.88,0.74,0.73,0.79,0.87,0.67,0.83,0.63,0.86,0.61,0.72,0.73,0.73,0.6,0.79,0.59,0.75,0.52,0.77,0.69,0.67,0.81,0.73
SL000344,Comenius University Bratislava,Bangladesh,Slovakia,Male,27,B1,61.4,0.99,Medium,Single,0.19,0,0.6,None,1,Completed,Economics,2025-11-02T11:58:26Z,0.79,0.56,0.78,1.0,0.92,0.56,0.68,0.67,0.47,0.68,0.76,0.67,0.68,0.74,0.88,0.86,0.59,0.72,0.65,0.84,0.72,0.58,0.81,0.92,0.96,0.77,0.87,0.52,0.73,0.62,0.86,0.72
IT000396,Politecnico di Torino,Vietnam,Italy,Female,19,A2,74.0,0.99,Low,Married,0.08,0,0.6,Tutoring,1,Ongoing,Logistics,2025-11-02T11:58:25Z,0.53,0.72,0.73,0.81,0.55,0.75,0.9,0.78,1.0,0.85,0.92,0.86,0.69,0.47,0.63,0.66,0.93,0.59,0.5,0.91,0.62,1.0,0.77,0.44,0.52,0.67,0.8,0.73,0.61,0.76,0.69,0.56
LA000422,TSI Riga,Italy,Latvia,Male,24,A2,67.7,1.0,High,Married,0.39,1,0.1,Tutoring,0,Left Country,Business,2025-11-02T11:58:25Z,0.86,0.79,0.64,0.64,0.69,0.61,0.64,0.65,0.49,0.95,0.72,0.81,0.53,0.97,0.61,0.69,0.8,0.45,0.63,0.75,0.55,0.63,0.61,0.7,0.53,0.76,0.78,0.7,0.85,0.77,0.76,0.71
IT000442,University of Messina,USA,Italy,Other,21,C1,66.5,1.0,Medium,Other,0.3,0,0.3,Tutoring,1,Completed,Data Science,2025-11-02T11:58:25Z,0.72,0.79,0.51,0.86,0.78,0.62,0.71,0.67,0.71,0.76,0.81,0.92,0.78,0.77,0.7,0.65,0.88,0.78,0.82,0.92,0.64,0.59,0.44,0.71,0.56,0.92,0.6,0.74,0.87,0.75,0.75,0.64
IT000534,Politecnico di Torino,Latvia,Italy,Other,18,B2,77.2,0.83,Medium,Married,0.15,0,0.1,None,1,Completed,English Philology,2025-11-02T11:58:25Z,0.43,0.55,0.58,0.74,0.64,0.7,0.75,0.6,0.67,0.64,0.75,0.93,0.93,0.64,0.84,0.61,0.59,0.74,0.82,0.5,0.69,0.82,0.65,0.8,0.78,0.67,0.73,0.89,0.55,0.82,0.88,0.67
IT000433,University of Messina,Brazil,Italy,Male,20,A2,62.3,1.0,Medium,Married,0.28,0,0.5,LanguageMentor,1,Completed,Logistics,2025-11-02T11:58:25Z,0.88,0.6,0.8,0.81,0.96,0.7,0.67,0.73,0.58,0.78,0.66,0.73,0.86,0.62,0.93,0.99,0.81,1.0,0.76,0.75,0.52,0.91,0.7,0.74,0.64,0.62,0.68,0.81,0.46,0.95,1.0,0.61
LA000574,TSI Riga,Bangladesh,Latvia,Male,22,B2,81.8,0.87,Medium,Other,0.3,0,0.6,None,1,Completed,Psychology,2025-11-02T11:58:25Z,0.68,0.72,0.74,0.71,1.0,0.86,0.86,0.95,0.47,0.69,0.69,0.56,0.94,1.0,0.79,0.72,0.71,0.66,0.92,0.66,0.83,0.66,1.0,0.63,0.77,0.69,0.85,0.82,0.77,1.0,0.77,0.91
IT000038,University of Messina,USA,Italy,Prefer not to say,23,B1,72.0,0.93,High,Single,0.12,0,0.3,Tutoring,1,Completed,Data Science,2025-11-02T11:58:25Z,0.73,0.62,0.88,0.67,0.77,0.79,0.71,0.79,0.83,0.63,0.82,0.85,0.82,0.72,0.79,0.84,0.65,0.98,1.0,0.53,0.7,0.83,0.82,0.77,0.89,0.69,0.77,0.75,0.6,0.91,0.97,0.55
SL000376,Comenius University Bratislava,Bangladesh,Slovakia,Prefer not to say,22,B1,79.6,0.84,Medium,Other,0.35,1,0.6,Tutoring,0,Dropped Out,Data Science,2025-11-02T11:58:26Z,1.0,0.75,0.54,0.67,0.55,0.73,0.81,0.58,0.46,0.79,0.81,0.77,0.51,0.82,0.61,0.68,0.57,0.83,0.84,0.78,0.8,0.82,0.78,0.83,0.5,0.86,0.78,0.69,0.62,0.73,0.75,0.87
LA000285,TSI Riga,Slovakia,Latvia,Prefer not to say,23,B2,70.3,0.91,Medium,Other,0.42,1,0.1,None,0,Dropped Out,Computer Science,2025-11-02T11:58:25Z,0.65,0.67,0.65,0.75,0.72,0.64,0.62,0.9,0.64,0.43,0.65,0.89,0.69,0.77,0.65,0.72,0.54,0.81,0.57,0.45,0.7,0.7,0.77,0.74,0.9,0.61,0.79,0.69,0.55,0.96,0.89,0.62
SL000187,Slovak Tech,Sri Lanka,Slovakia,Other,24,B1,67.5,0.9,Medium,Single,0.12,0,0.6,BuddyProgram,0,Failed Exams,Economics,2025-11-02T11:58:26Z,0.85,0.79,0.63,0.57,0.76,0.91,0.86,0.78,0.72,0.72,0.85,0.84,0.61,0.81,0.65,0.72,0.68,0.94,0.71,0.71,0.8,0.68,0.84,0.88,0.63,0.96,0.72,1.0,0.81,0.57,0.65,0.85
LA000587,Daugavpils University,Vietnam,Latvia,Other,22,C2,73.8,0.98,High,Married,0.18,1,0.6,LanguageMentor,0,Dropped Out,Psychology,2025-11-02T11:58:25Z,0.77,0.97,0.81,0.68,0.76,0.58,0.63,0.78,0.79,0.71,0.77,0.83,0.92,0.76,0.79,0.94,0.66,0.84,0.53,0.82,0.57,0.61,0.59,0.74,0.8,0.82,0.76,0.61,0.88,0.76,0.69,0.7
IT000316,University of Messina,Spain,Italy,Male,21,C2,73.7,0.96,Medium,Married,0.33,0,0.1,Tutoring,1,Completed,Economics,2025-11-02T11:58:25Z,0.69,0.66,0.73,0.58,0.79,0.71,0.65,0.76,0.75,0.71,0.85,0.78,0.79,0.87,0.72,0.61,0.64,0.78,0.66,0.97,0.74,0.81,0.8,0.55,0.67,0.8,0.64,0.78,0.93,0.73,0.76,0.73
IT000099,University of Messina,Brazil,Italy,Other,23,C1,71.0,0.92,High,Other,0.53,0,0.5,LanguageMentor,1,Completed,Logistics,2025-11-02T11:58:25Z,0.9,1.0,0.69,0.91,0.72,0.41,0.75,0.64,0.65,0.7,0.48,0.67,0.65,0.62,0.75,0.89,0.79,0.59,0.74,0.73,0.85,0.62,0.85,0.42,0.69,0.76,0.78,0.6,0.57,0.77,0.9,0.66
SL000392,Comenius University Bratislava,Nigeria,Slovakia,Male,20,C2,73.1,0.85,Medium,Other,0.28,0,0.7,None,1,Completed,Business,2025-11-02T11:58:26Z,0.44,0.69,0.7,0.74,0.7,0.55,0.81,0.55,0.6,0.65,0.75,0.85,0.83,0.79,0.72,0.7,0.82,0.94,0.72,0.52,0.71,0.95,0.86,0.83,0.89,0.92,0.7,0.86,0.7,0.78,0.54,0.82
IT000359,Politecnico di Torino,India,Italy,Male,24,C1,63.9,0.84,High,Other,0.08,1,0.6,Tutoring,0,Dropped Out,Logistics,2025-11-02T11:58:25Z,0.7,0.76,0.78,0.77,0.81,0.64,0.81,0.54,1.0,1.0,0.76,0.87,0.53,0.73,1.0,0.72,0.92,0.54,0.72,0.61,0.82,0.79,0.41,0.55,0.98,0.66,0.8,0.6,0.94,0.48,0.65,0.56
LA000564,TSI Riga,Nigeria,Latvia,Female,23,C2,71.7,0.74,High,Single,0.53,0,0.7,LanguageMentor,1,Completed,English Philology,2025-11-02T11:58:25Z,0.93,0.56,0.95,0.49,0.63,0.75,0.61,0.7,0.62,0.38,0.79,0.74,0.96,0.59,0.74,0.51,0.7,0.85,0.72,0.68,0.83,0.76,0.71,0.83,0.6,0.77,0.72,0.62,0.83,0.91,0.51,0.84
LA000148,Daugavpils University,India,Latvia,Female,25,C1,55.8,0.68,High,Other,0.17,0,0.6,BuddyProgram,1,Completed,Business,2025-11-02T11:58:25Z,0.8,0.85,0.61,0.56,0.55,0.65,0.64,0.75,0.66,0.58,0.79,0.75,0.74,0.85,0.87,0.74,0.82,0.64,0.58,0.87,0.84,0.96,0.48,1.0,0.81,0.96,0.82,0.67,0.65,0.74,0.75,0.57
SL000003,Comenius University Bratislava,Bangladesh,Slovakia,Male,20,A2,91.5,0.99,Medium,Other,0.09,1,0.6,LanguageMentor,0,Dropped Out,Psychology,2025-11-02T11:58:25Z,0.53,0.67,0.84,0.78,0.73,0.75,0.84,0.89,0.57,0.74,0.71,0.56,0.85,0.93,1.0,0.48,0.74,0.9,0.8,0.61,0.96,0.63,0.58,0.64,0.62,0.64,0.81,0.8,0.69,0.77,0.7,0.7
LA000089,Daugavpils University,Italy,Latvia,Other,26,C2,64.1,0.95,Low,Married,0.53,0,0.1,None,1,Completed,Psychology,2025-11-02T11:58:25Z,0.64,0.9,0.64,0.76,0.92,0.48,0.73,0.69,0.68,0.74,0.88,0.67,0.64,0.52,0.76,1.0,0.51,0.85,0.85,0.88,0.8,0.75,0.83,0.87,0.74,0.68,0.81,0.69,1.0,0.71,0.68,0.82
SL000346,Slovak Tech,Nigeria,Slovakia,Female,24,A2,91.0,0.99,Low,Single,0.63,0,0.7,LanguageMentor,0,Failed Exams,Computer Science,2025-11-02T11:58:26Z,0.45,0.78,0.72,0.69,0.77,0.83,0.97,0.59,0.68,0.58,0.71,0.65,0.66,0.55,0.35,0.73,0.86,0.58,0.45,0.48,0.49,0.61,0.48,0.66,0.72,0.87,0.74,0.87,0.69,0.58,0.72,0.85
IT000537,University of Messina,Pakistan,Italy,Male,25,B1,64.0,0.87,Low,Married,0.16,1,0.6,Counseling,0,Left Country,Data Science,2025-11-02T11:58:25Z,0.67,0.52,0.67,0.82,0.9,0.74,0.76,0.6,0.65,0.46,0.73,0.64,0.88,0.77,0.7,0.6,0.76,0.71,0.69,0.69,0.87,0.78,0.64,0.8,0.55,0.85,0.72,0.62,0.66,0.54,0.72,0.6
IT000293,University of Messina,Slovakia,Italy,Male,18,A2,87.4,0.94,High,Other,0.02,0,0.1,None,1,Completed,Logistics,2025-11-02T11:58:25Z,0.79,0.46,0.81,0.77,0.72,0.64,0.85,0.82,0.78,0.64,0.7,0.56,0.7,0.72,0.79,0.9,0.69,0.64,0.57,0.88,0.89,0.8,0.71,0.67,0.62,0.85,0.7,0.91,0.82,0.88,0.61,0.77
LA000211,Daugavpils University,Nigeria,Latvia,Male,24,B1,70.8,0.78,Low,Other,0.55,1,0.7,BuddyProgram,0,Dropped Out,Computer Science,2025-11-02T11:58:25Z,0.74,0.94,0.84,0.7,0.91,0.79,0.72,0.6,1.0,0.72,0.92,0.5,0.92,0.54,0.73,0.71,0.88,0.79,0.76,0.69,0.97,0.61,0.62,0.76,0.56,0.8,0.77,0.68,0.68,0.81,0.73,0.8
SL000170,Slovak Tech,Nigeria,Slovakia,Male,20,A2,84.3,0.96,High,Other,0.18,0,0.7,None,1,Completed,Data Science,2025-11-02T11:58:26Z,0.71,0.57,0.75,0.68,0.81,0.73,0.87,0.66,0.8,0.89,0.69,0.88,0.7,0.89,0.77,0.78,0.57,0.61,0.68,0.92,0.54,0.62,0.69,0.74,0.88,0.87,0.94,0.66,0.56,0.84,0.55,0.79
LA000488,Daugavpils University,Italy,Latvia,Other,28,B1,83.5,0.95,Low,Married,0.34,0,0.1,BuddyProgram,0,Failed Exams,Psychology,2025-11-02T11:58:25Z,0.55,0.67,0.6,0.78,0.89,0.74,0.66,0.8,0.69,0.68,0.79,0.67,0.94,0.54,0.78,0.51,0.71,0.78,0.62,0.6,0.72,0.71,0.87,0.65,0.65,0.86,0.91,0.48,0.86,1.0,0.6,0.74
LA000161,Daugavpils University,Spain,Latvia,Female,24,B2,80.2,0.94,Low,Other,0.33,1,0.1,None,0,Left Country,Logistics,2025-11-02T11:58:25Z,0.87,0.66,0.75,0.51,0.67,0.69,0.45,0.71,0.57,0.77,0.83,0.61,0.74,0.67,0.52,0.55,0.71,0.56,0.93,0.89,0.77,0.55,0.64,0.86,0.65,0.82,0.66,0.88,0.62,0.76,1.0,0.83
LA000163,Daugavpils University,Nigeria,Latvia,Male,22,C2,69.4,0.78,Medium,Other,0.12,1,0.7,Tutoring,0,Dropped Out,Psychology,2025-11-02T11:58:25Z,0.61,0.85,0.72,0.55,0.51,0.55,0.74,0.75,0.75,0.92,0.76,0.72,0.66,0.7,0.73,0.67,0.75,0.8,0.78,0.9,0.79,1.0,0.76,0.95,0.4,0.49,0.6,0.68,0.7,0.81,0.99,0.76
IT000522,Politecnico di Torino,Brazil,Italy,Other,26,C1,53.4,0.88,High,Single,0.55,0,0.5,Counseling,1,Completed,Computer Science,2025-11-02T11:58:25Z,0.88,0.61,0.73,0.66,0.81,0.64,0.66,0.74,0.65,0.81,0.46,0.72,0.61,0.79,0.76,0.67,0.79,0.76,0.7,0.74,0.92,0.71,0.75,0.7,0.74,0.76,0.75,0.75,0.66,0.72,0.84,0.68
IT000148,Politecnico di Torino,Spain,Italy,Other,25,A2,75.1,0.9,Low,Other,0.49,1,0.1,LanguageMentor,0,Dropped Out,English Philology,2025-11-02T11:58:25Z,0.72,0.59,0.59,0.78,0.48,0.49,0.69,0.69,0.82,0.79,0.88,0.63,0.85,0.59,0.46,0.67,0.63,0.66,0.73,0.74,0.92,0.67,0.8,0.99,0.78,0.71,0.72,0.53,0.6,0.7,0.68,0.68
LA000152,TSI Riga,Latvia,Latvia,Other,19,C1,71.4,0.9,Low,Married,0.22,0,0.1,Tutoring,1,Completed,Economics,2025-11-02T11:58:25Z,1.0,0.74,0.74,0.79,0.73,0.61,1.0,0.7,0.76,0.55,0.83,0.61,0.74,0.72,0.82,1.0,0.53,0.95,0.91,0.82,0.63,0.59,0.86,0.92,0.67,0.72,0.71,0.73,0.63,0.78,0.82,0.69
IT000518,University of Messina,Bangladesh,Italy,Other,23,C1,61.4,0.97,High,Single,0.18,0,0.6,BuddyProgram,1,Ongoing,English Philology,2025-11-02T11:58:25Z,0.55,0.65,0.62,0.85,0.86,0.71,0.51,0.83,0.81,0.85,0.73,0.79,0.5,0.69,0.66,0.55,0.72,0.7,0.88,0.84,0.61,0.73,0.8,0.89,0.61,0.78,0.65,0.66,0.78,0.43,0.69,0.68
LA000445,Daugavpils University,Vietnam,Latvia,Prefer not to say,21,A2,68.5,0.96,Medium,Single,0.21,1,0.6,None,0,Left Country,Data Science,2025-11-02T11:58:25Z,0.85,0.69,0.66,0.74,0.85,0.66,0.63,0.9,0.67,0.78,0.62,0.81,0.78,1.0,0.53,0.74,0.88,0.99,0.9,0.71,0.82,0.91,0.82,0.78,0.71,0.53,0.45,0.74,0.7,0.53,0.68,0.86
SL000254,Comenius University Bratislava,USA,Slovakia,Male,25,B2,58.7,1.0,High,Other,0.22,0,0.3,None,1,Completed,Psychology,2025-11-02T11:58:26Z,0.62,0.62,0.88,0.57,0.74,0.81,0.66,0.83,0.78,0.86,0.67,0.76,0.46,0.75,0.71,0.78,0.7,0.76,0.81,0.55,0.65,0.97,0.8,0.59,0.54,0.61,0.7,0.53,0.89,0.61,0.71,1.0
IT000304,University of Messina,Pakistan,Italy,Male,20,B1,82.5,0.94,Medium,Single,0.52,0,0.6,None,1,Completed,Engineering,2025-11-02T11:58:25Z,0.59,0.79,0.72,0.73,0.74,0.71,0.78,0.78,0.69,0.74,0.79,0.54,0.8,0.45,0.84,0.66,0.83,0.81,0.87,0.75,0.7,0.65,0.64,0.75,0.66,0.73,0.65,0.76,0.69,0.78,0.76,0.67
IT000283,Politecnico di Torino,Brazil,Italy,Prefer not to say,25,C1,75.2,0.82,Medium,Married,0.21,0,0.5,BuddyProgram,0,Failed Exams,Psychology,2025-11-02T11:58:25Z,0.86,0.71,0.75,0.68,0.87,0.59,0.71,0.73,0.68,0.87,0.93,0.84,0.78,0.87,0.7,0.7,0.88,0.59,0.59,0.79,0.51,0.41,0.62,0.98,0.94,0.66,0.73,0.81,0.75,0.8,0.93,0.77
SL000409,Comenius University Bratislava,Sri Lanka,Slovakia,Prefer not to say,25,C1,67.8,0.99,Medium,Married,0.6,0,0.6,LanguageMentor,0,Transferred,Engineering,2025-11-02T11:58:26Z,0.86,0.91,0.75,0.67,0.77,0.68,0.69,0.8,0.48,0.62,0.56,0.83,0.77,0.7,0.6,0.99,0.7,0.49,0.83,0.6,0.78,0.52,0.84,0.91,0.82,0.91,0.56,0.72,0.67,0.79,0.77,0.81
IT000323,Politecnico di Torino,Latvia,Italy,Other,22,A2,77.9,0.96,Medium,Married,0.47,1,0.1,None,0,Left Country,Psychology,2025-11-02T11:58:25Z,0.59,0.8,0.59,0.67,0.7,0.53,0.54,0.79,0.84,0.43,0.87,1.0,0.81,0.63,0.82,0.76,0.77,0.7,0.66,0.58,0.77,0.9,0.88,0.48,0.78,0.86,0.86,0.8,0.74,0.85,0.9,0.67
SL000044,Slovak Tech,Bangladesh,Slovakia,Prefer not to say,18,C1,82.1,0.95,Medium,Single,0.38,0,0.6,None,1,Ongoing,Psychology,2025-11-02T11:58:25Z,0.59,0.4,1.0,0.66,0.8,0.77,0.7,0.72,0.79,0.85,0.88,0.79,0.73,0.42,0.83,0.73,0.26,0.96,0.7,0.94,0.71,0.61,0.83,0.46,0.65,0.55,0.74,0.82,0.81,1.0,0.45,0.78
LA000214,Daugavpils University,Slovakia,Latvia,Male,22,C1,67.3,0.98,Low,Other,0.18,0,0.1,None,1,Completed,Psychology,2025-11-02T11:58:25Z,0.68,0.54,0.73,0.79,0.75,0.64,0.67,0.64,0.54,0.71,0.52,0.85,0.8,0.84,0.58,0.73,0.69,0.73,0.73,0.67,0.65,0.83,0.66,0.6,0.78,0.63,0.84,0.85,0.87,0.76,0.58,0.48
LA000226,Daugavpils University,India,Latvia,Female,22,C1,77.4,1.0,Low,Married,0.34,0,0.6,BuddyProgram,1,Ongoing,Engineering,2025-11-02T11:58:25Z,0.64,0.92,0.67,0.83,0.76,0.66,0.76,0.57,0.53,0.87,0.73,0.75,0.85,0.83,0.57,0.81,0.77,0.84,0.7,0.78,0.79,0.75,0.94,0.79,0.79,0.73,0.72,0.62,0.78,0.76,0.64,0.81
LA000475,Daugavpils University,Italy,Latvia,Male,25,A2,63.7,0.92,Low,Married,0.26,0,0.1,Tutoring,0,Failed Exams,English Philology,2025-11-02T11:58:25Z,0.78,0.65,0.7,0.77,0.71,0.86,0.55,0.66,0.75,0.68,0.53,0.68,0.51,0.8,0.56,0.58,0.95,0.72,0.74,0.99,0.79,0.87,0.86,0.72,0.9,0.92,0.83,0.72,0.77,0.83,0.55,0.89
LA000209,TSI Riga,Brazil,Latvia,Male,22,C2,73.3,0.83,Low,Other,0.16,0,0.5,BuddyProgram,1,Completed,Computer Science,2025-11-02T11:58:25Z,0.88,0.51,0.73,0.55,0.82,0.83,0.83,0.59,0.68,0.78,0.62,0.87,0.86,0.87,0.62,0.81,0.29,0.78,0.62,0.64,0.82,0.7,0.71,0.75,0.77,0.57,0.6,0.74,0.76,1.0,1.0,0.74
SL000250,Comenius University Bratislava,Sri Lanka,Slovakia,Male,20,C1,80.3,0.75,High,Single,0.15,0,0.6,LanguageMentor,1,Completed,English Philology,2025-11-02T11:58:26Z,0.89,0.47,0.85,0.76,0.8,0.89,0.77,0.49,0.87,0.89,0.75,0.76,0.97,0.41,0.76,0.9,0.71,0.55,0.77,0.75,0.58,0.58,0.59,0.61,0.72,0.81,0.89,0.82,0.78,0.62,0.77,0.88
LA000377,TSI Riga,USA,Latvia,Female,29,B1,63.7,0.92,Low,Other,0.31,0,0.3,BuddyProgram,1,Completed,Logistics,2025-11-02T11:58:25Z,0.62,0.72,0.7,0.86,0.74,0.8,0.65,0.71,0.73,0.77,0.57,0.76,0.54,0.63,0.87,0.51,0.61,0.95,0.8,0.71,0.67,0.82,0.76,0.59,0.93,0.92,0.7,0.74,1.0,0.57,0.67,0.56
IT000434,Politecnico di Torino,Italy,Italy,Prefer not to say,27,A2,74.8,0.88,Medium,Other,0.59,0,0.1,Tutoring,1,Completed,Economics,2025-11-02T11:58:25Z,0.48,0.83,0.57,0.81,0.75,0.64,0.96,0.58,0.67,0.68,0.55,0.78,0.45,0.6,0.68,0.56,0.81,0.66,0.7,0.76,0.87,0.74,0.8,0.75,0.65,0.72,0.71,0.84,0.58,0.76,0.56,0.85
SL000190,Comenius University Bratislava,Ukraine,Slovakia,Prefer not to say,26,B2,68.2,0.93,Medium,Single,0.17,0,0.1,BuddyProgram,1,Completed,Economics,2025-11-02T11:58:26Z,0.74,0.67,0.7,0.89,0.56,0.59,0.71,0.62,0.63,0.62,0.52,0.49,0.77,0.79,0.89,0.99,0.56,0.82,0.64,0.54,0.53,0.92,0.76,0.86,0.87,0.77,0.88,0.67,0.53,0.74,0.67,0.75
IT000019,University of Messina,Slovakia,Italy,Prefer not to say,29,A2,80.1,0.95,Low,Other,0.37,0,0.1,None,1,Completed,Economics,2025-11-02T11:58:25Z,0.83,0.74,0.58,1.0,0.95,0.55,1.0,0.59,0.83,0.72,0.73,0.76,0.77,0.52,0.73,0.78,0.66,0.75,0.86,0.6,0.71,0.7,0.59,0.61,0.73,0.6,0.57,0.76,0.74,0.63,0.64,0.82
LA000362,TSI Riga,USA,Latvia,Other,25,B1,80.2,0.97,Medium,Single,0.13,0,0.3,None,1,Completed,Economics,2025-11-02T11:58:25Z,0.67,0.63,0.9,0.65,0.62,0.79,0.98,0.72,0.65,0.62,0.35,0.86,0.77,0.74,0.62,0.55,0.55,0.82,0.8,0.73,0.97,0.91,0.71,0.74,0.6,0.87,0.67,0.86,0.57,0.92,0.65,0.98
IT000202,Politecnico di Torino,Latvia,Italy,Female,25,B1,78.7,0.95,Low,Single,0.48,0,0.1,None,0,Failed Exams,Computer Science,2025-11-02T11:58:25Z,0.67,0.47,0.5,0.56,0.78,0.75,0.77,0.48,0.8,0.82,0.82,1.0,0.56,0.58,0.86,0.62,0.91,0.87,0.74,0.82,0.37,0.76,0.68,0.61,0.89,0.75,0.85,0.73,0.92,0.75,0.64,0.74
IT000299,Politecnico di Torino,Sri Lanka,Italy,Female,28,B2,78.9,0.87,Medium,Married,0.3,0,0.6,None,1,Completed,English Philology,2025-11-02T11:58:25Z,0.83,0.73,0.65,0.67,0.62,0.86,0.44,0.63,0.77,0.72,0.62,0.65,0.75,0.83,0.99,0.99,0.55,0.98,0.64,0.69,0.63,0.73,0.6,0.67,0.65,0.59,0.73,0.81,0.8,0.62,0.49,0.98
LA000127,Daugavpils University,Bangladesh,Latvia,Other,23,B1,69.5,0.77,Medium,Other,0.55,1,0.6,None,0,Administrative Withdrawal,Engineering,2025-11-02T11:58:25Z,0.69,0.71,0.85,0.76,0.63,0.73,0.69,0.68,0.81,0.94,0.84,0.75,0.64,0.83,0.81,0.39,0.62,0.65,0.63,0.8,0.8,1.0,0.61,0.66,0.77,0.74,0.78,0.97,0.68,0.93,0.73,0.91
IT000131,Politecnico di Torino,Spain,Italy,Male,20,A2,66.1,0.75,Low,Other,0.54,0,0.1,Tutoring,1,Completed,Engineering,2025-11-02T11:58:25Z,0.6,0.65,0.62,0.63,0.89,0.59,0.91,0.46,0.69,0.71,0.82,0.75,0.59,0.42,0.77,0.83,0.81,1.0,0.78,0.7,0.78,0.93,0.67,0.86,0.77,0.55,0.63,0.72,0.8,0.76,0.93,0.6
LA000442,Daugavpils University,Pakistan,Latvia,Male,22,B2,72.5,0.83,Low,Single,0.3,0,0.6,Tutoring,1,Completed,English Philology,2025-11-02T11:58:25Z,1.0,0.5,0.86,0.89,0.97,0.57,0.76,0.49,0.83,0.74,0.83,0.76,0.79,0.6,0.97,0.73,0.89,0.7,0.69,0.55,0.73,0.97,1.0,0.76,0.77,0.88,0.74,0.58,0.56,0.36,0.77,0.57
SL000358,Comenius University Bratislava,India,Slovakia,Other,25,B1,78.3,0.94,Medium,Married,0.04,1,0.6,None,0,Dropped Out,Engineering,2025-11-02T11:58:26Z,0.57,0.69,0.52,0.75,0.73,0.58,0.96,0.88,0.84,1.0,0.9,0.86,0.77,1.0,0.94,0.98,0.8,0.96,0.7,0.88,0.6,0.8,0.75,0.84,0.65,0.84,0.46,0.59,0.87,0.64,0.79,0.54
IT000145,Politecnico di Torino,Bangladesh,Italy,Other,21,B1,59.0,0.75,High,Single,0.25,0,0.6,None,0,Failed Exams,Data Science,2025-11-02T11:58:25Z,0.71,0.7,0.91,0.61,0.76,0.81,0.74,0.75,0.75,0.73,1.0,0.57,0.86,0.9,0.7,0.74,0.68,1.0,0.85,0.93,0.76,0.83,0.71,0.55,0.62,0.51,0.62,0.9,0.89,0.86,0.84,0.45
SL000019,Comenius University Bratislava,Pakistan,Slovakia,Male,22,B2,65.4,0.93,High,Single,0.3,0,0.6,Tutoring,1,Completed,Psychology,2025-11-02T11:58:25Z,0.98,0.74,0.65,0.6,0.4,0.85,0.69,0.93,1.0,0.69,0.77,0.73,0.72,0.52,0.65,0.86,0.65,1.0,0.73,0.82,0.77,0.66,0.9,0.72,0.63,0.72,0.8,0.8,0.6,0.7,0.68,0.77
LA000458,TSI Riga,Italy,Latvia,Other,24,A2,68.4,0.77,Medium,Other,0.14,1,0.1,Tutoring,0,Dropped Out,Psychology,2025-11-02T11:58:25Z,0.7,0.68,0.78,0.84,0.91,0.74,0.97,0.76,0.76,0.75,0.7,0.49,0.67,0.71,0.58,0.82,0.58,0.61,0.65,0.71,0.59,1.0,0.76,0.87,0.75,0.62,0.7,0.62,0.67,0.95,0.63,0.84
SL000261,Slovak Tech,Pakistan,Slovakia,Male,21,C2,66.0,0.9,Low,Single,0.01,1,0.6,None,0,Left Country,English Philology,2025-11-02T11:58:26Z,0.83,0.69,0.62,0.79,0.66,0.78,0.53,0.76,0.48,1.0,0.77,0.65,0.89,0.61,0.66,0.89,0.92,0.62,0.93,0.75,0.38,0.6,0.81,0.63,0.97,0.45,0.66,0.65,0.65,0.4,0.68,0.92
SL000276,Comenius University Bratislava,Ukraine,Slovakia,Female,24,C2,64.2,0.92,Medium,Married,0.12,1,0.1,Tutoring,0,Dropped Out,Business,2025-11-02T11:58:26Z,0.65,0.76,0.52,0.87,0.62,0.69,0.58,0.63,0.95,0.87,0.98,0.71,0.6,0.57,0.94,0.68,0.56,0.44,0.42,0.67,0.94,0.65,0.75,0.69,0.78,0.83,0.81,0.5,0.67,0.74,0.87,0.73
LA000552,Daugavpils University,Bangladesh,Latvia,Female,21,C1,72.5,0.9,Medium,Married,0.42,0,0.6,None,1,Completed,Logistics,2025-11-02T11:58:25Z,0.66,0.83,0.76,0.58,0.58,0.74,0.75,0.55,0.92,0.66,0.64,0.51,1.0,0.72,0.65,0.78,0.49,0.68,0.67,0.52,0.82,0.81,0.56,0.64,0.47,0.57,0.67,0.74,0.69,0.72,0.67,0.65
LA000229,TSI Riga,Pakistan,Latvia,Male,24,A2,84.7,0.95,Medium,Single,0.21,0,0.6,Tutoring,1,Ongoing,Engineering,2025-11-02T11:58:25Z,0.8,0.71,0.62,0.78,0.85,0.7,0.62,0.76,0.68,0.61,0.92,0.74,0.73,0.9,0.8,0.53,0.53,0.68,0.99,0.71,0.8,0.79,0.72,0.71,0.67,0.88,0.5,0.84,0.83,0.71,0.89,0.82
LA000568,TSI Riga,Ukraine,Latvia,Female,24,B1,70.6,0.86,Low,Married,0.13,1,0.1,BuddyProgram,0,Dropped Out,Economics,2025-11-02T11:58:25Z,0.67,0.85,0.83,0.8,0.81,0.61,0.68,0.73,0.7,0.55,0.83,0.98,0.67,0.74,0.84,0.75,0.86,0.42,0.74,0.83,0.61,0.69,0.57,0.7,0.82,0.6,0.84,0.61,0.93,0.83,0.78,0.64
SL000290,Comenius University Bratislava,Sri Lanka,Slovakia,Other,25,C2,63.8,0.93,High,Other,0.55,0,0.6,None,1,Completed,Economics,2025-11-02T11:58:26Z,0.82,0.71,0.94,0.97,0.64,0.68,0.73,0.72,0.99,0.65,0.53,0.82,0.65,0.86,0.81,0.76,0.92,0.69,0.7,0.84,0.65,0.72,0.69,0.7,0.62,1.0,0.98,0.8,0.9,0.51,0.4,0.84
LA000136,TSI Riga,Nigeria,Latvia,Prefer not to say,24,A2,87.6,0.88,Low,Single,0.47,1,0.7,Tutoring,0,Left Country,Logistics,2025-11-02T11:58:25Z,0.75,0.91,0.68,1.0,0.51,0.58,0.87,0.9,0.65,0.47,0.83,0.89,0.78,0.78,0.7,0.59,0.73,0.67,0.87,0.9,0.86,0.7,0.77,0.67,0.86,0.93,0.8,0.61,0.72,0.73,0.7,0.72
LA000501,Daugavpils University,India,Latvia,Prefer not to say,22,C1,58.1,0.83,High,Married,0.3,1,0.6,BuddyProgram,0,Dropped Out,English Philology,2025-11-02T11:58:25Z,0.8,0.82,0.69,0.71,0.78,0.55,0.73,0.83,1.0,0.65,0.64,0.7,0.61,0.58,0.54,0.76,0.59,0.43,0.57,0.66,0.84,0.82,0.76,0.7,0.79,0.64,0.76,0.94,0.74,0.86,0.65,0.89
IT000482,University of Messina,Bangladesh,Italy,Prefer not to say,22,B2,66.3,0.99,Low,Other,0.4,0,0.6,None,0,Failed Exams,Economics,2025-11-02T11:58:25Z,0.79,0.66,0.74,0.62,0.65,0.65,0.84,0.65,0.6,0.67,0.79,0.8,0.4,0.46,0.84,0.5,0.67,0.9,0.73,0.63,0.83,0.75,0.64,1.0,0.63,0.79,0.57,0.66,0.65,0.79,0.91,0.86
SL000455,Slovak Tech,USA,Slovakia,Other,24,C1,74.4,0.86,Low,Married,0.38,0,0.3,LanguageMentor,1,Ongoing,Logistics,2025-11-02T11:58:26Z,0.65,0.87,0.8,0.66,0.92,0.71,0.8,0.79,0.81,0.48,0.8,0.63,0.59,0.79,0.95,0.72,0.8,0.57,0.67,0.75,0.8,0.81,0.98,0.83,1.0,1.0,0.69,0.73,0.54,0.78,0.9,0.77
LA000181,Daugavpils University,Bangladesh,Latvia,Other,27,C1,63.1,0.99,Medium,Other,0.58,0,0.6,Tutoring,1,Completed,Computer Science,2025-11-02T11:58:25Z,0.65,0.67,0.71,0.57,0.85,0.61,0.79,0.82,0.7,0.75,0.61,0.72,0.9,0.79,0.61,0.62,0.66,0.73,0.86,0.76,0.55,0.82,0.61,0.79,0.82,0.73,0.77,0.57,0.64,0.58,0.82,0.94
SL000345,Slovak Tech,Italy,Slovakia,Other,19,B2,71.7,0.97,High,Married,0.36,0,0.1,Tutoring,1,Completed,Data Science,2025-11-02T11:58:26Z,0.85,0.88,0.75,0.7,0.59,0.7,0.55,0.72,0.78,0.98,0.78,0.57,0.88,0.58,0.59,0.64,0.55,0.55,0.62,0.89,0.78,0.54,0.8,0.71,0.6,0.61,0.76,0.89,0.76,0.62,0.74,0.64
SL000195,Slovak Tech,India,Slovakia,Other,20,C2,73.0,0.87,Low,Other,0.11,0,0.6,Tutoring,1,Ongoing,Computer Science,2025-11-02T11:58:26Z,0.62,0.65,0.68,0.55,0.67,0.73,0.66,0.44,0.7,0.81,0.74,0.63,0.62,0.73,0.81,0.76,0.9,0.76,0.88,0.84,0.57,0.87,0.62,0.82,0.72,0.73,0.8,0.84,0.82,0.81,0.91,0.67
SL000204,Comenius University Bratislava,USA,Slovakia,Female,25,C2,73.8,0.88,Low,Other,0.1,0,0.3,None,1,Completed,Economics,2025-11-02T11:58:26Z,0.51,0.69,0.71,0.84,0.82,0.74,0.68,0.88,0.8,0.53,0.66,0.7,0.73,0.88,0.8,0.99,0.8,0.65,0.8,0.68,0.87,0.84,0.8,0.74,0.71,0.68,1.0,0.86,0.75,0.72,0.61,0.95
IT000238,University of Messina,Vietnam,Italy,Male,23,B1,88.7,0.93,Medium,Single,0.45,0,0.6,Tutoring,0,Failed Exams,Computer Science,2025-11-02T11:58:25Z,0.69,0.73,0.81,0.48,0.55,0.66,0.76,0.79,0.7,0.8,0.59,0.7,0.59,0.69,0.8,0.79,0.51,0.78,0.62,0.63,0.58,0.57,0.76,0.8,0.86,0.74,0.79,0.81,0.74,0.78,0.6,0.83
IT000370,Politecnico di Torino,Slovakia,Italy,Female,25,B1,91.4,0.89,High,Other,0.52,1,0.1,Tutoring,0,Dropped Out,Computer Science,2025-11-02T11:58:25Z,0.89,0.7,0.7,0.7,0.87,0.64,0.61,0.6,0.79,0.52,0.75,0.64,0.76,0.53,1.0,0.71,0.65,0.73,0.72,0.75,0.59,0.6,0.62,0.57,0.94,0.86,0.78,0.72,0.94,0.83,0.63,0.65
LA000513,Daugavpils University,Slovakia,Latvia,Prefer not to say,24,B2,64.5,0.9,Low,Other,0.39,0,0.1,BuddyProgram,1,Completed,Computer Science,2025-11-02T11:58:25Z,0.51,0.97,0.72,0.59,0.75,0.53,0.96,0.47,0.79,0.78,0.8,0.62,0.63,0.86,0.68,0.61,0.72,0.63,0.56,0.63,0.79,0.95,0.88,0.94,0.72,0.77,0.93,0.63,0.8,0.83,0.72,0.51
LA000156,TSI Riga,Sri Lanka,Latvia,Other,25,C2,79.8,0.89,Low,Single,0.13,0,0.6,BuddyProgram,1,Completed,Logistics,2025-11-02T11:58:25Z,0.77,0.63,0.74,0.76,0.78,0.75,0.99,0.7,0.62,0.83,0.63,1.0,0.66,0.47,0.95,0.67,0.57,0.68,0.86,0.97,0.64,0.76,0.88,0.71,0.72,0.96,0.95,0.84,0.65,0.89,0.86,0.75
SL000175,Comenius University Bratislava,Spain,Slovakia,Male,26,A2,83.3,0.93,Low,Single,0.32,0,0.1,BuddyProgram,1,Completed,English Philology,2025-11-02T11:58:26Z,0.74,0.63,0.61,0.78,0.54,0.59,0.68,0.9,0.77,0.73,0.61,1.0,0.89,0.95,0.86,0.63,0.81,0.7,0.9,0.7,0.74,0.65,0.72,0.49,0.56,0.74,0.71,0.82,0.81,0.89,0.59,0.85
IT000334,University of Messina,Slovakia,Italy,Female,19,A2,88.8,0.73,Medium,Married,0.38,0,0.1,LanguageMentor,1,Completed,Data Science,2025-11-02T11:58:25Z,0.85,0.77,0.88,0.85,0.79,0.59,0.7,0.83,0.77,0.89,0.65,0.6,0.52,0.79,0.72,0.72,0.7,0.64,0.91,0.8,0.8,0.63,0.74,0.65,0.82,0.58,0.8,0.92,0.85,0.86,0.66,0.81
IT000314,Politecnico di Torino,Latvia,Italy,Other,25,B1,67.2,0.77,Low,Other,0.04,0,0.1,None,1,Ongoing,Data Science,2025-11-02T11:58:25Z,0.43,0.77,0.73,0.78,0.72,0.78,0.65,0.79,0.7,0.68,0.45,0.65,0.79,0.71,0.82,0.61,0.71,0.7,0.7,0.78,0.79,0.8,1.0,0.76,0.63,0.71,0.71,0.88,0.62,0.55,0.78,0.5
LA000565,TSI Riga,Italy,Latvia,Male,22,C1,67.3,0.91,Medium,Married,0.33,0,0.1,Tutoring,0,Failed Exams,Data Science,2025-11-02T11:58:25Z,0.7,0.7,0.76,0.58,0.87,0.56,0.65,0.73,0.73,0.72,0.6,0.68,0.55,0.85,0.86,0.95,0.87,0.86,0.56,0.56,0.82,0.72,0.67,0.6,0.73,0.81,0.71,0.69,0.75,0.69,0.4,0.63
LA000433,Daugavpils University,Spain,Latvia,Female,20,C2,68.5,0.89,High,Other,0.21,0,0.1,LanguageMentor,1,Completed,English Philology,2025-11-02T11:58:25Z,0.59,0.66,0.57,0.72,0.56,0.63,0.9,0.97,0.72,0.86,0.78,0.59,0.77,0.63,0.78,0.87,0.73,0.63,1.0,0.77,0.79,0.83,0.67,0.45,0.69,0.54,0.88,0.61,0.66,0.65,0.57,0.89
SL000109,Slovak Tech,Slovakia,Slovakia,Other,19,A2,63.8,0.94,Medium,Single,0.48,0,0.1,BuddyProgram,1,Completed,Logistics,2025-11-02T11:58:26Z,0.67,0.85,0.75,0.6,0.56,0.5,0.79,0.69,0.56,0.67,0.98,1.0,0.81,0.81,0.88,0.69,0.62,0.64,0.58,0.47,0.81,0.6,0.89,0.64,0.84,0.8,0.74,0.69,0.68,0.61,0.64,0.65
LA000037,TSI Riga,Ukraine,Latvia,Other,26,A2,71.3,0.75,Low,Married,0.23,0,0.1,LanguageMentor,0,Transferred,English Philology,2025-11-02T11:58:25Z,0.78,0.81,0.84,0.59,0.7,1.0,0.75,0.79,0.81,0.81,0.88,0.74,0.76,0.52,0.59,0.49,0.6,0.93,0.67,0.6,0.88,0.57,0.55,0.73,0.49,0.84,0.7,0.81,0.86,0.76,0.64,0.65
LA000391,TSI Riga,Bangladesh,Latvia,Female,20,C1,74.2,0.9,Low,Married,0.21,0,0.6,Counseling,0,Transferred,Business,2025-11-02T11:58:25Z,0.67,0.74,0.95,0.79,0.78,0.75,0.44,0.76,0.78,0.73,0.86,0.86,0.59,0.82,0.72,0.75,0.78,0.68,0.72,0.6,0.4,0.84,0.93,0.9,1.0,0.52,0.84,0.73,0.81,0.8,0.7,0.66
IT000445,Politecnico di Torino,Latvia,Italy,Female,21,B2,68.0,0.92,High,Other,0.38,1,0.1,LanguageMentor,0,Dropped Out,Logistics,2025-11-02T11:58:25Z,0.6,0.71,0.71,0.55,0.47,0.68,0.83,0.8,0.69,0.85,0.72,0.61,0.64,0.91,0.68,0.93,0.91,0.58,0.58,0.96,0.85,0.81,0.42,1.0,0.84,0.74,0.84,0.86,0.97,0.7,0.78,0.79
LA000519,TSI Riga,Spain,Latvia,Prefer not to say,26,C2,72.2,0.89,High,Other,0.2,0,0.1,BuddyProgram,1,Completed,English Philology,2025-11-02T11:58:25Z,0.66,1.0,0.74,0.48,0.92,0.66,0.78,0.66,0.81,0.65,0.56,0.91,0.61,0.72,0.78,0.89,0.81,0.61,0.85,0.73,0.6,0.65,0.93,0.91,0.6,0.64,0.37,0.84,0.62,0.78,0.7,0.86
SL000095,Comenius University Bratislava,India,Slovakia,Male,23,B1,82.0,0.75,Medium,Married,0.47,0,0.6,Counseling,1,Completed,Computer Science,2025-11-02T11:58:26Z,0.63,0.57,0.58,0.71,0.67,0.5,0.52,0.82,0.57,0.75,0.63,0.71,0.55,0.98,0.76,0.52,0.78,0.75,0.56,0.77,0.78,0.66,0.82,0.71,0.84,0.74,0.65,0.63,0.82,0.85,0.96,0.52
SL000158,Comenius University Bratislava,Bangladesh,Slovakia,Prefer not to say,21,B2,72.0,1.0,Low,Other,0.68,0,0.6,None,1,Completed,English Philology,2025-11-02T11:58:26Z,0.66,0.81,0.95,0.64,0.67,0.81,0.87,0.76,0.56,0.71,0.62,0.51,0.56,0.62,0.69,0.57,0.58,0.64,0.43,0.44,0.42,0.56,0.45,0.27,0.52,0.74,0.68,0.69,0.59,0.51,0.67,0.71
SL000020,Slovak Tech,Vietnam,Slovakia,Other,23,B1,67.2,0.8,High,Single,0.43,0,0.6,BuddyProgram,1,Completed,Engineering,2025-11-02T11:58:25Z,0.65,0.57,0.77,0.78,0.74,0.73,0.8,0.67,0.83,0.57,0.98,0.85,0.65,0.78,0.78,0.69,0.66,0.78,0.74,0.78,0.76,0.93,0.85,0.83,0.92,0.56,0.94,0.66,0.92,0.51,0.74,0.78
IT000508,University of Messina,Pakistan,Italy,Female,23,C1,70.3,0.78,Medium,Married,0.22,0,0.6,LanguageMentor,0,Transferred,Engineering,2025-11-02T11:58:25Z,0.77,0.77,0.78,0.91,0.67,0.89,0.7,0.61,0.79,0.62,0.95,0.69,0.7,0.82,0.71,0.54,0.48,0.81,0.73,0.69,0.61,0.71,0.86,0.58,0.66,0.77,0.58,0.88,0.73,0.62,0.93,0.67
LA000517,TSI Riga,Sri Lanka,Latvia,Other,22,A2,71.8,0.78,Medium,Other,0.38,0,0.6,None,1,Ongoing,Economics,2025-11-02T11:58:25Z,0.76,0.77,0.71,0.66,0.86,0.75,0.47,0.64,0.59,0.58,0.73,0.52,0.68,0.64,0.72,0.72,0.68,0.84,0.61,0.72,0.63,0.69,0.81,0.56,0.79,0.82,0.69,0.8,0.77,0.8,0.73,0.65
IT000385,Politecnico di Torino,Spain,Italy,Female,29,A2,54.0,0.87,High,Other,0.26,1,0.1,BuddyProgram,0,Dropped Out,Psychology,2025-11-02T11:58:25Z,0.75,0.8,0.65,0.81,0.8,0.74,0.65,0.64,0.7,0.71,0.74,0.78,0.63,0.77,0.66,0.68,0.99,0.68,0.87,0.61,0.82,0.76,0.78,0.76,0.92,0.72,0.78,0.71,0.85,0.74,0.8,0.9
IT000146,University of Messina,Brazil,Italy,Female,21,B1,77.0,0.92,Medium,Married,0.46,1,0.5,None,0,Left Country,Data Science,2025-11-02T11:58:25Z,0.89,0.84,0.73,0.83,0.74,0.74,0.47,0.7,0.79,0.73,0.9,0.54,0.65,0.71,0.92,0.71,0.83,0.7,0.8,0.88,0.58,0.71,0.69,0.74,0.76,0.84,0.65,0.7,0.7,0.85,0.61,0.79
IT000319,Politecnico di Torino,Bangladesh,Italy,Male,23,B1,64.1,0.93,High,Single,0.04,0,0.6,Counseling,1,Completed,Computer Science,2025-11-02T11:58:25Z,0.96,0.66,0.64,0.73,0.88,0.65,0.76,0.56,0.7,0.75,0.65,0.66,0.73,0.63,0.85,0.66,0.71,0.38,0.6,0.67,0.76,0.86,0.88,0.67,0.79,0.76,0.59,0.94,0.71,0.89,0.84,0.84
IT000124,Politecnico di Torino,Nigeria,Italy,Male,20,A2,79.1,0.8,High,Single,0.06,0,0.7,LanguageMentor,1,Completed,Business,2025-11-02T11:58:25Z,0.77,0.51,0.87,0.61,0.64,0.75,0.58,0.76,0.84,0.53,0.91,0.87,0.45,0.67,0.79,0.81,0.58,0.79,0.75,0.68,0.63,0.91,0.48,0.83,0.62,0.78,0.9,1.0,0.46,0.73,0.6,0.54
SL000052,Slovak Tech,Ukraine,Slovakia,Male,26,B1,66.9,0.84,Medium,Single,0.36,0,0.1,Tutoring,1,Completed,Computer Science,2025-11-02T11:58:25Z,0.52,0.63,0.82,0.71,0.72,0.91,0.5,0.48,0.69,0.96,0.81,0.61,0.87,0.64,0.83,0.76,0.8,0.75,0.79,0.81,0.89,0.73,0.55,0.93,0.8,0.74,0.68,0.63,0.74,0.8,0.71,1.0
IT000168,University of Messina,Ukraine,Italy,Male,22,B1,83.3,0.96,Low,Other,0.26,0,0.1,BuddyProgram,1,Completed,Logistics,2025-11-02T11:58:25Z,0.76,0.86,0.84,0.78,0.66,0.97,0.69,0.77,0.56,0.85,0.77,0.85,0.9,0.7,0.78,0.78,0.9,0.54,0.51,0.83,0.71,0.68,0.91,0.65,0.81,0.73,0.71,0.64,0.69,0.68,0.64,0.82
LA000403,TSI Riga,USA,Latvia,Male,28,B2,70.9,0.92,Medium,Other,0.13,0,0.3,BuddyProgram,1,Completed,Logistics,2025-11-02T11:58:25Z,0.77,0.7,0.88,0.61,0.68,0.81,0.81,0.8,0.79,0.67,0.81,0.58,0.9,0.85,0.74,0.97,0.72,0.81,0.64,0.74,0.43,0.56,0.84,0.81,0.82,0.68,0.84,0.58,0.59,0.93,0.7,0.42
SL000407,Slovak Tech,Bangladesh,Slovakia,Other,23,C1,69.5,0.9,Low,Other,0.28,0,0.6,BuddyProgram,1,Completed,English Philology,2025-11-02T11:58:26Z,0.66,0.89,0.62,0.69,0.76,0.69,1.0,0.87,0.6,0.69,0.83,0.36,0.79,0.68,0.59,0.74,0.69,0.49,0.78,0.93,0.76,0.95,0.9,0.86,0.63,0.85,0.72,0.89,0.78,0.73,0.7,0.66
IT000502,University of Messina,USA,Italy,Prefer not to say,27,B1,57.0,0.72,Medium,Single,0.2,0,0.3,Counseling,1,Completed,Engineering,2025-11-02T11:58:25Z,0.7,0.64,0.66,0.67,0.64,0.67,0.75,0.71,0.87,0.63,0.98,0.64,0.64,0.8,0.67,0.65,0.87,0.59,0.61,0.72,0.52,0.8,0.67,0.43,0.77,0.47,0.9,0.88,0.63,0.62,0.87,0.62
LA000373,Daugavpils University,Bangladesh,Latvia,Prefer not to say,18,B1,68.6,0.76,Medium,Other,0.1,1,0.6,Tutoring,0,Dropped Out,Data Science,2025-11-02T11:58:25Z,0.8,0.76,0.83,0.74,0.64,0.7,0.94,0.78,0.99,0.88,0.65,0.67,0.8,0.72,1.0,0.67,0.57,0.55,0.83,0.94,0.76,0.66,0.91,0.83,0.76,0.69,0.74,0.67,0.75,0.71,0.89,0.74
IT000122,Politecnico di Torino,USA,Italy,Other,23,B2,64.7,0.94,Medium,Married,0.36,0,0.3,None,1,Completed,English Philology,2025-11-02T11:58:25Z,0.78,0.57,0.62,0.76,0.77,0.87,0.64,0.84,0.79,0.9,0.6,0.91,0.49,0.59,0.78,0.61,0.45,0.75,0.7,0.66,0.78,0.69,0.72,0.75,0.76,0.88,0.79,0.53,0.72,0.62,0.74,0.86
SL000357,Slovak Tech,Latvia,Slovakia,Female,25,B2,69.8,0.8,High,Other,0.25,0,0.1,Tutoring,0,Failed Exams,Computer Science,2025-11-02T11:58:26Z,0.69,0.74,0.88,0.72,0.81,0.85,0.84,0.56,0.54,0.74,0.76,0.69,0.74,0.64,0.84,0.84,0.76,0.65,0.59,0.87,0.84,0.97,0.5,0.81,0.5,0.8,0.72,0.86,0.84,0.83,0.77,0.47
SL000231,Comenius University Bratislava,Sri Lanka,Slovakia,Prefer not to say,20,B1,68.1,0.86,Medium,Other,0.14,0,0.6,LanguageMentor,0,Transferred,Logistics,2025-11-02T11:58:26Z,0.7,0.8,0.75,0.64,0.79,0.8,0.57,0.71,0.78,0.72,0.97,0.67,0.66,0.75,0.72,0.79,0.73,0.72,0.63,0.52,0.48,0.9,0.78,0.65,0.65,0.59,0.91,0.77,0.97,0.79,0.75,0.74
IT000379,University of Messina,Italy,Italy,Prefer not to say,25,B2,74.6,0.96,Low,Single,0.22,0,0.1,BuddyProgram,1,Completed,Logistics,2025-11-02T11:58:25Z,0.58,0.62,0.88,0.74,0.8,0.78,0.63,0.51,0.58,0.41,0.7,0.89,0.73,0.71,0.77,0.54,0.68,0.73,0.81,0.6,0.73,0.59,0.65,0.69,0.92,0.94,0.97,0.92,0.62,0.91,0.89,0.73
LA000462,Daugavpils University,Spain,Latvia,Other,21,A2,66.1,1.0,Low,Single,0.1,0,0.1,LanguageMentor,1,Completed,Engineering,2025-11-02T11:58:25Z,0.7,0.74,0.72,0.99,0.53,0.86,0.84,0.79,0.76,0.83,0.82,0.73,0.91,0.63,0.8,0.75,0.66,0.61,0.7,0.73,0.56,0.6,0.73,0.84,0.56,0.94,0.69,0.49,0.52,0.67,0.92,0.87
IT000470,Politecnico di Torino,Italy,Italy,Male,27,C2,77.1,0.87,Medium,Other,0.1,0,0.1,None,1,Completed,English Philology,2025-11-02T11:58:25Z,0.66,0.8,0.68,0.79,0.63,0.93,0.81,0.87,0.7,0.69,0.78,0.72,0.55,0.62,0.82,0.88,0.61,0.73,0.67,0.59,0.52,0.93,1.0,0.61,0.9,0.78,1.0,0.54,0.99,0.4,0.79,0.72
LA000555,TSI Riga,Latvia,Latvia,Female,23,B2,62.9,0.93,Low,Married,0.09,0,0.1,Tutoring,1,Completed,Engineering,2025-11-02T11:58:25Z,0.65,0.95,0.83,0.56,0.57,0.62,0.59,0.67,0.62,0.74,0.78,0.52,0.7,0.68,0.67,0.6,0.71,0.81,0.6,0.81,0.58,0.84,0.57,0.78,0.75,0.68,0.82,0.87,0.54,0.68,0.59,0.68
LA000268,TSI Riga,Vietnam,Latvia,Other,23,B1,73.7,0.96,Low,Other,0.13,0,0.6,LanguageMentor,1,Completed,Logistics,2025-11-02T11:58:25Z,0.71,0.84,0.41,0.57,0.7,0.43,0.9,0.73,1.0,0.66,0.9,0.73,0.7,0.75,0.7,0.75,0.65,0.93,0.73,0.74,0.7,0.69,0.81,0.86,0.81,0.9,0.77,0.81,0.96,0.79,0.66,0.62
SL000401,Slovak Tech,India,Slovakia,Prefer not to say,26,B2,77.0,0.94,High,Single,0.16,0,0.6,None,1,Completed,Engineering,2025-11-02T11:58:26Z,0.79,0.73,0.75,0.88,0.72,0.64,0.94,0.99,0.6,1.0,0.61,0.68,0.43,0.64,0.86,0.56,0.7,0.94,0.62,0.83,0.75,0.88,0.86,0.68,0.87,0.61,0.74,0.64,0.8,0.72,0.74,0.54
LA000482,TSI Riga,Latvia,Latvia,Prefer not to say,28,C2,62.1,0.89,High,Other,0.25,0,0.1,Tutoring,1,Completed,Engineering,2025-11-02T11:58:25Z,0.75,0.76,0.72,0.72,0.63,0.77,0.82,0.87,0.81,0.78,0.84,0.62,0.54,0.86,0.86,0.79,0.86,0.66,0.8,0.91,1.0,0.76,0.78,0.89,0.7,0.53,0.65,0.81,0.67,0.65,0.61,0.76
IT000409,Politecnico di Torino,Sri Lanka,Italy,Other,20,B2,70.9,0.77,High,Single,0.49,0,0.6,Tutoring,1,Completed,Economics,2025-11-02T11:58:25Z,0.68,0.77,0.57,0.86,0.74,0.47,0.75,0.97,0.82,0.66,0.8,0.72,0.82,0.57,0.79,0.59,0.62,0.52,0.79,0.71,0.76,0.68,0.83,0.62,0.68,0.53,0.83,0.63,0.83,0.87,0.41,0.86
LA000296,TSI Riga,Italy,Latvia,Prefer not to say,23,B2,67.9,0.95,Medium,Married,0.24,0,0.1,None,1,Completed,Logistics,2025-11-02T11:58:25Z,0.68,0.7,0.62,0.8,0.48,0.78,0.64,0.72,1.0,0.66,0.77,0.52,0.77,0.79,0.85,0.62,0.98,0.83,0.8,0.71,0.82,0.74,0.88,0.78,0.64,0.65,0.6,0.63,0.55,0.67,0.71,0.97
LA000251,Daugavpils University,Nigeria,Latvia,Prefer not to say,21,B1,75.4,0.89,High,Single,0.14,1,0.7,BuddyProgram,0,Dropped Out,Computer Science,2025-11-02T11:58:25Z,0.72,0.54,0.86,0.74,0.66,0.84,0.63,0.83,0.61,0.71,0.74,0.94,0.69,0.73,0.7,0.72,0.73,0.89,0.74,0.56,0.66,0.74,0.69,0.78,0.79,0.6,0.64,0.86,0.68,0.67,0.46,0.86
IT000484,Politecnico di Torino,Pakistan,Italy,Prefer not to say,18,A2,59.0,1.0,Low,Other,0.69,0,0.6,Tutoring,1,Completed,Computer Science,2025-11-02T11:58:25Z,0.69,0.64,0.81,0.91,0.68,0.29,0.8,0.76,0.83,0.93,0.73,0.54,0.41,0.59,0.65,0.6,0.56,0.71,0.52,0.45,0.44,0.69,0.25,0.41,0.82,0.87,0.74,0.71,0.7,0.71,0.81,0.89
IT000407,Politecnico di Torino,Pakistan,Italy,Prefer not to say,19,C2,69.4,0.82,High,Other,0.53,0,0.6,LanguageMentor,1,Completed,Business,2025-11-02T11:58:25Z,0.6,0.95,0.8,0.64,0.75,0.58,0.71,0.74,0.73,0.59,0.53,0.91,0.73,0.73,0.68,0.77,0.81,0.8,0.43,0.75,0.8,0.86,0.63,0.8,0.66,0.65,0.49,0.86,0.66,0.84,0.75,0.63
SL000275,Comenius University Bratislava,Pakistan,Slovakia,Other,19,A2,51.4,0.82,Medium,Single,0.43,1,0.6,None,0,Left Country,Data Science,2025-11-02T11:58:26Z,0.52,0.6,0.72,0.8,0.75,0.78,0.85,0.71,0.92,0.6,0.61,0.89,0.74,0.99,1.0,0.68,0.54,0.77,0.75,0.78,0.67,0.71,0.83,0.67,0.84,0.74,0.51,0.88,0.66,0.85,0.64,0.8
LA000289,TSI Riga,Vietnam,Latvia,Other,23,A2,46.2,0.87,Medium,Married,0.03,1,0.6,None,0,Left Country,Logistics,2025-11-02T11:58:25Z,0.96,0.75,0.74,0.85,0.78,0.59,0.76,0.61,0.97,0.86,0.81,0.92,0.83,0.97,0.78,0.84,1.0,0.74,0.67,0.67,0.88,0.71,0.71,0.74,0.66,0.69,0.66,0.79,0.85,0.53,0.75,0.94
LA000518,TSI Riga,Slovakia,Latvia,Prefer not to say,23,C2,70.6,0.81,Medium,Married,0.2,0,0.1,Tutoring,1,Completed,Engineering,2025-11-02T11:58:25Z,0.55,0.78,0.76,0.48,0.72,0.77,0.83,0.58,0.76,0.66,0.68,0.74,0.8,0.56,0.48,0.48,0.87,0.65,0.56,0.63,0.88,0.68,0.65,0.57,0.8,0.89,0.77,0.69,0.74,0.8,0.55,0.89
SL000312,Comenius University Bratislava,Vietnam,Slovakia,Other,30,B2,73.3,0.97,Medium,Other,0.72,0,0.6,BuddyProgram,1,Completed,Logistics,2025-11-02T11:58:26Z,0.71,0.67,0.7,0.69,0.78,0.61,0.64,0.78,0.77,0.68,0.67,0.73,0.47,0.51,0.74,0.61,0.52,0.64,0.53,0.41,0.4,0.47,0.74,0.35,0.77,1.0,0.71,0.5,0.75,0.53,0.82,0.8
LA000471,Daugavpils University,Sri Lanka,Latvia,Prefer not to say,23,B2,61.6,0.97,Medium,Married,0.09,0,0.6,BuddyProgram,1,Completed,Economics,2025-11-02T11:58:25Z,0.59,0.77,0.62,0.74,0.86,0.8,0.59,0.59,0.63,0.75,0.85,0.91,0.98,0.53,0.75,0.79,0.76,0.76,0.67,0.83,1.0,1.0,0.8,0.7,0.71,0.69,0.7,0.54,0.88,0.75,0.54,0.7
SL000173,Comenius University Bratislava,Bangladesh,Slovakia,Other,28,C2,91.6,0.95,Low,Other,0.16,0,0.6,LanguageMentor,1,Completed,Business,2025-11-02T11:58:26Z,0.8,0.69,0.93,0.94,0.7,0.7,0.81,0.75,0.95,0.51,0.51,0.84,0.87,0.89,0.7,0.74,0.75,0.56,0.66,0.71,0.72,0.48,0.63,0.83,0.87,0.87,0.62,0.92,0.7,0.71,0.82,0.66
IT000311,University of Messina,Italy,Italy,Prefer not to say,18,A2,68.0,0.78,Low,Other,0.06,1,0.1,Counseling,0,Dropped Out,Economics,2025-11-02T11:58:25Z,0.68,0.69,0.7,0.62,0.85,0.78,0.72,0.74,0.69,0.79,0.64,0.6,0.75,0.67,0.5,0.75,0.7,0.82,0.8,0.84,0.67,0.62,0.79,0.67,0.64,0.59,0.74,0.68,0.55,0.62,1.0,0.83
SL000007,Slovak Tech,USA,Slovakia,Male,26,B1,67.8,0.83,Low,Other,0.35,0,0.3,LanguageMentor,1,Completed,Computer Science,2025-11-02T11:58:25Z,0.81,0.71,0.79,0.67,0.45,0.95,0.53,0.74,0.79,0.55,0.66,0.53,0.66,0.78,0.95,0.69,0.84,0.78,0.9,0.66,0.8,0.84,0.65,0.84,0.89,0.68,0.74,0.79,0.7,0.51,0.71,0.63
LA000494,Daugavpils University,Italy,Latvia,Prefer not to say,27,A2,67.0,0.87,High,Other,0.39,0,0.1,LanguageMentor,0,Transferred,Computer Science,2025-11-02T11:58:25Z,0.67,0.62,0.83,0.91,1.0,0.8,0.71,0.53,0.6,0.81,0.72,0.7,0.75,0.84,0.69,0.75,0.56,0.6,0.64,0.54,0.64,0.89,0.75,0.87,0.78,0.59,0.68,0.8,0.53,0.69,0.77,0.62
IT000029,Politecnico di Torino,Sri Lanka,Italy,Other,19,C2,75.5,1.0,Low,Other,0.29,0,0.6,None,1,Completed,Computer Science,2025-11-02T11:58:25Z,0.68,0.5,0.56,0.8,0.94,0.91,0.64,0.89,0.94,0.64,0.74,0.75,0.89,0.83,0.88,0.52,0.58,0.56,0.79,0.82,0.55,0.69,0.64,0.55,0.75,0.82,0.89,0.76,0.84,0.78,0.53,0.67
LA000358,TSI Riga,Vietnam,Latvia,Male,20,C1,72.2,0.78,Medium,Other,0.04,0,0.6,None,1,Completed,Logistics,2025-11-02T11:58:25Z,0.6,0.87,0.8,0.6,0.58,0.65,0.61,0.95,0.78,0.83,0.74,0.7,0.92,0.84,0.72,0.72,0.59,0.85,0.72,0.65,0.72,0.59,0.62,0.89,0.87,0.7,0.73,0.41,0.78,0.75,0.75,0.82
IT000459,Politecnico di Torino,Vietnam,Italy,Female,22,C1,81.1,0.92,High,Married,0.09,0,0.6,Tutoring,1,Completed,Computer Science,2025-11-02T11:58:25Z,0.76,0.84,0.83,0.62,0.89,0.78,0.55,0.96,0.73,0.72,0.74,0.65,0.66,0.8,0.79,0.7,0.59,0.86,0.62,0.75,0.63,0.8,0.82,0.63,0.71,0.69,0.73,0.72,0.66,0.77,0.8,0.67
SL000260,Comenius University Bratislava,India,Slovakia,Prefer not to say,25,B2,63.6,0.96,Medium,Single,0.17,1,0.6,BuddyProgram,0,Dropped Out,Data Science,2025-11-02T11:58:26Z,0.89,0.62,0.79,0.61,0.82,0.93,0.78,0.74,0.9,0.65,0.7,0.48,0.66,0.7,0.62,0.82,0.77,0.81,0.91,0.81,0.74,0.79,0.8,0.78,0.6,1.0,0.66,0.96,0.67,0.73,0.59,0.63
LA000290,TSI Riga,Italy,Latvia,Prefer not to say,23,C1,65.2,1.0,Low,Other,0.05,0,0.1,Tutoring,1,Completed,Engineering,2025-11-02T11:58:25Z,0.81,0.78,0.79,0.76,0.84,0.32,0.58,0.51,0.61,0.59,0.87,0.63,0.67,0.77,0.72,0.7,0.58,0.61,0.73,0.77,0.7,0.68,0.56,0.75,0.72,0.7,0.74,0.47,0.7,0.55,0.67,0.73
IT000326,University of Messina,Slovakia,Italy,Prefer not to say,24,A2,72.3,0.82,High,Single,0.26,1,0.1,None,0,Dropped Out,Logistics,2025-11-02T11:58:25Z,0.55,0.73,0.73,0.66,0.89,0.62,0.42,1.0,0.83,0.72,0.66,0.68,0.8,0.65,0.87,0.72,0.55,0.8,0.78,0.77,0.81,0.73,0.65,0.8,0.9,0.77,0.7,0.65,0.55,0.87,0.62,0.71
LA000597,TSI Riga,India,Latvia,Other,20,B1,83.5,0.95,Medium,Single,0.35,0,0.6,BuddyProgram,0,Failed Exams,Computer Science,2025-11-02T11:58:25Z,0.63,0.91,0.61,0.67,0.78,0.78,0.67,0.59,0.76,0.88,0.72,0.69,0.69,0.84,0.49,0.68,0.75,0.87,0.72,0.82,0.66,0.72,0.72,0.67,0.55,0.77,0.61,0.89,0.74,0.46,0.62,0.59
SL000304,Slovak Tech,Brazil,Slovakia,Prefer not to say,25,A2,53.9,0.9,Medium,Other,0.5,0,0.5,BuddyProgram,1,Completed,Data Science,2025-11-02T11:58:26Z,1.0,0.59,0.54,0.56,0.64,0.85,0.85,0.77,0.45,0.65,0.82,0.78,0.6,0.81,0.64,0.61,0.91,1.0,0.74,0.61,0.54,0.88,0.76,0.7,1.0,0.72,0.84,0.87,0.62,0.92,0.78,0.63
IT000181,University of Messina,Brazil,Italy,Female,24,C2,77.8,0.92,Low,Other,0.4,0,0.5,None,1,Completed,Computer Science,2025-11-02T11:58:25Z,0.74,0.63,0.76,0.77,0.78,0.89,0.85,1.0,0.57,0.59,0.72,0.51,0.55,0.62,0.5,0.92,0.82,0.73,0.66,0.71,0.71,1.0,0.76,0.71,0.78,0.67,0.95,0.72,0.65,0.64,0.61,0.85
LA000514,Daugavpils University,Nigeria,Latvia,Prefer not to say,22,B2,72.9,0.79,Low,Other,0.28,0,0.7,Tutoring,1,Completed,Engineering,2025-11-02T11:58:25Z,0.72,0.59,0.6,0.85,0.78,0.72,0.61,0.72,0.83,0.82,0.78,0.65,0.77,0.79,0.61,0.65,0.48,0.84,0.67,0.56,0.67,0.54,0.62,0.85,0.7,0.8,0.79,0.78,0.56,0.42,0.61,0.39
LA000215,Daugavpils University,Slovakia,Latvia,Other,23,C2,70.9,0.73,Low,Other,0.39,0,0.1,None,1,Completed,Computer Science,2025-11-02T11:58:25Z,0.86,0.81,0.5,0.76,0.84,0.81,0.76,0.68,0.66,0.72,0.79,0.68,0.55,0.7,0.53,0.77,0.77,0.58,0.65,0.52,0.69,0.7,0.7,0.79,0.62,0.69,0.69,0.8,0.84,0.54,0.72,0.76
SL000061,Slovak Tech,Pakistan,Slovakia,Female,29,B1,78.1,0.92,High,Married,0.33,1,0.6,None,0,Dropped Out,Engineering,2025-11-02T11:58:25Z,0.66,0.67,0.99,0.75,0.75,0.85,0.61,0.86,0.63,0.64,0.91,0.72,0.8,0.88,0.98,0.85,0.69,0.93,1.0,0.76,0.68,0.88,0.84,0.76,0.72,0.83,0.85,0.48,0.89,0.79,0.89,0.76
LA000537,Daugavpils University,Sri Lanka,Latvia,Prefer not to say,27,C1,62.7,0.89,Medium,Other,0.39,0,0.6,BuddyProgram,1,Completed,Economics,2025-11-02T11:58:25Z,1.0,0.72,0.7,0.71,0.94,0.62,0.8,1.0,0.83,0.5,0.81,0.57,0.82,0.67,0.91,0.74,0.68,0.69,0.83,0.6,0.64,0.84,0.8,0.91,0.74,0.83,0.8,0.87,0.69,0.75,1.0,0.44
LA000354,Daugavpils University,Ukraine,Latvia,Other,19,A2,59.7,0.98,Medium,Other,0.24,0,0.1,None,1,Ongoing,Psychology,2025-11-02T11:58:25Z,0.58,0.62,0.86,0.59,0.87,0.76,0.69,0.91,0.7,0.78,0.46,0.85,0.98,0.69,0.83,0.77,0.45,0.68,0.76,0.89,0.68,0.6,0.71,0.81,0.67,0.61,0.75,0.65,0.76,0.78,0.49,0.86
IT000252,University of Messina,Latvia,Italy,Female,23,B2,65.1,0.89,Low,Other,0.33,0,0.1,LanguageMentor,1,Ongoing,Engineering,2025-11-02T11:58:25Z,0.94,0.81,0.57,0.64,0.68,0.7,0.73,0.64,0.82,0.56,0.64,0.5,0.78,0.68,0.76,0.71,0.85,0.86,0.87,0.74,0.95,0.81,0.74,0.62,0.66,0.73,0.64,0.69,0.68,0.36,0.59,0.98
SL000102,Slovak Tech,Spain,Slovakia,Other,23,B2,80.7,0.83,Low,Married,0.13,0,0.1,Tutoring,0,Failed Exams,Engineering,2025-11-02T11:58:26Z,0.58,0.67,0.92,0.56,0.58,0.77,0.65,0.81,0.78,0.85,0.63,0.67,0.66,0.9,0.8,0.62,0.72,0.69,0.95,0.67,0.96,0.69,0.68,0.89,0.6,0.81,0.47,0.7,0.67,0.71,0.79,0.68
IT000523,Politecnico di Torino,India,Italy,Other,20,C1,70.7,0.87,High,Married,0.36,1,0.6,LanguageMentor,0,Dropped Out,Economics,2025-11-02T11:58:25Z,0.61,0.76,1.0,0.78,0.95,0.75,0.59,0.72,0.59,0.77,0.67,0.77,0.72,0.69,0.76,0.61,0.8,0.87,0.92,0.4,0.77,0.82,0.64,0.77,0.92,0.89,0.61,0.99,0.78,0.81,0.98,0.68
LA000138,TSI Riga,Latvia,Latvia,Male,19,C2,67.6,0.88,Medium,Other,0.04,0,0.1,BuddyProgram,1,Ongoing,Engineering,2025-11-02T11:58:25Z,0.86,0.75,0.61,0.67,0.75,0.65,0.65,0.76,0.81,0.74,0.87,0.66,0.72,0.68,0.71,0.71,0.98,0.48,0.78,0.86,0.5,0.83,0.57,0.93,0.59,0.89,0.63,0.87,0.62,0.72,0.79,0.5
IT000253,University of Messina,Vietnam,Italy,Female,25,C2,72.8,0.87,Medium,Other,0.39,1,0.6,None,0,Left Country,Economics,2025-11-02T11:58:25Z,0.73,0.8,0.6,0.69,1.0,0.74,0.74,0.7,0.72,0.82,0.66,0.99,0.84,0.75,0.99,0.65,0.8,0.59,0.73,0.85,0.68,0.49,0.63,1.0,0.84,0.83,0.58,0.61,0.81,0.8,0.65,0.75
SL000371,Comenius University Bratislava,Pakistan,Slovakia,Male,25,A2,63.6,0.97,High,Married,0.26,1,0.6,LanguageMentor,0,Dropped Out,Business,2025-11-02T11:58:26Z,0.82,0.65,0.96,0.66,0.63,0.77,0.72,0.52,0.73,0.7,0.85,0.72,0.87,0.5,0.58,0.81,0.78,0.86,0.63,0.44,0.91,0.64,0.87,0.61,0.7,0.56,0.59,0.81,0.77,0.68,0.87,0.78
LA000483,Daugavpils University,Sri Lanka,Latvia,Prefer not to say,26,A2,76.7,1.0,Low,Married,0.17,0,0.6,None,1,Completed,Logistics,2025-11-02T11:58:25Z,0.43,0.8,0.52,0.79,0.76,0.54,0.72,0.66,0.94,0.69,0.93,0.99,0.86,0.71,0.84,0.79,0.76,0.69,0.76,0.85,0.74,0.75,0.83,0.83,0.81,0.52,0.71,0.78,0.75,0.78,0.65,0.67
IT000358,Politecnico di Torino,USA,Italy,Female,18,A2,74.1,0.9,Low,Other,0.5,0,0.3,Tutoring,1,Completed,English Philology,2025-11-02T11:58:25Z,0.82,0.82,0.74,0.77,0.74,0.81,0.71,0.71,0.89,0.7,0.83,0.8,0.72,0.64,0.51,0.5,0.73,0.81,0.54,0.59,0.7,0.62,0.6,0.73,0.66,0.68,0.73,0.73,0.82,0.84,0.57,0.79
LA000509,TSI Riga,India,Latvia,Male,25,B2,74.0,0.88,Low,Single,0.09,1,0.6,Tutoring,0,Dropped Out,English Philology,2025-11-02T11:58:25Z,0.65,0.74,0.89,0.79,1.0,0.67,0.79,0.52,0.99,0.65,0.67,0.52,0.45,0.51,0.61,0.57,0.79,0.56,0.78,0.72,0.7,0.69,0.56,0.48,0.48,0.69,0.88,0.9,0.83,0.68,0.88,0.98
SL000223,Slovak Tech,Pakistan,Slovakia,Other,21,C2,75.6,0.9,High,Married,0.17,0,0.6,Tutoring,1,Completed,Logistics,2025-11-02T11:58:26Z,0.59,0.86,0.63,0.76,0.82,1.0,0.67,0.89,0.55,0.69,0.85,0.75,0.56,0.72,0.6,0.75,0.71,0.53,0.72,0.63,0.8,0.81,0.63,0.76,0.78,0.61,0.65,0.88,0.65,0.77,0.7,0.97
SL000370,Comenius University Bratislava,Bangladesh,Slovakia,Female,24,B2,65.8,0.92,Medium,Other,0.35,0,0.6,None,1,Completed,Business,2025-11-02T11:58:26Z,0.52,0.77,0.69,0.64,0.9,0.68,0.55,0.85,0.85,0.84,0.58,0.92,0.65,0.84,0.7,1.0,0.66,0.7,0.84,0.69,1.0,0.54,0.93,0.72,0.74,0.61,0.77,0.83,0.73,0.87,0.85,0.7
LA000490,TSI Riga,Bangladesh,Latvia,Other,22,C2,63.1,0.68,Low,Married,0.09,0,0.6,BuddyProgram,1,Completed,Business,2025-11-02T11:58:25Z,0.7,0.78,0.78,0.81,0.62,0.63,0.55,0.54,0.69,0.73,0.66,0.69,0.58,0.54,0.57,0.68,0.76,0.78,0.61,0.81,0.8,0.79,0.86,0.86,0.54,0.69,0.83,0.95,0.85,0.79,0.69,0.76
IT000209,Politecnico di Torino,Nigeria,Italy,Female,22,B1,76.6,0.78,Medium,Single,0.32,1,0.7,None,0,Dropped Out,Data Science,2025-11-02T11:58:25Z,0.94,0.72,0.62,0.87,0.88,0.72,0.66,1.0,0.71,0.63,0.62,0.7,0.63,0.68,0.57,0.8,0.9,1.0,0.84,0.87,0.61,0.69,0.61,0.85,0.57,0.8,0.51,0.57,0.96,0.77,0.67,0.83
LA000291,Daugavpils University,Pakistan,Latvia,Prefer not to say,24,B2,54.7,0.76,Low,Married,0.36,0,0.6,BuddyProgram,1,Completed,Engineering,2025-11-02T11:58:25Z,0.55,0.66,0.89,0.43,0.67,0.78,0.68,0.75,0.59,0.7,0.76,0.74,0.5,0.7,0.62,0.87,0.89,0.49,0.76,0.9,0.62,0.69,0.66,0.79,0.67,0.73,0.88,0.78,0.73,0.78,0.78,0.81
IT000455,University of Messina,USA,Italy,Female,19,B1,87.4,0.86,High,Other,0.11,0,0.3,BuddyProgram,1,Completed,Engineering,2025-11-02T11:58:25Z,0.7,0.79,0.7,0.95,0.75,0.3,0.89,0.81,0.53,0.68,0.82,0.88,0.65,0.93,0.75,0.64,0.61,0.8,0.68,0.7,0.69,0.56,0.68,0.55,0.72,0.72,0.87,0.9,0.78,0.76,0.78,0.58
IT000386,University of Messina,Vietnam,Italy,Male,18,B2,60.7,0.78,Low,Single,0.49,0,0.6,LanguageMentor,0,Failed Exams,Data Science,2025-11-02T11:58:25Z,0.69,0.68,0.83,0.61,0.66,1.0,0.64,0.68,0.79,0.62,0.66,1.0,0.86,0.79,0.64,0.72,0.75,0.78,0.88,0.87,0.85,0.64,0.84,0.58,0.73,0.74,0.72,0.42,0.82,0.88,0.79,0.65
SL000166,Slovak Tech,Brazil,Slovakia,Prefer not to say,22,B1,68.3,0.93,Medium,Married,0.43,0,0.5,Counseling,1,Completed,Psychology,2025-11-02T11:58:26Z,0.7,0.65,0.53,0.68,0.66,0.95,0.94,0.81,0.57,0.45,0.75,0.55,0.65,0.83,0.72,0.74,0.63,0.89,0.75,0.42,0.73,0.68,0.63,0.76,0.52,0.82,0.57,0.57,0.56,0.79,0.65,0.71
IT000548,University of Messina,Latvia,Italy,Other,26,B1,72.1,0.88,Medium,Single,0.54,0,0.1,LanguageMentor,1,Completed,Business,2025-11-02T11:58:25Z,1.0,0.79,0.48,0.89,0.89,0.72,0.76,0.75,0.52,0.86,0.7,0.74,0.81,0.88,0.6,0.74,0.56,0.85,0.63,0.72,0.79,0.57,0.86,0.67,0.76,0.68,0.76,0.78,0.86,0.78,0.77,1.0
SL000311,Slovak Tech,Spain,Slovakia,Female,22,A2,74.9,0.86,Low,Other,0.4,0,0.1,Tutoring,0,Transferred,Engineering,2025-11-02T11:58:26Z,0.9,0.66,0.8,0.75,0.72,0.63,0.81,0.71,0.7,0.63,0.62,0.85,0.52,0.74,0.73,0.85,0.65,0.77,0.64,0.46,1.0,0.64,0.65,0.55,0.63,0.65,0.72,0.71,0.76,0.76,0.68,0.75
SL000121,Slovak Tech,Brazil,Slovakia,Male,26,A2,56.2,0.91,Low,Single,0.21,0,0.5,BuddyProgram,1,Completed,Logistics,2025-11-02T11:58:26Z,0.92,0.76,0.82,0.93,0.85,0.64,1.0,0.93,0.67,0.53,0.78,0.82,0.81,0.6,0.68,0.65,0.79,0.89,0.73,0.86,0.89,0.93,0.8,0.68,0.38,0.75,0.65,0.73,0.88,0.66,0.68,0.73
SL000212,Comenius University Bratislava,Slovakia,Slovakia,Prefer not to say,22,B1,75.9,0.98,Medium,Other,0.26,1,0.1,BuddyProgram,0,Dropped Out,Engineering,2025-11-02T11:58:26Z,0.56,0.74,1.0,0.68,0.83,0.73,0.78,0.94,0.71,0.8,0.73,0.67,0.72,0.75,0.52,0.3,0.72,0.69,1.0,0.65,0.69,0.84,0.77,0.79,0.65,0.61,0.64,0.99,1.0,0.68,0.75,0.67
